{"type": "FeatureCollection", "features": [{"type": "Feature", "properties": {"name": "10th Street Chiller Plant", "aka": [], "doors": []}, "geometry": {"type": "Polygon", "coordinates": [[[-84.4022932386701, 33.7807001257201], [-84.4022940457098, 33.7806423265232], [-84.4023613830174, 33.7806430337605], [-84.4023794900919, 33.7806432002436], [-84.402404266348, 33.7806431691454], [-84.402422838439, 33.7806435971144], [-84.4024585494047, 33.7806439256114], [-84.4024556140921, 33.7808545560742], [-84.4024528563516, 33.7810523656105], [-84.4022883518759, 33.7810507665182], [-84.4022917776371, 33.780810102024], [-84.4022932386701, 33.7807001257201]]]}}, {"type": "Feature", "properties": {"name": "10th Street Chiller Plant Addition", "aka": [], "doors": []}, "geometry": {"type": "Polygon", "coordinates": [[[-84.4022857815814, 33.7812351519032], [-84.4022883518759, 33.7810507665182], [-84.4024528563516, 33.7810523656105], [-84.4024556140921, 33.7808545560742], [-84.4026179251238, 33.7808561338923], [-84.4026178745194, 33.7808597306762], [-84.4026147085533, 33.7810869113851], [-84.4025999563036, 33.7810867682772], [-84.4024523970863, 33.7810853335647], [-84.4024500092706, 33.7812565860518], [-84.4022855044045, 33.7812549869574], [-84.4022857815814, 33.7812351519032]]]}}, {"type": "Feature", "properties": {"name": "14th Street Parking Deck", "aka": [], "doors": []}, "geometry": {"type": "Polygon", "coordinates": [[[-84.3954771705396, 33.7850438336011], [-84.3957443111376, 33.7850414021104], [-84.3958281845741, 33.7850415394109], [-84.3959077110524, 33.7850410193118], [-84.3959108457339, 33.7853753330045], [-84.3953448340488, 33.7853790323026], [-84.3952905358922, 33.7853793871831], [-84.3951276424961, 33.7853804507778], [-84.3947346589602, 33.785382105548], [-84.394731264555, 33.7850487056676], [-84.3954771705396, 33.7850438336011]]]}}, {"type": "Feature", "properties": {"name": "430 10th Street (GTRI) North", "aka": ["GTRI Research Building (North)", "GTRI Research Building North"], "doors": [[-84.4011, 33.781036, true], [-84.401733, 33.78091, true], [-84.401733, 33.78091, true]]}, "geometry": {"type": "Polygon", "coordinates": [[[-84.4011042481553, 33.7812634428198], [-84.4011042495176, 33.7812583944715], [-84.4011075471509, 33.7812583945182], [-84.4011662218874, 33.7812087796707], [-84.401167553736, 33.7811519045811], [-84.4011050911683, 33.7811515760441], [-84.401105266223, 33.7811282418768], [-84.401105549484, 33.7810907245283], [-84.4011069671518, 33.78090244982], [-84.4011897942489, 33.7809028649855], [-84.4012241746927, 33.7809030656286], [-84.4012472410832, 33.7809031867851], [-84.4013817370803, 33.7809038931047], [-84.4013957645809, 33.7809039665064], [-84.401485914843, 33.7809044396752], [-84.4014997879348, 33.7809045124573], [-84.4015771610893, 33.7809049188067], [-84.4017071855264, 33.7809055395119], [-84.4017598925402, 33.7809056014084], [-84.4017705916806, 33.7809054890566], [-84.4017706244687, 33.7809103759444], [-84.4017706204022, 33.7809124443404], [-84.4017705284171, 33.7809285723532], [-84.401770480988, 33.780936900997], [-84.4017698526767, 33.7810922540133], [-84.401769843534, 33.7810944405352], [-84.4017698411341, 33.7810951429261], [-84.4017698460237, 33.781131709386], [-84.4017698967994, 33.7811585920231], [-84.4017666755305, 33.7811584809455], [-84.4017667007069, 33.7811550492126], [-84.401707526097, 33.781154739061], [-84.4017070998664, 33.7812113689848], [-84.4017654297074, 33.7812621092014], [-84.401769165865, 33.7812621588875], [-84.4017691465165, 33.7812669331679], [-84.4011042481553, 33.7812634428198]]]}}, {"type": "Feature", "properties": {"name": "430 10th Street (GTRI) South", "aka": ["GTRI Research Building (South)"], "doors": [[-84.401733, 33.780437, true], [-84.401131, 33.780437, true], [-84.401733, 33.780437, true], [-84.401131, 33.780437, true]]}, "geometry": {"type": "Polygon", "coordinates": [[[-84.4015116595301, 33.7804612290277], [-84.4014985131878, 33.7804611548638], [-84.4014853552856, 33.7804611970335], [-84.4014458997452, 33.7804608582476], [-84.4014327480042, 33.780460784087], [-84.4013936372345, 33.7804605645481], [-84.4013870764806, 33.7804605274364], [-84.4013801863928, 33.7804604882458], [-84.4013801399631, 33.7804604883341], [-84.4013777881978, 33.7804604747741], [-84.4013669883427, 33.7804604583472], [-84.4013143787374, 33.7804603807688], [-84.4013012271465, 33.7804603615946], [-84.4012495828535, 33.7804602848582], [-84.4012486088858, 33.7804602776932], [-84.4012354592357, 33.7804601782613], [-84.4011828584782, 33.7804597814255], [-84.4011697066712, 33.7804596828924], [-84.4011574100532, 33.780459589946], [-84.401118149576, 33.7804595094586], [-84.4011171000399, 33.7804595078459], [-84.4011062494214, 33.7804594860827], [-84.4011062609904, 33.7804554096946], [-84.4011063255672, 33.7804335355082], [-84.401107756515, 33.7802453806743], [-84.4011850230735, 33.7802457189481], [-84.4012368091112, 33.780245951428], [-84.4012499618597, 33.7802460111813], [-84.4013025696196, 33.7802462519898], [-84.4013157212884, 33.7802463117381], [-84.4013674177116, 33.780246546137], [-84.4013683290411, 33.7802465498136], [-84.4013814817701, 33.7802466023397], [-84.4014340894442, 33.7802468115345], [-84.4014472410959, 33.7802468649573], [-84.4014998499066, 33.7802470948598], [-84.4015130015706, 33.7802471527838], [-84.4015656093017, 33.7802473826604], [-84.4015787620431, 33.7802474396737], [-84.4016313697743, 33.7802476695223], [-84.4016445214384, 33.7802477274323], [-84.4016971291699, 33.7802479572528], [-84.4017735751008, 33.780248291311], [-84.4017725354685, 33.7804364697481], [-84.4017724978213, 33.7804396842072], [-84.4017723064289, 33.7804561820877], [-84.4017722788368, 33.7804583343822], [-84.4017722339352, 33.7804624505064], [-84.4017615442081, 33.7804624311992], [-84.4017105239737, 33.7804623381388], [-84.4017089075417, 33.7804623294961], [-84.4016953649226, 33.7804622543046], [-84.401643320537, 33.7804619657053], [-84.4016300295069, 33.7804618918309], [-84.4015774193153, 33.7804615997728], [-84.4015642675742, 33.7804615256262], [-84.4015116595301, 33.7804612290277]]]}}, {"type": "Feature", "properties": {"name": "512 Means Street", "aka": [], "doors": []}, "geometry": {"type": "Polygon", "coordinates": [[[-84.404276240796, 33.7723876297925], [-84.4040589823462, 33.7723140532764], [-84.4042420104921, 33.7719001330442], [-84.4044620716855, 33.771967371668], [-84.404276240796, 33.7723876297925]]]}}, {"type": "Feature", "properties": {"name": "600 Means St", "aka": [], "doors": []}, "geometry": {"type": "Polygon", "coordinates": [[[-84.4075735878928, 33.7738680402079], [-84.4072035491907, 33.7741507282255], [-84.4068729576639, 33.7738517214977], [-84.4072675660115, 33.773549236092], [-84.4073966586748, 33.7736739400367], [-84.4073784262024, 33.7736869813122], [-84.4075735878928, 33.7738680402079]]]}}, {"type": "Feature", "properties": {"name": "755 Marietta St", "aka": [], "doors": []}, "geometry": {"type": "Polygon", "coordinates": [[[-84.4037321170209, 33.7734864515892], [-84.4035810116087, 33.773884892497], [-84.4033792982816, 33.7738316898469], [-84.4033140734745, 33.7737479937237], [-84.4034375045206, 33.7734574736091], [-84.4036556835063, 33.773515111338], [-84.4036728383943, 33.7734707630821], [-84.4037321170209, 33.7734864515892]]]}}, {"type": "Feature", "properties": {"name": "793 Marietta St", "aka": [], "doors": []}, "geometry": {"type": "Polygon", "coordinates": [[[-84.4046907139248, 33.7741294123514], [-84.4049915844269, 33.7743383847049], [-84.404783198688, 33.7745497149544], [-84.4047444633772, 33.7745253981897], [-84.4045054150499, 33.774359934361], [-84.4044955680612, 33.7743692286339], [-84.4044700144381, 33.7743514143412], [-84.4046907139248, 33.7741294123514]]]}}, {"type": "Feature", "properties": {"name": "830 W Peachtree St", "aka": [], "doors": []}, "geometry": {"type": "Polygon", "coordinates": [[[-84.3874292080933, 33.7775127828788], [-84.3874317067333, 33.7772472526539], [-84.3874359846773, 33.7772472810671], [-84.3876836368459, 33.7772506166114], [-84.3876833589309, 33.7772660065092], [-84.3880261299132, 33.7772682152266], [-84.3880243261177, 33.7773305073014], [-84.3880191244863, 33.7775229580609], [-84.3874292080933, 33.7775127828788]]]}}, {"type": "Feature", "properties": {"name": "831 Marieta St NW", "aka": ["Center for Advanced Brain Imaging"], "doors": [[-84.405952, 33.775055, true], [-84.406113, 33.775295, true]]}, "geometry": {"type": "Polygon", "coordinates": [[[-84.4057900726671, 33.7756136147131], [-84.4054914598973, 33.775396085121], [-84.4059038955697, 33.7750012508109], [-84.4061019331849, 33.7751455151914], [-84.4062149497693, 33.7752278439239], [-84.406190780966, 33.775251216573], [-84.4061269099473, 33.7753124184308], [-84.4061268886941, 33.7753187498727], [-84.4061269186294, 33.7753236881629], [-84.4061251755565, 33.7753281880838], [-84.4061107321371, 33.7753428400024], [-84.4061067526567, 33.7753460512931], [-84.4061016432188, 33.7753478861499], [-84.4060961658825, 33.7753482691588], [-84.4060908028766, 33.7753466692128], [-84.4060011487122, 33.775432816537], [-84.4059980597236, 33.7754355482216], [-84.4059843575659, 33.7754255745705], [-84.4059696217158, 33.7754399132646], [-84.4059382568495, 33.775469988272], [-84.4058240078134, 33.7755809930059], [-84.4058175448819, 33.7755872729133], [-84.4058085751668, 33.7755959885319], [-84.4057900726671, 33.7756136147131]]]}}, {"type": "Feature", "properties": {"name": "ACC Broadcast Center", "aka": [], "doors": [[-84.393064, 33.780001, false]]}, "geometry": {"type": "Polygon", "coordinates": [[[-84.3930631088122, 33.7800072430905], [-84.3930634797306, 33.7799824217422], [-84.3930756457139, 33.7799825490961], [-84.3930773152865, 33.7798710270456], [-84.3930777367806, 33.7798428586728], [-84.3930781582721, 33.7798146893982], [-84.3932147502325, 33.7798161148859], [-84.3932113849877, 33.7800410047188], [-84.3930747926703, 33.7800395792289], [-84.3930752710352, 33.7800075814378], [-84.3930631088122, 33.7800072430905]]]}}, {"type": "Feature", "properties": {"name": "Academy of Medicine", "aka": [], "doors": [[-84.386658, 33.778446, true], [-84.38662, 33.778309, true], [-84.386696, 33.778111, true]]}, "geometry": {"type": "Polygon", "coordinates": [[[-84.3866218721867, 33.7785480993718], [-84.3866339141444, 33.7784309343703], [-84.3865911236968, 33.7784282623996], [-84.3865614991372, 33.7784262540136], [-84.3865474867944, 33.7784163166272], [-84.3865293571546, 33.7784050124569], [-84.3865235697643, 33.7783940298255], [-84.3865202594249, 33.7783864780753], [-84.3864799372759, 33.7783838016686], [-84.3864855491597, 33.7783260787257], [-84.3865242266452, 33.7783291015903], [-84.3865341234248, 33.778318494956], [-84.3865389958997, 33.7783132729224], [-84.3865463928134, 33.7783101679782], [-84.3865748653711, 33.7782995471766], [-84.3865759839741, 33.7782991223085], [-84.3865850369337, 33.7783001367642], [-84.3866459314824, 33.7783041505849], [-84.3866571550102, 33.7781887046828], [-84.3868645283569, 33.7782031066029], [-84.3868607426751, 33.7782418807913], [-84.3868604648976, 33.7782447232943], [-84.3868565108728, 33.7782852244465], [-84.3868285318701, 33.7782832131884], [-84.3868245165178, 33.7783216956497], [-84.3868607239832, 33.7783240357563], [-84.3868495068647, 33.7784418863684], [-84.3868141221082, 33.778439544791], [-84.386812928164, 33.7784772062226], [-84.386838405067, 33.7784777937312], [-84.3868381183281, 33.7784927490438], [-84.3868317137935, 33.7785621534154], [-84.3867802282898, 33.7785587053722], [-84.3866732691237, 33.7785515413275], [-84.3866218721867, 33.7785480993718]]]}}, {"type": "Feature", "properties": {"name": "Aircraft Prototyping Lab", "aka": [], "doors": []}, "geometry": {"type": "Polygon", "coordinates": [[[-84.4035459922167, 33.7708244460343], [-84.4035474906066, 33.7711568539003], [-84.4035133222864, 33.7711570704542], [-84.4035132108954, 33.7711615225032], [-84.403509163985, 33.7711615359444], [-84.4035093499363, 33.7712028125955], [-84.4035133968466, 33.771202799901], [-84.403513557645, 33.7712093054745], [-84.4035134381691, 33.7712119324955], [-84.4034256934271, 33.7712123155716], [-84.4034256610878, 33.7712052051413], [-84.4034298310673, 33.7712030605122], [-84.403429645116, 33.7711617831145], [-84.4034255973074, 33.7711617958091], [-84.4034255766461, 33.7711572339897], [-84.4033781060732, 33.7711573818437], [-84.4033777153061, 33.7710706661588], [-84.4033812133458, 33.7710706549578], [-84.4033808710877, 33.770994736284], [-84.4033773676581, 33.7709938058473], [-84.4033766076833, 33.7708249732331], [-84.4035459922167, 33.7708244460343]]]}}, {"type": "Feature", "properties": {"name": "Allen Building", "aka": ["SEB"], "doors": [[-84.399048, 33.776211, true], [-84.398605, 33.776218, true], [-84.398819, 33.776066, true], [-84.398807, 33.776291, false]]}, "geometry": {"type": "Polygon", "coordinates": [[[-84.3985915787225, 33.7762057985625], [-84.3985945414423, 33.7761176510902], [-84.3986341239778, 33.7761185793329], [-84.3986361610871, 33.7760579781693], [-84.3987582084129, 33.7760608386642], [-84.3988747585958, 33.7760635705274], [-84.3989968059361, 33.7760664307863], [-84.3989947701603, 33.7761270319526], [-84.3990343527012, 33.7761279591653], [-84.3990318632916, 33.7762200856481], [-84.3990306169037, 33.7762391326905], [-84.3990284901422, 33.7763024182452], [-84.3988963562281, 33.7762993209304], [-84.3988792287382, 33.7762989194645], [-84.3988347838641, 33.7762978778234], [-84.3987812072828, 33.776296622519], [-84.3987351902499, 33.7762955441263], [-84.3987182128505, 33.7762951459624], [-84.3985886769125, 33.7762921101553], [-84.3985905211369, 33.7762372474706], [-84.3985915787225, 33.7762057985625]]]}}, {"type": "Feature", "properties": {"name": "Alpha Chi Omega", "aka": [], "doors": []}, "geometry": {"type": "Polygon", "coordinates": [[[-84.3928597457857, 33.7749273007258], [-84.3928589510168, 33.7748611145817], [-84.3928557196591, 33.7748611791115], [-84.3928527970784, 33.7748612376654], [-84.3928327427939, 33.7748616377844], [-84.3928331968508, 33.774881582406], [-84.3928160465015, 33.7748818149031], [-84.3927671855488, 33.7748824769785], [-84.3926755194361, 33.7748837187508], [-84.3926731128825, 33.7748837520109], [-84.3926713163325, 33.7748837760389], [-84.3926706563117, 33.7748491132191], [-84.3926382461853, 33.7748491725669], [-84.3926369932775, 33.7747856669701], [-84.3926369347343, 33.774782697034], [-84.3926676494377, 33.7747821205379], [-84.392833093596, 33.7747790142189], [-84.3928354333854, 33.7748037016836], [-84.3928452002535, 33.7748036837843], [-84.3928538064557, 33.7748036680114], [-84.3928581770374, 33.7748036600011], [-84.3928581718602, 33.7747938842947], [-84.3928669612934, 33.7747937482653], [-84.3929744793348, 33.774792079655], [-84.3929761795964, 33.7748630185518], [-84.3929849414562, 33.7748626589547], [-84.3929860089538, 33.7749635437899], [-84.3929866239969, 33.7749802322484], [-84.3929816090369, 33.7749803198887], [-84.3929833235884, 33.7750517618791], [-84.392890091858, 33.7750534602134], [-84.3928717375679, 33.7750536759904], [-84.3928629167118, 33.7750537796183], [-84.3928617299689, 33.775053720481], [-84.3928624640252, 33.775041754208], [-84.3928597928961, 33.7749304365867], [-84.3928597457857, 33.7749273007258]]]}}, {"type": "Feature", "properties": {"name": "Alpha Delta Pi", "aka": [], "doors": []}, "geometry": {"type": "Polygon", "coordinates": [[[-84.3927035963768, 33.7744695239203], [-84.3926809925929, 33.7744101383025], [-84.3927025064291, 33.7744043616862], [-84.3926988283957, 33.7743950841066], [-84.3928476873544, 33.7743540161137], [-84.3928852160258, 33.7744504638207], [-84.3928710539304, 33.7744542361453], [-84.39288002087, 33.7744764625751], [-84.3929041645218, 33.7745379299532], [-84.3928997913874, 33.7745390154446], [-84.3929047237962, 33.7745514825683], [-84.3929095303322, 33.774550155541], [-84.3929420313746, 33.774641394581], [-84.3929255945793, 33.7746460799482], [-84.3928933132141, 33.7746548418764], [-84.3928958062673, 33.7746618413429], [-84.3928614980016, 33.7746713075623], [-84.392859291027, 33.7746651136482], [-84.3928264653424, 33.7746734113039], [-84.3928066374634, 33.7746781894281], [-84.3927299210839, 33.7744628332288], [-84.3927035963768, 33.7744695239203]]]}}, {"type": "Feature", "properties": {"name": "Alpha Epsilon Pi", "aka": [], "doors": []}, "geometry": {"type": "Polygon", "coordinates": [[[-84.3921611983368, 33.7742504795715], [-84.3921618728274, 33.7741510422915], [-84.392178656712, 33.774151104494], [-84.3922837385499, 33.7741516310527], [-84.3922836306773, 33.774141782499], [-84.3924151929867, 33.7741423479936], [-84.392415135515, 33.7741529560411], [-84.3924301454604, 33.7741530124377], [-84.3924307625935, 33.7740050717615], [-84.3924309997288, 33.7739925726196], [-84.3924979900979, 33.7739926808778], [-84.3925395086751, 33.7739928339174], [-84.3925417172374, 33.7742510216931], [-84.3921668301698, 33.7742505495283], [-84.3921611983368, 33.7742504795715]]]}}, {"type": "Feature", "properties": {"name": "Alpha Gamma Delta", "aka": [], "doors": []}, "geometry": {"type": "MultiPolygon", "coordinates": [[[[-84.3927442485921, 33.7767341855457], [-84.3927342033057, 33.7767339325502], [-84.3927366090412, 33.7766604047195], [-84.3927375834642, 33.7766412833998], [-84.392823198802, 33.7766417802317], [-84.3928494492913, 33.7766419322899], [-84.3928470187267, 33.7767039217255], [-84.3928458532949, 33.7767362192391], [-84.392806519449, 33.7767359234479], [-84.3928054066654, 33.7767677177425], [-84.3927430831215, 33.7767664830583], [-84.3927442485921, 33.7767341855457]]], [[[-84.3928112454229, 33.7771825806354], [-84.392811833994, 33.77716783484], [-84.3927953379783, 33.7771674268646], [-84.3927964290501, 33.7771372285362], [-84.3927650886237, 33.777136677344], [-84.3927664986769, 33.7770898014735], [-84.3927979469899, 33.7770907374731], [-84.392798227345, 33.7770815554358], [-84.3928443017085, 33.7770825394595], [-84.3928445850892, 33.7770732780712], [-84.3928706823746, 33.7770738352472], [-84.3928703989967, 33.7770830966356], [-84.3929110701246, 33.7770839652085], [-84.392909607436, 33.7771317356159], [-84.392914723887, 33.7771315991029], [-84.3929143064413, 33.777156396203], [-84.3929136850992, 33.7771697589247], [-84.392909397531, 33.7771697649818], [-84.3929089218505, 33.7771847323772], [-84.3928886834859, 33.7771847271003], [-84.3928893380886, 33.7772000350514], [-84.3928436373741, 33.7771986887975], [-84.3928439654636, 33.7771834322425], [-84.3928112454229, 33.7771825806354]]], [[[-84.3929776210106, 33.7772256189612], [-84.3929428142, 33.7772253131087], [-84.3929452416955, 33.7771104363759], [-84.3929697697256, 33.7771100090992], [-84.3930117948192, 33.7771108697461], [-84.3930401334077, 33.7771113452334], [-84.3930405542175, 33.7770948189815], [-84.3930407616205, 33.7770866460263], [-84.3930410257627, 33.7770762359681], [-84.3931087197057, 33.7770777401594], [-84.3931025279792, 33.7773028020814], [-84.3930721749443, 33.7773020625136], [-84.393054275018, 33.7773019736285], [-84.3930548546677, 33.7772744117659], [-84.393055841458, 33.7772288224258], [-84.3930345784766, 33.7772288370856], [-84.3930353976812, 33.7771991658189], [-84.3929777790911, 33.777199098378], [-84.3929776210106, 33.7772256189612]]]]}}, {"type": "Feature", "properties": {"name": "Alpha Phi", "aka": [], "doors": []}, "geometry": {"type": "Polygon", "coordinates": [[[-84.3928124334168, 33.774281004107], [-84.3927811612652, 33.774280480663], [-84.392781101078, 33.7742829985702], [-84.3927394057741, 33.7742823018894], [-84.3927387230545, 33.7743111473028], [-84.3926037889123, 33.774308890745], [-84.3926101597643, 33.7740432355387], [-84.3926304607914, 33.7740440016656], [-84.3926311524942, 33.7740151554156], [-84.3927254791923, 33.7740167332193], [-84.3927247883878, 33.7740455794688], [-84.3927451891279, 33.7740457519593], [-84.3927443635762, 33.7740755121746], [-84.3927756357278, 33.7740760348731], [-84.3927734824661, 33.7741658172464], [-84.3927712851869, 33.7741657806575], [-84.3927706878073, 33.7741907013968], [-84.392783309137, 33.7741909119693], [-84.3927832444583, 33.7741936008758], [-84.3928145211015, 33.7741939525767], [-84.3928124334168, 33.774281004107]]]}}, {"type": "Feature", "properties": {"name": "Alpha Sigma Phi", "aka": [], "doors": []}, "geometry": {"type": "Polygon", "coordinates": [[[-84.3928436372966, 33.7771986890496], [-84.3928439651816, 33.7771834320364], [-84.392811245844, 33.7771825808156], [-84.3928118342405, 33.7771678345322], [-84.3927953375786, 33.7771674268421], [-84.3927964290317, 33.7771372286499], [-84.3927650886081, 33.7771366775961], [-84.3927664989631, 33.7770898014204], [-84.3927979471846, 33.7770907377644], [-84.3927982274589, 33.7770815557686], [-84.3928443020499, 33.7770825391539], [-84.3928445850192, 33.7770732780085], [-84.3928706819765, 33.7770738350362], [-84.3928703990072, 33.7770830969282], [-84.3929110702317, 33.7770839653239], [-84.3929096077744, 33.7771317352852], [-84.3929147236799, 33.7771315993885], [-84.3929143068616, 33.7771563960619], [-84.3929136852274, 33.7771697587397], [-84.3929093975686, 33.7771697647132], [-84.3929089214615, 33.777184732015], [-84.3928886833165, 33.7771847267882], [-84.3928893381883, 33.7772000353224], [-84.3928436372966, 33.7771986890496]]]}}, {"type": "Feature", "properties": {"name": "Alpha Tau Omega", "aka": [], "doors": []}, "geometry": {"type": "Polygon", "coordinates": [[[-84.3939869059172, 33.7763657022106], [-84.3939695722442, 33.7763044019515], [-84.3939659287299, 33.7762915159373], [-84.3939629010071, 33.7762808080822], [-84.3939557120812, 33.7762553857135], [-84.3940164078157, 33.7762434171867], [-84.394066371272, 33.7762335214682], [-84.3941765846538, 33.7762104957158], [-84.3941650355956, 33.7761686596051], [-84.3941692414944, 33.7761675942137], [-84.3942348508986, 33.7761535823938], [-84.3942421017137, 33.7761823741067], [-84.3942696332875, 33.7762950587133], [-84.3942165956584, 33.7763065056143], [-84.3942210334145, 33.7763208490298], [-84.3941618071326, 33.776333630042], [-84.394156143336, 33.7763153928452], [-84.3940425820952, 33.7763377800662], [-84.3940471204227, 33.776353828327], [-84.3939869059172, 33.7763657022106]]]}}, {"type": "Feature", "properties": {"name": "Alpha Xi Delta", "aka": [], "doors": []}, "geometry": {"type": "Polygon", "coordinates": [[[-84.3917080892877, 33.7779609926921], [-84.3917091698907, 33.7778585143619], [-84.3917671581308, 33.7778589712336], [-84.3917708562866, 33.7777260826162], [-84.391800523915, 33.7777260284969], [-84.3918004443745, 33.777695624033], [-84.3918979125743, 33.7776943227244], [-84.391898270305, 33.7777179678966], [-84.3919036510966, 33.7777177434828], [-84.3919028908099, 33.7777948289072], [-84.3919046257307, 33.7778277522699], [-84.3919309214059, 33.7778277042734], [-84.3919417852096, 33.7778564002565], [-84.3919398380517, 33.7778851205264], [-84.3919271472436, 33.7779116630814], [-84.3919008010421, 33.7779122178978], [-84.3919018869088, 33.777960353314], [-84.3918827224702, 33.7779606741138], [-84.3918853643859, 33.7780158846584], [-84.3917695884296, 33.7780149345676], [-84.3917687762335, 33.7779620081741], [-84.3917532539431, 33.7779619950106], [-84.3917080892877, 33.7779609926921]]]}}, {"type": "Feature", "properties": {"name": "Alumni Park", "aka": ["Stamps Field - Field"], "doors": [[-84.4048, 33.776501, true]]}, "geometry": {"type": "Polygon", "coordinates": [[[-84.4050868674502, 33.7764662374984], [-84.4052181422275, 33.7764591565061], [-84.4052216871969, 33.7765095006009], [-84.4052149671334, 33.776536798479], [-84.4052069306267, 33.77655114577], [-84.4051817086535, 33.776589783417], [-84.4051764894673, 33.7766030883612], [-84.40517445732, 33.7766186286523], [-84.4051770772641, 33.7766402551192], [-84.4051945078882, 33.7766806515007], [-84.4052530435702, 33.7768064044407], [-84.4052416664556, 33.776829342819], [-84.4052404477381, 33.7768380145576], [-84.4052398591437, 33.7768492565891], [-84.4052365527724, 33.7768491592909], [-84.4052378306651, 33.7768879296534], [-84.4052262709672, 33.7771083139038], [-84.4052240797322, 33.7771443661791], [-84.4052237699558, 33.7771494674222], [-84.4052204653823, 33.7771656034593], [-84.4052149015554, 33.7771772851952], [-84.4051603313931, 33.7771785105184], [-84.405124619137, 33.7771772000016], [-84.4051429433421, 33.7771975383173], [-84.4051419799795, 33.77722082714], [-84.4050819716438, 33.7772218167863], [-84.4050314309766, 33.7772226501641], [-84.4049096744405, 33.7772248671083], [-84.4048452997498, 33.7772262672054], [-84.4048246740476, 33.7772127101019], [-84.4048169326227, 33.777204978049], [-84.4048128454011, 33.7771966159026], [-84.4048401960722, 33.7769083690464], [-84.4048460881398, 33.7769083811178], [-84.4048464030902, 33.7767998062978], [-84.40484992593, 33.7767279207129], [-84.4048572148739, 33.7765792026086], [-84.4048102175137, 33.7764791143711], [-84.4050169480036, 33.7764700089206], [-84.4050728937091, 33.7764669912254], [-84.4050868674502, 33.7764662374984]]]}}, {"type": "Feature", "properties": {"name": "Aquatics Center", "aka": [], "doors": []}, "geometry": {"type": "Polygon", "coordinates": [[[-84.4042409355582, 33.7760128682526], [-84.4042425765517, 33.7759889496759], [-84.4039810919216, 33.7759745881427], [-84.4039794728293, 33.7759962949217], [-84.4039776943119, 33.7760173537193], [-84.4039771682509, 33.7760266633862], [-84.4038914068019, 33.7760219142663], [-84.4038920584436, 33.7760135060104], [-84.4038934485901, 33.7759968660553], [-84.4038952816718, 33.7759697426424], [-84.4037237966596, 33.7759617995057], [-84.4037220706163, 33.7759831160716], [-84.4037075981083, 33.7759822990225], [-84.4035780528598, 33.7759749829175], [-84.4035833198677, 33.7759099429572], [-84.4035920297812, 33.775829507891], [-84.4035707141342, 33.7758283045313], [-84.4035843149435, 33.7756603403168], [-84.403606724463, 33.7756616064931], [-84.4036265971082, 33.7754026400067], [-84.4037244383668, 33.7754080495619], [-84.4037294313164, 33.7754074142245], [-84.4037335986567, 33.775355953442], [-84.4038211205911, 33.7753599788706], [-84.4038248236463, 33.7753006971449], [-84.403949753618, 33.7753077513723], [-84.4039500226127, 33.7753140714364], [-84.4039953857325, 33.7753166332627], [-84.4039956258823, 33.7753136663654], [-84.4040792487479, 33.7753183879714], [-84.4040748696804, 33.7753724747836], [-84.404248672512, 33.7753822884103], [-84.4042530525528, 33.7753282024921], [-84.4043366743684, 33.7753329248272], [-84.4043322954596, 33.775387010746], [-84.4044202897289, 33.7753919797714], [-84.4044246696598, 33.775337892946], [-84.404508254965, 33.7753430714711], [-84.4045039126922, 33.7753967010892], [-84.4045675861474, 33.7754002967756], [-84.4045979196961, 33.7754020091427], [-84.4045935962779, 33.7754554097072], [-84.4046903354246, 33.7754608720151], [-84.4046895354465, 33.7754843255283], [-84.4047188031968, 33.7754859786088], [-84.4048279070928, 33.7755815542117], [-84.4048034430641, 33.7756010284153], [-84.4047869436905, 33.7756000972872], [-84.4047850604659, 33.7756132857787], [-84.4047924748492, 33.77563789018], [-84.4048020381919, 33.7756696423381], [-84.4048059501398, 33.7756857049338], [-84.4048144200032, 33.7757472028977], [-84.4048131516328, 33.7757843741465], [-84.4048121508604, 33.7758136806699], [-84.4048011967491, 33.7758755488237], [-84.4048327258942, 33.7758773291544], [-84.4048268501229, 33.7759499000366], [-84.4047719545725, 33.7759468005898], [-84.4047654700612, 33.7759570261127], [-84.4047599971461, 33.775965658268], [-84.4047427635237, 33.7759928375516], [-84.4047122796603, 33.7759911164943], [-84.4046476997467, 33.7759874703361], [-84.4046438377894, 33.776035166157], [-84.4045678651325, 33.7760308765064], [-84.404539498899, 33.7760292748505], [-84.4044998198652, 33.7760270340793], [-84.4045016866901, 33.7760039851583], [-84.4043260192903, 33.7759934956372], [-84.4043243050558, 33.7760213807231], [-84.4043225436953, 33.7760376742616], [-84.4043219094695, 33.7760457272353], [-84.4042387084819, 33.7760411618713], [-84.4042392905621, 33.7760337726143], [-84.4042409355582, 33.7760128682526]]]}}, {"type": "Feature", "properties": {"name": "Architecture East", "aka": [], "doors": [[-84.395485, 33.776077, true], [-84.395706, 33.7761, true], [-84.395485, 33.776077, true], [-84.395706, 33.7761, true], [-84.395477, 33.776188, true], [-84.395477, 33.776188, true]]}, "geometry": {"type": "Polygon", "coordinates": [[[-84.3949713288227, 33.776221302221], [-84.3949726051201, 33.7761077755357], [-84.3949729212705, 33.7760796145488], [-84.394972972875, 33.7760750538964], [-84.3949756873321, 33.7760750786292], [-84.3950133798379, 33.7760754182428], [-84.3950560605945, 33.7760761606684], [-84.3950552286528, 33.7761190754435], [-84.3953458700525, 33.7761204947163], [-84.3953457358678, 33.7760813722757], [-84.395403303028, 33.7760822772446], [-84.3954423707381, 33.7760828909854], [-84.3954438618485, 33.7760166961291], [-84.3954442066794, 33.7760014133865], [-84.3954467988394, 33.775886383905], [-84.3954471590584, 33.7758703915331], [-84.3954474945814, 33.7758507953031], [-84.3951851222897, 33.775846672166], [-84.3951859945163, 33.775807975243], [-84.3951871903664, 33.7757549378429], [-84.3951596143025, 33.7757547995554], [-84.3951580085694, 33.775754720478], [-84.3951580068506, 33.77575447974], [-84.3951682065916, 33.7757173813075], [-84.395188029736, 33.7757176926403], [-84.3951882315865, 33.7757087262364], [-84.3953851014574, 33.7757118202726], [-84.3954591378096, 33.775712984123], [-84.3954591591313, 33.7757242538351], [-84.3955257851627, 33.7757253006437], [-84.3955265887618, 33.7757140438283], [-84.3956193685116, 33.7757155019257], [-84.3956162599058, 33.7758534478632], [-84.3955669789171, 33.7758526727904], [-84.395566609108, 33.7758691105966], [-84.3955626106874, 33.7760634682472], [-84.3955621296554, 33.7760847733776], [-84.3956050693696, 33.7760854475092], [-84.3956695016205, 33.7760864604398], [-84.3956688199583, 33.7761167563169], [-84.3957760991094, 33.7761176319714], [-84.3957806745288, 33.7761174837211], [-84.3957796698068, 33.7761671476873], [-84.395749388767, 33.7761669469298], [-84.3957170470725, 33.7761669393363], [-84.3956681445539, 33.7761668524643], [-84.3956664974579, 33.7762198077502], [-84.3956648454298, 33.7762197819628], [-84.3956582510995, 33.7762199889558], [-84.3954873027471, 33.7762184756827], [-84.3954874176994, 33.7762093246015], [-84.3954627370663, 33.776209107078], [-84.3954626221139, 33.7762182590608], [-84.3950541629227, 33.7762146678774], [-84.3949745409437, 33.7762139676496], [-84.3949746819973, 33.7762211472452], [-84.3949713288227, 33.776221302221]]]}}, {"type": "Feature", "properties": {"name": "Architecture West", "aka": ["West Architecture"], "doors": [[-84.396362, 33.77607, true], [-84.396362, 33.77607, true], [-84.39576, 33.776112, true], [-84.39576, 33.776112, true], [-84.395859, 33.776028, true], [-84.39632, 33.776264, false]]}, "geometry": {"type": "MultiPolygon", "coordinates": [[[[-84.3958357931993, 33.775945754588], [-84.3958411202861, 33.7759464921654], [-84.3958455120666, 33.7759483414133], [-84.3958495701627, 33.7759509811281], [-84.3958530502417, 33.7759551024292], [-84.3958549485386, 33.7759592203561], [-84.3958563672704, 33.7760026007175], [-84.3958563254044, 33.7760026918621], [-84.3958563422755, 33.7760033509385], [-84.3958567035082, 33.7760189867203], [-84.3958360400337, 33.7760189890272], [-84.3958302810183, 33.7760186417654], [-84.3958249691929, 33.7760171494763], [-84.3958212607366, 33.7760148463295], [-84.3958167932538, 33.776009707994], [-84.3958154907316, 33.7760059108501], [-84.3958155520118, 33.7760033788969], [-84.3958145736401, 33.7759619579093], [-84.3958152983449, 33.7759575799438], [-84.3958177746244, 33.7759537153727], [-84.395820907047, 33.7759501363086], [-84.3958251173897, 33.7759479131311], [-84.3958301045293, 33.7759462781916], [-84.3958357931993, 33.775945754588]]], [[[-84.3957809863542, 33.7760841472572], [-84.3958814775447, 33.7760851048493], [-84.3958827135327, 33.7760237847941], [-84.3958827212881, 33.7760230481299], [-84.3958814811546, 33.7760041644261], [-84.3958826188414, 33.7759209353055], [-84.3958880649878, 33.775920972076], [-84.396278827101, 33.7759236151375], [-84.3963823373649, 33.775924315144], [-84.3963796990057, 33.776068896378], [-84.3963796709578, 33.7760713326945], [-84.3963794624026, 33.7760898764615], [-84.3963795273702, 33.7761214981842], [-84.3963777791163, 33.7762581504309], [-84.3963450641146, 33.776257853365], [-84.3962755786091, 33.7762572207684], [-84.3958190467521, 33.7762530669489], [-84.3957786876019, 33.7762524440037], [-84.3957787119221, 33.7762506289327], [-84.3957796698068, 33.7761671476873], [-84.3957806745288, 33.7761174837211], [-84.3957809863542, 33.7760841472572]]]]}}, {"type": "Feature", "properties": {"name": "Armstrong Residence Hall", "aka": [], "doors": [[-84.403481, 33.779152, true]]}, "geometry": {"type": "Polygon", "coordinates": [[[-84.4035026389559, 33.7792696172128], [-84.4035029790115, 33.7792511543431], [-84.4034537849511, 33.7792505229159], [-84.4034544819778, 33.7792126738531], [-84.4034549909941, 33.7791849786489], [-84.4034575235083, 33.7790474304498], [-84.4035067174525, 33.779048061876], [-84.4035070575066, 33.7790295990057], [-84.4036209672884, 33.7790310610156], [-84.4036706698046, 33.7790316995148], [-84.4036703297856, 33.7790501623855], [-84.4037195237324, 33.7790507937268], [-84.4037177180688, 33.779153762197], [-84.4037157857911, 33.7792538852965], [-84.4036665917282, 33.7792532539541], [-84.4036662517077, 33.779271716824], [-84.4035026389559, 33.7792696172128]]]}}, {"type": "Feature", "properties": {"name": "Army Office", "aka": [], "doors": []}, "geometry": {"type": "Polygon", "coordinates": [[[-84.3946287230266, 33.7738328831438], [-84.3946064108099, 33.7738326619742], [-84.3945949403351, 33.7738326876672], [-84.3945521573453, 33.7738324664232], [-84.3945445321018, 33.7738322668113], [-84.3945162082566, 33.7738320612337], [-84.3944449044463, 33.7738314553031], [-84.3944410674204, 33.7738315173855], [-84.3944230871206, 33.773831383763], [-84.3943838558963, 33.7738310152481], [-84.3943839381793, 33.7738233474429], [-84.3943847667899, 33.7737451816529], [-84.3944700007176, 33.7737458421536], [-84.3945188271226, 33.7737462461242], [-84.3946347297218, 33.7737470311181], [-84.3946338190774, 33.7738328647141], [-84.3946287230266, 33.7738328831438]]]}}, {"type": "Feature", "properties": {"name": "Baker Building", "aka": ["Baker Building GTRI"], "doors": [[-84.399452, 33.77969, true], [-84.399452, 33.77969, true]]}, "geometry": {"type": "Polygon", "coordinates": [[[-84.3996628431272, 33.7803593666202], [-84.3993440849143, 33.7803565553012], [-84.3993438856048, 33.7803722940037], [-84.3993089230919, 33.7803719857354], [-84.3993093038314, 33.7803418779727], [-84.3993267856228, 33.7803420325579], [-84.3993284989244, 33.7802065489768], [-84.3993110171605, 33.7802063943917], [-84.3993113784615, 33.7801778834898], [-84.3993288591398, 33.7801780380769], [-84.3993305877108, 33.7800414147758], [-84.3993131059829, 33.7800412610926], [-84.3993130738757, 33.7800353760735], [-84.399313464939, 33.7800150782585], [-84.3993134662031, 33.7800127501919], [-84.3993309479252, 33.7800129038752], [-84.399332670164, 33.7798767359164], [-84.3993151884695, 33.7798765822333], [-84.3993155523909, 33.779847843207], [-84.3993330329998, 33.7798479968922], [-84.399334755236, 33.7797118298314], [-84.3993172746523, 33.7797116752447], [-84.3993176401154, 33.779682708097], [-84.3994299910342, 33.7796843833905], [-84.399464251411, 33.7796846857366], [-84.3995501296449, 33.7796854424837], [-84.3995574494817, 33.7796855071135], [-84.3995577323487, 33.779663154637], [-84.3996273825359, 33.7796637688381], [-84.3996271033884, 33.7796858931899], [-84.3996333894132, 33.7796861770648], [-84.399682821684, 33.7796865715286], [-84.3996828296609, 33.779685928636], [-84.3997027688985, 33.7796861037742], [-84.3997024024854, 33.7797150709246], [-84.3996881990404, 33.779714946268], [-84.3996852860687, 33.7798517918194], [-84.3996997040401, 33.7798521793534], [-84.3996997816167, 33.7798808255783], [-84.3996858636984, 33.7798816822809], [-84.3996847379297, 33.7800166111493], [-84.3996981603086, 33.780016171044], [-84.3996983074145, 33.7800389933696], [-84.3996982363708, 33.780044656777], [-84.3996839736851, 33.7800446061673], [-84.3996840083234, 33.7800458341513], [-84.3996834717616, 33.7800761676233], [-84.3996823059389, 33.78018115452], [-84.3996965094608, 33.780181279177], [-84.3996961482875, 33.7802097900794], [-84.3996819447584, 33.7802096645208], [-84.3996802320133, 33.7803451481045], [-84.399698260178, 33.7803453070153], [-84.3996978795746, 33.7803754147784], [-84.3996626438735, 33.7803751044212], [-84.3996628431272, 33.7803593666202]]]}}, {"type": "Feature", "properties": {"name": "Baptist Student Union", "aka": [], "doors": []}, "geometry": {"type": "Polygon", "coordinates": [[[-84.3923317320662, 33.7749378879801], [-84.3923117259398, 33.774937720787], [-84.3921533207297, 33.7749382230996], [-84.39214855715, 33.7749382381145], [-84.3921334708844, 33.7749342416021], [-84.3921364280245, 33.7748109541601], [-84.3921376181184, 33.7746025124722], [-84.3923766995142, 33.7746045072061], [-84.3923748872954, 33.7747690025897], [-84.3923747109675, 33.7747836953392], [-84.392374324574, 33.774802274595], [-84.3924531245537, 33.7748029329249], [-84.3924523272946, 33.7749394039908], [-84.3923317320662, 33.7749378879801]]]}}, {"type": "Feature", "properties": {"name": "Barnes & Noble Bookstore", "aka": [], "doors": []}, "geometry": {"type": "MultiPolygon", "coordinates": [[[[-84.3883027838883, 33.7761736438812], [-84.3882964147915, 33.7761732721172], [-84.3883027904849, 33.7761732705853], [-84.3883027838883, 33.7761736438812]]], [[[-84.3883245660234, 33.7761749139595], [-84.3883251506237, 33.7761474305454], [-84.3883271503257, 33.7761474603149], [-84.3883322667366, 33.7761431358168], [-84.388352446978, 33.7761345032145], [-84.3883474665789, 33.7761262395004], [-84.3883930882648, 33.7761063770927], [-84.3884248642888, 33.7761068483664], [-84.388462892811, 33.7760905196279], [-84.388462180225, 33.7761240452453], [-84.3884962420911, 33.7761245502618], [-84.3884975969166, 33.7760607964957], [-84.3886141506952, 33.7760625245863], [-84.3886143048042, 33.7760552948604], [-84.3886636411374, 33.7760557353918], [-84.388651233425, 33.776639385542], [-84.3886316228472, 33.7766390953187], [-84.3886304509237, 33.776694188381], [-84.3885376596347, 33.7766928125127], [-84.3885374266798, 33.7767038040728], [-84.3883235468275, 33.7767006322923], [-84.3883251387492, 33.7766257553252], [-84.3883083571402, 33.7766255059535], [-84.3883082291081, 33.7766315517621], [-84.3882942686471, 33.7766308239544], [-84.3882950883, 33.7765868579162], [-84.3883049594019, 33.7765869862563], [-84.3883052545028, 33.776571186073], [-84.3882953823229, 33.7765710577349], [-84.3882963897075, 33.7765169757219], [-84.3882972993575, 33.7764681270741], [-84.3882996858937, 33.7763399745491], [-84.388300014092, 33.7763223520664], [-84.3883008487884, 33.7762775213144], [-84.3883023665143, 33.7761960488886], [-84.3883027838883, 33.7761736438812], [-84.3883245660234, 33.7761749139595]]]]}}, {"type": "Feature", "properties": {"name": "Beta Theta Pi", "aka": [], "doors": []}, "geometry": {"type": "Polygon", "coordinates": [[[-84.3944857979685, 33.7757075787542], [-84.394460818858, 33.7756438960796], [-84.3944388444328, 33.7756499127897], [-84.3944046146627, 33.7755626374103], [-84.3943613549517, 33.7754523351522], [-84.394390122235, 33.7754432412054], [-84.3943679716925, 33.7753875698805], [-84.3944725217019, 33.7753595528469], [-84.3944738892471, 33.7753634671003], [-84.3945193783304, 33.7753513027854], [-84.3945394514463, 33.7754036481171], [-84.394566938887, 33.7753976798159], [-84.3945753297682, 33.7754190776616], [-84.394557624677, 33.7754239188686], [-84.3945595030921, 33.7754287112887], [-84.3945231682772, 33.7754386505706], [-84.3945406587558, 33.7754832437547], [-84.3945290668237, 33.7754864146297], [-84.3945511739703, 33.7755427739653], [-84.3945612273672, 33.7755400242961], [-84.3945851086064, 33.7756009075452], [-84.3945676688982, 33.7756056779347], [-84.3945768054929, 33.7756289696756], [-84.3945980988581, 33.7756768612843], [-84.3944857979685, 33.7757075787542]]]}}, {"type": "Feature", "properties": {"name": "Biltmore", "aka": [], "doors": []}, "geometry": {"type": "Polygon", "coordinates": [[[-84.3869647916844, 33.7763848838069], [-84.3871819019121, 33.7763992546391], [-84.3871782799049, 33.7764373792221], [-84.3871863773189, 33.7764379138532], [-84.3871633876341, 33.7766359937033], [-84.3871591080601, 33.7766356980142], [-84.3871392103765, 33.7768073610734], [-84.387162942968, 33.7768092703553], [-84.3871369214692, 33.7770829319106], [-84.3871129921467, 33.7770813534167], [-84.3870961990408, 33.7772579302593], [-84.3871006106671, 33.7772582797076], [-84.3870817352664, 33.7774569565003], [-84.3870773245383, 33.7774566063061], [-84.3870738309902, 33.7774933841503], [-84.3868559284483, 33.7774789321134], [-84.3868606293322, 33.7774384156224], [-84.38675892206884, 33.7774316634365], [-84.3867558696004, 33.777461302193], [-84.3861432419328, 33.7774207580664], [-84.3861749659371, 33.7770848262526], [-84.3867721201239, 33.77712411984], [-84.3867747467978, 33.7770960004057], [-84.3868388793226, 33.7771004416925], [-84.3868269856282, 33.7772029511267], [-84.3868682335711, 33.7768474477706], [-84.3869204400621, 33.7768516687973], [-84.3869561400099, 33.7764761407156], [-84.3869575180255, 33.7764616003974], [-84.3869647916844, 33.7763848838069]]]}}, {"type": "Feature", "properties": {"name": "Bobby Dodd Stadium", "aka": ["Campus Recreation Center (CRC)"], "doors": [[-84.393707, 33.771873, true], [-84.392143, 33.772442, true], [-84.393715, 33.773331, true], [-84.392235, 33.773663, true], [-84.39286, 33.773605, true], [-84.40303, 33.775452, true]]}, "geometry": {"type": "MultiPolygon", "coordinates": [[[[-84.3932588325073, 33.7719366433707], [-84.3934745351685, 33.7719378250507], [-84.3934745823856, 33.7719405840217], [-84.3934934338763, 33.7719408324955], [-84.3936293075266, 33.7719423634667], [-84.3936282259875, 33.7718794111513], [-84.3938259630001, 33.7718822274915], [-84.3938174556155, 33.7730937525014], [-84.3936218456542, 33.7730940754043], [-84.3936208308406, 33.773078136051], [-84.3932511637956, 33.7730776981432], [-84.3932572138887, 33.7721412214558], [-84.3932588325073, 33.7719366433707]]], [[[-84.3923501430141, 33.7731343534959], [-84.3921064948598, 33.773132135318], [-84.3921062307695, 33.7730745887171], [-84.3920644238213, 33.7730754657448], [-84.3920652365909, 33.7728881981995], [-84.3920656553179, 33.7727916502603], [-84.3920667246115, 33.7725452581588], [-84.3920670361605, 33.7724733372535], [-84.3920688118498, 33.7721392400758], [-84.3920693974651, 33.7719291358525], [-84.392098483253, 33.7719286445254], [-84.3920987809119, 33.7718539032679], [-84.3921061599186, 33.7718541431539], [-84.392110283052, 33.7716294500262], [-84.3921796092997, 33.7716296596879], [-84.392179597033, 33.7716323953254], [-84.3922008076681, 33.7716681458769], [-84.3922093697661, 33.7716646029641], [-84.3922281556063, 33.7716962680441], [-84.3922897996889, 33.7716707603126], [-84.3922941634974, 33.7716781143311], [-84.3923064010711, 33.7716730508169], [-84.3923203661518, 33.7716960156307], [-84.3923737345801, 33.7717882400876], [-84.3923736630075, 33.7718185889536], [-84.3932619579482, 33.7718209222076], [-84.393197110999, 33.7719749488861], [-84.3925463132619, 33.7719737577213], [-84.3925314549, 33.7719737208968], [-84.3925150933547, 33.7719793311683], [-84.3925025706974, 33.7719897357147], [-84.392495747291, 33.7720033306991], [-84.3924918650324, 33.77300628318], [-84.3924957821374, 33.7730141230961], [-84.3924985302984, 33.773019623559], [-84.3925090839906, 33.7730290490592], [-84.3925254798549, 33.7730352070976], [-84.3925364574129, 33.7730358208694], [-84.3925364615567, 33.7730991150792], [-84.3925748738134, 33.7730993937127], [-84.3925755252898, 33.7730366203598], [-84.3931897068774, 33.7730416763254], [-84.3932124363886, 33.7731480151963], [-84.3932454595473, 33.7731481150679], [-84.3933117371131, 33.7731254286113], [-84.393340058803, 33.7731019462504], [-84.3934145885915, 33.7731646374028], [-84.3935403828157, 33.7732704513952], [-84.3935682194446, 33.7732894602559], [-84.3937514754214, 33.7734480304631], [-84.393640753748, 33.7735398618849], [-84.3935015737859, 33.7735875023237], [-84.3933594962613, 33.7736361343358], [-84.393344866385, 33.7736360521075], [-84.3931521990165, 33.7736349704009], [-84.3927816216318, 33.7736345571074], [-84.3926203690169, 33.7736340337403], [-84.3926054833458, 33.7736339852539], [-84.3923792196583, 33.7736316925112], [-84.3923761808585, 33.7732053380794], [-84.3923763980641, 33.7731551805455], [-84.3923501430141, 33.7731343534959]]]]}}, {"type": "Feature", "properties": {"name": "Boggs Chemistry", "aka": ["Boggs Building"], "doors": [[-84.399956, 33.775356, true], [-84.399672, 33.77498, false]]}, "geometry": {"type": "MultiPolygon", "coordinates": [[[[-84.3994374059996, 33.7753169542354], [-84.3994367496575, 33.7753090128189], [-84.3994374579618, 33.7753090204995], [-84.3994374059996, 33.7753169542354]]], [[[-84.3994374579618, 33.7753090204995], [-84.399439929909, 33.7749331539822], [-84.3994485273419, 33.7749334849021], [-84.3994482208501, 33.7749451140896], [-84.3994927777991, 33.7749459334936], [-84.3994940164799, 33.7749196912723], [-84.3996235853257, 33.7749220750795], [-84.3996220704846, 33.7749898776813], [-84.3996789279737, 33.7749909235565], [-84.39967926586, 33.7749781401944], [-84.3996847326349, 33.7749782407759], [-84.3997230022187, 33.7749789448349], [-84.3997194772283, 33.7751126007002], [-84.3997183590017, 33.7751549921886], [-84.399717658911, 33.7751815426607], [-84.3997156330053, 33.7752583546331], [-84.3997066127432, 33.775258188631], [-84.3997056384707, 33.7752951311622], [-84.3997051537844, 33.7753135104545], [-84.3997141642783, 33.7753140542674], [-84.3997139596357, 33.7753218151744], [-84.3998358045275, 33.7753240564552], [-84.3999367432159, 33.7753259124555], [-84.3999360744573, 33.7753512510482], [-84.3999769442571, 33.7753520024091], [-84.399982430493, 33.7753521038421], [-84.4000574443023, 33.7753534830898], [-84.4000573355983, 33.7753575921245], [-84.4000425742687, 33.7753573206909], [-84.4000407276661, 33.7754420172751], [-84.4000288600679, 33.7754417989752], [-84.400026789419, 33.7755203259759], [-84.4000475650222, 33.7755207077609], [-84.4000474142231, 33.7755264146027], [-84.4000351136325, 33.7755261890075], [-84.4000328607266, 33.7755805033845], [-84.4000459819423, 33.7755807445595], [-84.4000458370026, 33.7755862232722], [-84.4000327168658, 33.7755859820951], [-84.4000312834928, 33.7756403111516], [-84.4000444047199, 33.7756405532285], [-84.4000442608598, 33.775646031939], [-84.4000311396317, 33.7756457898622], [-84.4000297062594, 33.7757001198198], [-84.4000428274932, 33.7757003609951], [-84.4000426836328, 33.7757058397056], [-84.4000295623982, 33.7757055985303], [-84.4000281301037, 33.7757599284854], [-84.400041250267, 33.7757601696629], [-84.4000411064064, 33.7757656483733], [-84.4000288075963, 33.7757652956412], [-84.4000272763213, 33.7758213488401], [-84.4000396320238, 33.7758215761352], [-84.4000395233185, 33.7758256851695], [-84.4000187487189, 33.7758253024797], [-84.4000166780537, 33.7759038294753], [-84.4000429195063, 33.7759043127307], [-84.4000428118808, 33.7759084217629], [-84.4000280504567, 33.7759081503281], [-84.4000259249043, 33.7759887313902], [-84.4000406863422, 33.7759890028252], [-84.4000405787165, 33.7759931118574], [-84.3999468175061, 33.7759913875428], [-84.3999478102355, 33.7759537218542], [-84.3999188348136, 33.7759531896469], [-84.3999182571773, 33.77597510359], [-84.399770918168, 33.7759723939035], [-84.399770887789, 33.7759735354524], [-84.399689974699, 33.7759720472514], [-84.3996905944946, 33.7759485355021], [-84.3996643530301, 33.7759480521718], [-84.3996633169953, 33.7759873156677], [-84.3995813100956, 33.7759858078209], [-84.3995816959611, 33.7759711976233], [-84.3995821287133, 33.7759547623933], [-84.399582417573, 33.7759438049715], [-84.3995828514023, 33.7759273688378], [-84.3995832548498, 33.775912074253], [-84.3995835378509, 33.7759013458618], [-84.3995704165874, 33.7759011046378], [-84.3995705615578, 33.7758956259259], [-84.3995836828204, 33.7758958671499], [-84.3995968030034, 33.7758961083744], [-84.3995988740516, 33.7758175813841], [-84.3995780994579, 33.7758171995218], [-84.3995782444277, 33.7758117208097], [-84.3995891780832, 33.7758119219808], [-84.3995906048581, 33.775757843602], [-84.3995796770069, 33.7757573908591], [-84.3995798208968, 33.7757519121491], [-84.3995907526512, 33.7757522116037], [-84.3995921989637, 33.7756973739964], [-84.3995812545538, 33.7756975821959], [-84.3995813984436, 33.7756921034858], [-84.3995923419975, 33.7756919782399], [-84.3995936036126, 33.7756375151662], [-84.3995828438206, 33.775637317274], [-84.3995829877101, 33.7756318385638], [-84.3995939322531, 33.7756316826597], [-84.3995952783284, 33.7755777090233], [-84.3995844213661, 33.7755775095112], [-84.3995845652555, 33.775572030801], [-84.3995950356631, 33.7755722229278], [-84.3995969256825, 33.7755181662138], [-84.3995859978275, 33.7755177008482], [-84.3995861427964, 33.775512222136], [-84.3996069173165, 33.7755126039973], [-84.3996089883483, 33.7754340770019], [-84.3995827470435, 33.7754335945553], [-84.3995828909328, 33.775428115845], [-84.3995960121242, 33.775428357068], [-84.3995980948884, 33.7753493747152], [-84.3995849747888, 33.7753491334904], [-84.3995851186778, 33.7753436547799], [-84.3996602911998, 33.7753450375761], [-84.399661134304, 33.775313078725], [-84.3996690676589, 33.7753129735818], [-84.3996705295359, 33.7752575246202], [-84.3996708674242, 33.7752447412587], [-84.3996153767358, 33.7752437207515], [-84.3996130482124, 33.7753112805378], [-84.3995406496107, 33.7753099492827], [-84.3994831810819, 33.7753098052475], [-84.3994832584021, 33.7753068566989], [-84.3994838968598, 33.7752826407224], [-84.3994459013995, 33.7752819414823], [-84.399445253051, 33.7753064964986], [-84.3994451845323, 33.775309106911], [-84.3994374579618, 33.7753090204995]]]]}}, {"type": "Feature", "properties": {"name": "Boggs Storage Facility", "aka": [], "doors": []}, "geometry": {"type": "Polygon", "coordinates": [[[-84.3994115168003, 33.7759453283979], [-84.3994125428827, 33.7759111258957], [-84.3994572960723, 33.7759120612543], [-84.3994965823946, 33.7759128833844], [-84.3995248345539, 33.7759134738597], [-84.399523808516, 33.7759476763625], [-84.3994115168003, 33.7759453283979]]]}}, {"type": "Feature", "properties": {"name": "Bradley Building", "aka": [], "doors": [[-84.394447, 33.772545, true]]}, "geometry": {"type": "Polygon", "coordinates": [[[-84.3943303237202, 33.7726883179717], [-84.3943322139954, 33.7726253719107], [-84.3943335635788, 33.7725604693584], [-84.3943906446131, 33.7725609393025], [-84.3943917451176, 33.7725390253068], [-84.3944043431489, 33.7725392103425], [-84.3944550721309, 33.7725399507522], [-84.394487131765, 33.7725407797042], [-84.3944869985646, 33.7725520497077], [-84.3946230513234, 33.7725531671965], [-84.3946227287546, 33.7725805762323], [-84.3946218059517, 33.7726589676252], [-84.3946562329725, 33.7726592493656], [-84.3946560461196, 33.7726751197004], [-84.3946571368863, 33.7726760490926], [-84.3946449443811, 33.7726810090658], [-84.3946240275253, 33.772680837617], [-84.3946239112028, 33.7726907280606], [-84.3944603174651, 33.7726893855037], [-84.3943303237202, 33.7726883179717]]]}}, {"type": "Feature", "properties": {"name": "Brittain Dining Hall", "aka": [], "doors": [[-84.391446, 33.772417, false], [-84.39145, 33.77247, false], [-84.391144, 33.772364, false], [-84.391144, 33.772494, false]]}, "geometry": {"type": "Polygon", "coordinates": [[[-84.3913167729365, 33.7726447542173], [-84.3912941138498, 33.7726447125085], [-84.3912713060191, 33.7726447666413], [-84.3912529312742, 33.7726448099981], [-84.3912154314215, 33.7726448989702], [-84.3911293756409, 33.7726449689543], [-84.3911212619254, 33.7726449629727], [-84.3911210558632, 33.7725104610911], [-84.3911557832117, 33.7725104240767], [-84.3911555795895, 33.7723772917986], [-84.3911554832324, 33.7723142655376], [-84.3912391558159, 33.7723141764297], [-84.3912390646137, 33.772254804558], [-84.3912688696918, 33.7722547728619], [-84.3912688593734, 33.7722479221222], [-84.3913161646456, 33.7722478711889], [-84.3913161531327, 33.772240564215], [-84.3913618973342, 33.7722405611883], [-84.3914052063133, 33.7722403344609], [-84.3914400219405, 33.7722402422052], [-84.3914558809836, 33.7722401979929], [-84.3914649047435, 33.7722401761471], [-84.3914649254115, 33.7722538776263], [-84.3914649435835, 33.7722666233581], [-84.3914649463963, 33.7722672869694], [-84.39146496533, 33.7722799109766], [-84.3914649934922, 33.7722977221758], [-84.3914650117679, 33.77231050758], [-84.3914650131172, 33.7723110242246], [-84.3914650334062, 33.7723237537226], [-84.3914650604912, 33.7723415658253], [-84.3914650805718, 33.7723546289352], [-84.3914650806107, 33.7723550572203], [-84.3914651004076, 33.7723675982736], [-84.3914651274927, 33.7723854103762], [-84.3914651465114, 33.7723980668425], [-84.391465148374, 33.7723987800465], [-84.3914651674092, 33.7724114428243], [-84.3914651764376, 33.7724173801918], [-84.3914848640653, 33.7724173596583], [-84.3914848878301, 33.7724326588603], [-84.3914805130427, 33.7724326641244], [-84.3914805536741, 33.7724593818271], [-84.3914849284629, 33.772459376563], [-84.3914849528259, 33.7724749047836], [-84.3914652651874, 33.7724749262189], [-84.3914652736201, 33.7724806354692], [-84.3914652928485, 33.7724933721821], [-84.3914653037758, 33.7724938356117], [-84.3914653135369, 33.7725066679169], [-84.3914653400123, 33.7725242464921], [-84.3914653406222, 33.7725244800191], [-84.3914653511957, 33.7725372099852], [-84.3914653611741, 33.7725377234583], [-84.3914653805391, 33.7725505124666], [-84.3914654076246, 33.7725683245687], [-84.391465427463, 33.7725812948083], [-84.3914654280069, 33.7725815030891], [-84.3914654475416, 33.772594357016], [-84.3914654757044, 33.7726121682143], [-84.3914654956441, 33.7726251772247], [-84.391465494701, 33.7726252295223], [-84.3914654972842, 33.7726262186307], [-84.3914655156239, 33.7726382015631], [-84.3914655375982, 33.7726528164133], [-84.3914565137621, 33.7726528256363], [-84.3914406545724, 33.7726528427996], [-84.3914305370384, 33.7726528540125], [-84.3914305357306, 33.772651939739], [-84.3914149162261, 33.7726519564624], [-84.3913167844521, 33.7726520620923], [-84.3913167729365, 33.7726447542173]]]}}, {"type": "Feature", "properties": {"name": "Broadband Institute Residential Laboratory", "aka": ["Broadband Institute Residential Laboratory Aware Home"], "doors": [[-84.402916, 33.781654, true], [-84.402916, 33.781654, true]]}, "geometry": {"type": "Polygon", "coordinates": [[[-84.4028571736353, 33.7817040786513], [-84.4028569225761, 33.7816920772527], [-84.4028525010517, 33.7816921416178], [-84.4028521817354, 33.7816769088318], [-84.4028566043388, 33.7816768444646], [-84.4028563235636, 33.7816634581866], [-84.4028966765706, 33.781662869708], [-84.4028977822201, 33.781662853165], [-84.4029624584582, 33.7816619097349], [-84.4029653419371, 33.7817996945491], [-84.4028592079524, 33.7818012430019], [-84.4028581877757, 33.7817525449704], [-84.4028576831359, 33.7817284105371], [-84.4028571736353, 33.7817040786513]]]}}, {"type": "Feature", "properties": {"name": "Brown Residence Hall", "aka": [], "doors": [[-84.391888, 33.771649, false], [-84.391886, 33.771794, false]]}, "geometry": {"type": "Polygon", "coordinates": [[[-84.3917719233062, 33.7718894181756], [-84.3917719625725, 33.7717871850899], [-84.3917609337637, 33.7717871402861], [-84.391762115742, 33.7715826784086], [-84.3917585312536, 33.7715826642081], [-84.3917587132824, 33.7715511204491], [-84.3917590137365, 33.771526053949], [-84.3917588500654, 33.7715204405561], [-84.3917624762023, 33.7715202806617], [-84.3917626345175, 33.7714928809427], [-84.3917776299755, 33.7714929419545], [-84.391783723911, 33.7714881313405], [-84.3918025834837, 33.7714882069408], [-84.3918083453422, 33.7714930653561], [-84.3918373494438, 33.7714931828556], [-84.3918449006153, 33.7714932132597], [-84.3918509945447, 33.7714884017408], [-84.3918698551994, 33.7714884782304], [-84.3918756170618, 33.7714933366425], [-84.3918905606944, 33.7714933968335], [-84.3918904008622, 33.7715210264769], [-84.3918937089557, 33.7715210402763], [-84.3918933501458, 33.7715832071973], [-84.3918900409726, 33.7715831943014], [-84.3918897223899, 33.7716384544869], [-84.3918919281469, 33.7716384630848], [-84.3918918796578, 33.7716467520687], [-84.3918918157246, 33.7716578037455], [-84.3918917683151, 33.7716660927274], [-84.3918895625575, 33.7716660841295], [-84.3918892357125, 33.7717227256616], [-84.3918925438114, 33.7717227385594], [-84.3918921684793, 33.7717876690747], [-84.3918899627185, 33.7717876604768], [-84.3918899271619, 33.7717938774386], [-84.3918898714903, 33.7718035477677], [-84.3918898091146, 33.7718143695198], [-84.3918859493007, 33.7718143540221], [-84.3918859595961, 33.7718125119264], [-84.3918749307841, 33.7718124671328], [-84.3918744843233, 33.7718898315705], [-84.3917796400413, 33.7718895790213], [-84.3917719233062, 33.7718894181756]]]}}, {"type": "Feature", "properties": {"name": "Bud and Val Peterson Residence Hall", "aka": [], "doors": []}, "geometry": {"type": "MultiPolygon", "coordinates": [[[[-84.406296250036, 33.7799295543034], [-84.4062916560517, 33.7799297924883], [-84.4062916461702, 33.7799262495815], [-84.406296515039, 33.779926235395], [-84.406296748601, 33.7799116083031], [-84.4062916749163, 33.7799116083031], [-84.4062916650348, 33.7799079489164], [-84.4062961898489, 33.7799079399564], [-84.4062961431365, 33.7798911766632], [-84.4062977888501, 33.7798911736766], [-84.4062977654939, 33.7798829290411], [-84.4062961197803, 33.7798829320277], [-84.4062962078152, 33.7798774694523], [-84.4062962024253, 33.7798756535715], [-84.4065034033372, 33.7798752511209], [-84.4065034635243, 33.7798966355044], [-84.4065253006706, 33.7798965929448], [-84.4065253096537, 33.779899628123], [-84.4065203725129, 33.7798996378296], [-84.4065204785141, 33.7799375965893], [-84.4065254156549, 33.7799375868827], [-84.4065254237397, 33.7799406220596], [-84.4065035856952, 33.7799406646193], [-84.406503644984, 33.7799620489864], [-84.4063325949741, 33.7799623812505], [-84.4063325958724, 33.7799624954896], [-84.4062964440721, 33.7799624514366], [-84.406296250036, 33.7799295543034]]], [[[-84.4068319046602, 33.7803077171339], [-84.4067500375951, 33.7803077903063], [-84.4067500340018, 33.7803065023217], [-84.4067357382124, 33.7803065306947], [-84.4067357418056, 33.7803078179327], [-84.4066421984384, 33.7803080001172], [-84.4066422029301, 33.7803065404013], [-84.4066279035474, 33.7803065680276], [-84.4066279080389, 33.7803080277435], [-84.4064856984413, 33.7803083040069], [-84.4064856696951, 33.7803059572615], [-84.4064757981085, 33.7803059766747], [-84.4064758043967, 33.78030832342], [-84.4064544208997, 33.7803083652328], [-84.4064544146115, 33.7803060177408], [-84.4064444388202, 33.7803060117676], [-84.4064444451084, 33.7803082987803], [-84.4063487969886, 33.7803084846981], [-84.4063486855975, 33.7802684922061], [-84.4063502289032, 33.7802684892195], [-84.4063502055469, 33.7802602446204], [-84.4063486622413, 33.7802602401404], [-84.4063485688165, 33.7802266965154], [-84.4063501121222, 33.7802267002487], [-84.406350088766, 33.7802184489256], [-84.4063500761895, 33.7802138681754], [-84.4063485337822, 33.780213871162], [-84.4063484655102, 33.7801895099291], [-84.4063652990403, 33.7801895629419], [-84.4063652990404, 33.7801894195833], [-84.4063783264086, 33.780189394197], [-84.4063783264086, 33.7801895375554], [-84.4064031468599, 33.7801894890226], [-84.4064031459616, 33.7801893456642], [-84.4064161733298, 33.7801893202777], [-84.4064161742282, 33.7801894636362], [-84.4064409946794, 33.78018941585], [-84.4064409937811, 33.7801892724916], [-84.4064540211494, 33.7801892471052], [-84.4064540211494, 33.7801893904637], [-84.4064780016759, 33.7801893434241], [-84.4064780079641, 33.7801914908148], [-84.406499348342, 33.7801914490019], [-84.4064993528335, 33.7801893023579], [-84.4065092154371, 33.7801892829448], [-84.4065092154371, 33.7801891395863], [-84.4065371907716, 33.7801890850802], [-84.4065371907717, 33.7801892284387], [-84.4065470641549, 33.7801892097722], [-84.4065470632566, 33.7801890656671], [-84.4065750376929, 33.7801890119077], [-84.4065750385912, 33.7801891552662], [-84.4065849119745, 33.780189135853], [-84.4065849110761, 33.7801889924945], [-84.4066128855124, 33.7801889379885], [-84.4066128855124, 33.7801890813469], [-84.4066227588957, 33.7801890619338], [-84.4066227588957, 33.7801889185753], [-84.4066360270125, 33.7801888931889], [-84.4066360270125, 33.7801890365474], [-84.4066590652063, 33.7801889917478], [-84.4066589852562, 33.7801603932179], [-84.4066590355618, 33.7801603932179], [-84.4066627222478, 33.7801603857514], [-84.4066637849547, 33.780160384258], [-84.4066635864271, 33.7800894448995], [-84.4066581363482, 33.7800893702335], [-84.4066581210769, 33.7800838733249], [-84.4066752043386, 33.7800838404719], [-84.4066752249999, 33.7800835537546], [-84.4066752294915, 33.7800725181233], [-84.4066751827791, 33.7800559713937], [-84.406674937539, 33.7799804384927], [-84.406674937539, 33.7799803242536], [-84.4066647254908, 33.7799803436668], [-84.4066646967448, 33.7799702674812], [-84.4066692871359, 33.7799702585212], [-84.4066691173543, 33.7799095393049], [-84.4066657747231, 33.7799095460248], [-84.4066656543489, 33.7798663763015], [-84.4066614592165, 33.7798663845148], [-84.4066609085492, 33.7798303864578], [-84.4066695925631, 33.7798130146198], [-84.4066700408224, 33.7797735005071], [-84.4067555388779, 33.779772647072], [-84.406755513725, 33.7797637431222], [-84.406770494929, 33.7797637140023], [-84.4068461896698, 33.7797634944835], [-84.4068461896698, 33.7797633877108], [-84.406859353582, 33.7797634347505], [-84.4068593544803, 33.7797635415233], [-84.4068840374894, 33.7797634929902], [-84.4068840365911, 33.779763349631], [-84.4068972014015, 33.7797633242445], [-84.4068972014015, 33.7797634676037], [-84.4069220559888, 33.7797634190706], [-84.4069220559888, 33.7797632757114], [-84.406935219901, 33.7797632503249], [-84.4069352207993, 33.7797633936841], [-84.4069597322301, 33.7797633458977], [-84.4069597313319, 33.7797632025385], [-84.4069728961423, 33.779763177152], [-84.4069728961423, 33.7797633205111], [-84.4069975791514, 33.7797632719781], [-84.4069975791514, 33.7797631286189], [-84.4070107430636, 33.7797631032323], [-84.4070107439619, 33.7797632465916], [-84.4070288450149, 33.7797632114984], [-84.4070288441166, 33.7797630681392], [-84.4070551728392, 33.7797630166195], [-84.4070551737375, 33.7797631599787], [-84.4070666928344, 33.7797631375789], [-84.4070666928344, 33.7797629942196], [-84.4070930215571, 33.7797629426999], [-84.4070930215571, 33.7797630860591], [-84.407104540654, 33.7797630636592], [-84.4071045397557, 33.7797629203001], [-84.4071308684783, 33.7797628687804], [-84.4071308693766, 33.7797630121395], [-84.4071409817118, 33.7797629068601], [-84.4071410733399, 33.7797956457649], [-84.4071411290355, 33.7798154957778], [-84.4071412314434, 33.7798154950312], [-84.4071412521047, 33.7798292365985], [-84.407141167663, 33.7798292365984], [-84.4071412763592, 33.7798683915412], [-84.4071397339519, 33.7798683945278], [-84.4071399288863, 33.7798766458847], [-84.4071412997154, 33.7798766503646], [-84.4071413140884, 33.7798818822217], [-84.4070908862616, 33.7798820659004], [-84.4070908799734, 33.7798798625024], [-84.4070694874932, 33.7798799035688], [-84.4070694937815, 33.7798821077135], [-84.4070530375438, 33.7798821398199], [-84.4070530312556, 33.7798799356752], [-84.4070316387754, 33.7798799774883], [-84.4070316450636, 33.7798821816329], [-84.407030497915, 33.7798821838729], [-84.4070111104745, 33.779882221206], [-84.4070111041863, 33.779880017808], [-84.4069979402741, 33.7798800431945], [-84.4069979465623, 33.7798822465925], [-84.4069883821995, 33.7798822652591], [-84.4069813277296, 33.7798822794456], [-84.4069813286279, 33.7798824228046], [-84.406951708478, 33.7798824802975], [-84.406951708478, 33.7798823369385], [-84.4069056329888, 33.7798824265379], [-84.4069056329888, 33.7798825698969], [-84.4068760137372, 33.7798826273899], [-84.4068760128389, 33.7798824840308], [-84.4068595574995, 33.7798825161373], [-84.4068595583979, 33.7798826594963], [-84.4068463935874, 33.7798826856295], [-84.4068463935874, 33.7798825422704], [-84.4068274957288, 33.7798824929908], [-84.4068276906632, 33.7799033054299], [-84.4068228909646, 33.7799033151366], [-84.4068229843894, 33.7799490003418], [-84.4068230481698, 33.7799731077784], [-84.4068279215302, 33.7799730980718], [-84.40682793231, 33.7799772495051], [-84.4067948491547, 33.779977313718], [-84.4067948572395, 33.7799800905488], [-84.4067920796487, 33.7799800965221], [-84.4067921308527, 33.7799983322124], [-84.4067921730735, 33.7800134184856], [-84.406794949766, 33.780013413259], [-84.4067949650374, 33.7800189094255], [-84.4067592749711, 33.7800183098572], [-84.40675932887, 33.7800188646258], [-84.4067599280464, 33.7800188631325], [-84.4067600735734, 33.780071021817], [-84.4067629535722, 33.7800710158437], [-84.4067629607588, 33.7800737359254], [-84.4067713653965, 33.7800737194989], [-84.4067713680915, 33.7800744922918], [-84.4067815846312, 33.7800744728786], [-84.4068337210537, 33.7800743713329], [-84.4071411308321, 33.7800737725117], [-84.4071413581059, 33.7801551524179], [-84.4071398148002, 33.7801551539113], [-84.4071398381564, 33.7801634074804], [-84.4071413805638, 33.7801634044938], [-84.4071414632088, 33.7801927474415], [-84.4068456066632, 33.7801933238621], [-84.4068353218515, 33.7801933432752], [-84.4068354565988, 33.7802388327012], [-84.4068674348263, 33.7802387699819], [-84.4068677025242, 33.7803311226115], [-84.4068644012156, 33.7803311285848], [-84.4068643904358, 33.7803271197803], [-84.406835249088, 33.7803270630343], [-84.4068352607661, 33.7803311853307], [-84.4068319702372, 33.7803311920506], [-84.4068319046602, 33.7803077171339]]]]}}, {"type": "Feature", "properties": {"name": "Bunger-Henry Building", "aka": [], "doors": [[-84.398476, 33.775478, true], [-84.398411, 33.775341, false], [-84.398098, 33.775341, false], [-84.397989, 33.775635, false]]}, "geometry": {"type": "Polygon", "coordinates": [[[-84.3979616328061, 33.7757329525135], [-84.397962801063, 33.7755726582011], [-84.3979654866656, 33.7753594692183], [-84.3980347398696, 33.7753599047405], [-84.3980982204518, 33.7753609425331], [-84.398352345114, 33.7753624403362], [-84.3984172600897, 33.7753632796133], [-84.3984813817466, 33.7753638146863], [-84.3984801646154, 33.7754655188358], [-84.3984788267341, 33.7755773108953], [-84.3985524637568, 33.7755781634719], [-84.3985698777648, 33.77557836518], [-84.3985702144526, 33.7755502492282], [-84.3986616371686, 33.7755510124149], [-84.3986616098592, 33.7755532981546], [-84.3986606524269, 33.7756230914413], [-84.3986602863674, 33.7756639324654], [-84.3985688624541, 33.775663170182], [-84.3985691991424, 33.7756350542307], [-84.3985553149072, 33.7756349378587], [-84.3985540829365, 33.7756349275504], [-84.3984781480517, 33.7756339999457], [-84.3984750202762, 33.7758954119188], [-84.3984743250051, 33.7759535598706], [-84.3981566643591, 33.7759509083849], [-84.3980515070208, 33.7759500308211], [-84.3979586284049, 33.7759492554857], [-84.3979616328061, 33.7757329525135]]]}}, {"type": "Feature", "properties": {"name": "Burge Parking Deck", "aka": [], "doors": []}, "geometry": {"type": "Polygon", "coordinates": [[[-84.3937746953011, 33.7708002192971], [-84.3937745342838, 33.7707383707043], [-84.3941132159838, 33.7707378669451], [-84.3941135489245, 33.7708932923753], [-84.3941142477226, 33.7712219093332], [-84.3939394114548, 33.7712223161676], [-84.3939159929317, 33.7712223737163], [-84.3937755641182, 33.7712224131031], [-84.3937754232218, 33.7711563249053], [-84.3937751428896, 33.7710815819964], [-84.3937746873804, 33.7708009000597], [-84.3937746953011, 33.7708002192971]]]}}, {"type": "Feature", "properties": {"name": "Burger Bowl", "aka": [], "doors": []}, "geometry": {"type": "Polygon", "coordinates": [[[-84.4037089191362, 33.7773333452447], [-84.4037687545073, 33.7773824081921], [-84.4037622544009, 33.7775967261809], [-84.4037515285507, 33.7779577519198], [-84.4036878440534, 33.7780280516082], [-84.4036579024622, 33.7780552957142], [-84.4036009044806, 33.7780918183644], [-84.403552799796, 33.7781340656354], [-84.4035381203657, 33.778168432316], [-84.4034926489959, 33.7784401692059], [-84.4034453625487, 33.7784349483129], [-84.4033941911064, 33.7784292993566], [-84.403389605338, 33.7784626214774], [-84.4033834301882, 33.7784617938849], [-84.4033323050914, 33.7784549411091], [-84.4033236069228, 33.7785139131854], [-84.403316215688, 33.7785640213219], [-84.4034027366539, 33.7786422080012], [-84.4033962069799, 33.7786577361485], [-84.4033721936707, 33.7786511217102], [-84.4032556941058, 33.7786190308199], [-84.4031074545878, 33.7785625902204], [-84.4030277514718, 33.7785311923072], [-84.4029957867964, 33.7785186006474], [-84.4027244238707, 33.7783460696206], [-84.4025801585243, 33.7782521823989], [-84.4025140419596, 33.7781734133471], [-84.4024923536855, 33.7780943591994], [-84.4024311847531, 33.7780392688406], [-84.4023638249024, 33.7780220966166], [-84.4022727673547, 33.7780381557955], [-84.4021984572152, 33.7780387106007], [-84.4021497481566, 33.7780272425771], [-84.4021256023688, 33.7780234115466], [-84.4020978274289, 33.7780147834344], [-84.4021578436111, 33.7779560750837], [-84.4022258593481, 33.7778886504946], [-84.4022708073287, 33.7778396681142], [-84.4023211444135, 33.7777773580296], [-84.402350826139, 33.7777351401092], [-84.4023785286552, 33.777691332743], [-84.4024038121373, 33.7776465868636], [-84.4024266648101, 33.7776009385608], [-84.4024470340198, 33.7775544790035], [-84.4024648822267, 33.7775072984298], [-84.402480191183, 33.777459434745], [-84.4024926199304, 33.7774121545207], [-84.4024995241, 33.7773898407721], [-84.4025079714914, 33.7773715751956], [-84.4025148155417, 33.7773631794588], [-84.402522992354, 33.7773561047993], [-84.402535377515, 33.7773496640722], [-84.4025494495711, 33.7773445383345], [-84.4025640978172, 33.7773412427488], [-84.4025797443753, 33.7773397584747], [-84.4037087242366, 33.7773292259718], [-84.4037089191362, 33.7773333452447]]]}}, {"type": "Feature", "properties": {"name": "CNES", "aka": [], "doors": []}, "geometry": {"type": "Polygon", "coordinates": [[[-84.4022076232712, 33.7710939536957], [-84.4021779212427, 33.7710940103772], [-84.4019807851066, 33.7710943863981], [-84.4016381434614, 33.7710950392096], [-84.401637795601, 33.7709676038728], [-84.4014953111428, 33.7709678750577], [-84.4014947599841, 33.7707658391524], [-84.4017428132536, 33.7707653669391], [-84.4017439047675, 33.7707653648601], [-84.4020517829204, 33.7707647780635], [-84.4020658819102, 33.7707647511732], [-84.4020663200547, 33.7709249704351], [-84.4022065512278, 33.7709247028915], [-84.4022076232712, 33.7710939536957]]]}}, {"type": "Feature", "properties": {"name": "CODA", "aka": [], "doors": []}, "geometry": {"type": "MultiPolygon", "coordinates": [[[[-84.3886508459976, 33.7753292294247], [-84.3886177994452, 33.775329174352], [-84.3886181372005, 33.7754199521155], [-84.388404063882, 33.775425523237], [-84.3880023184235, 33.7754573856824], [-84.3878809230581, 33.7754426548453], [-84.3878810224773, 33.7754813346567], [-84.3878118560486, 33.775539487167], [-84.3877297892259, 33.7755396341977], [-84.3877299726661, 33.7755997019563], [-84.3883933821357, 33.7755985118295], [-84.3883939407889, 33.7758153555301], [-84.3877306341548, 33.775816037849], [-84.3877306466643, 33.7758200673113], [-84.3874995946934, 33.7758204809734], [-84.3874980348186, 33.775212550893], [-84.3886505397229, 33.7752104832448], [-84.3886508459976, 33.7753292294247]]], [[[-84.3886479593846, 33.7758296697551], [-84.3884965768027, 33.7758292296505], [-84.3884967014897, 33.7757992711233], [-84.3884800771165, 33.7757992225605], [-84.388480741204, 33.7756400562709], [-84.3884973655466, 33.7756401048338], [-84.3884974902335, 33.7756101463057], [-84.3886488724301, 33.7756105864109], [-84.3886479593846, 33.7758296697551]]]]}}, {"type": "Feature", "properties": {"name": "CRC Storage", "aka": [], "doors": []}, "geometry": {"type": "Polygon", "coordinates": [[[-84.405276731357, 33.7760620225543], [-84.4052630761594, 33.7762374800444], [-84.4051448460968, 33.7762311226184], [-84.405158505879, 33.776055606206], [-84.405276731357, 33.7760620225543]]]}}, {"type": "Feature", "properties": {"name": "Caddell Arch Annex", "aka": ["Caddell"], "doors": [[-84.396835, 33.77655, true], [-84.396935, 33.776814, true], [-84.396766, 33.776564, false]]}, "geometry": {"type": "Polygon", "coordinates": [[[-84.3967701873281, 33.7765855297013], [-84.3967706188971, 33.7765571430851], [-84.3967903000453, 33.7765575770494], [-84.396791366917, 33.7765325839686], [-84.396897977876, 33.7765349340938], [-84.3969349506096, 33.7765357487317], [-84.396923800541, 33.7768885156652], [-84.3969204737268, 33.776888442527], [-84.39678021626, 33.7768853508919], [-84.3967894729194, 33.7765898568354], [-84.3967892817463, 33.7765857952491], [-84.3967701873281, 33.7765855297013]]]}}, {"type": "Feature", "properties": {"name": "Cafe", "aka": [], "doors": []}, "geometry": {"type": "Polygon", "coordinates": [[[-84.4006294302832, 33.7751645453252], [-84.4004232301204, 33.7751345855477], [-84.4004433524874, 33.775038004823], [-84.4006497988659, 33.7750676665558], [-84.4006294302832, 33.7751645453252]]]}}, {"type": "Feature", "properties": {"name": "Calculator", "aka": [], "doors": []}, "geometry": {"type": "Polygon", "coordinates": [[[-84.3946628404022, 33.7751002441319], [-84.3946640147147, 33.7749847502111], [-84.3947509914752, 33.774985430738], [-84.3947684966558, 33.7749854533855], [-84.3948221005133, 33.7749863289849], [-84.3949112992352, 33.7749869881596], [-84.3949460221336, 33.774987748047], [-84.3949442501541, 33.7750580973412], [-84.394906368183, 33.7750578013351], [-84.3949058766112, 33.7751016559104], [-84.3946628404022, 33.7751002441319]]]}}, {"type": "Feature", "properties": {"name": "Calculator Addition", "aka": [], "doors": []}, "geometry": {"type": "Polygon", "coordinates": [[[-84.3947509914752, 33.774985430738], [-84.3947511154346, 33.7749743528077], [-84.3946778144045, 33.774973779558], [-84.3946789820269, 33.7748696248277], [-84.3948102681179, 33.774870651726], [-84.3948090995723, 33.7749748055572], [-84.3947686198343, 33.7749744890648], [-84.3947684966558, 33.7749854533855], [-84.3947509914752, 33.774985430738]]]}}, {"type": "Feature", "properties": {"name": "Caldwell Residence Hall", "aka": [], "doors": []}, "geometry": {"type": "Polygon", "coordinates": [[[-84.404329751578, 33.7790386802773], [-84.4043301233039, 33.7790196294673], [-84.4042793646552, 33.7790189391681], [-84.4042834548511, 33.7788093865649], [-84.4043342133787, 33.7788100777647], [-84.4043345851054, 33.7787910278556], [-84.4045034007977, 33.778793325522], [-84.4045030291084, 33.7788123754313], [-84.4045526473852, 33.7788130507057], [-84.4045505637776, 33.778919791334], [-84.4045499697895, 33.7789502114978], [-84.4045496980987, 33.7790226182482], [-84.4045431732546, 33.7790230329623], [-84.4044989394446, 33.7790219271377], [-84.4044985677536, 33.7790409770464], [-84.404329751578, 33.7790386802773]]]}}, {"type": "Feature", "properties": {"name": "Campus Christian Fellowship", "aka": [], "doors": []}, "geometry": {"type": "Polygon", "coordinates": [[[-84.3914804983371, 33.7757330525663], [-84.3914822408465, 33.7756288400188], [-84.3915406000988, 33.7756293035379], [-84.3915407578184, 33.7756095002595], [-84.3914825331924, 33.7756093160075], [-84.3914820472793, 33.7756010316091], [-84.3914829324963, 33.7754906172527], [-84.391757851488, 33.7754917084516], [-84.3917576078262, 33.7755434466111], [-84.3917434024852, 33.7755435689962], [-84.3917431218199, 33.7755580410287], [-84.3917575293122, 33.7755580120467], [-84.3917569420003, 33.7756108724879], [-84.3917034677843, 33.7756105777891], [-84.391703311955, 33.7756302638493], [-84.3917567894247, 33.7756305594439], [-84.391756605298, 33.7756749246823], [-84.3917446976245, 33.7756750762381], [-84.3917445817031, 33.7756897887109], [-84.3917566861034, 33.7756897206501], [-84.3917561581588, 33.7757351441534], [-84.3914804983371, 33.7757330525663]]]}}, {"type": "Feature", "properties": {"name": "Campus Recreation Center", "aka": [], "doors": []}, "geometry": {"type": "Polygon", "coordinates": [[[-84.4034776522074, 33.7759197943444], [-84.4031890716388, 33.7759034967835], [-84.4031909189249, 33.7758806760365], [-84.4031209602944, 33.7758767247108], [-84.4031233631921, 33.7758470575577], [-84.4030848311025, 33.7758448808559], [-84.403096806935, 33.7756970004997], [-84.40310205881, 33.7756982482428], [-84.403106308441, 33.7756718839093], [-84.4031200974748, 33.7756212324312], [-84.4031426430764, 33.775568684228], [-84.4031458913306, 33.7755688682523], [-84.4031506970887, 33.7755095330406], [-84.4031157179257, 33.7755075578214], [-84.4031218718261, 33.775431562906], [-84.4031568509608, 33.7754335390253], [-84.403162044108, 33.7753694125918], [-84.4032057690721, 33.7753718813707], [-84.4032320034049, 33.7753733629926], [-84.403234221418, 33.7753459782709], [-84.4032453092936, 33.7752090510582], [-84.4035251438589, 33.7752248549458], [-84.403541110868, 33.7750276798617], [-84.4035452100357, 33.7750279118333], [-84.4039671467581, 33.7750517388904], [-84.403971245928, 33.7750519708478], [-84.4039529691711, 33.7752776714852], [-84.403949753618, 33.7753077513723], [-84.4038248236463, 33.7753006971449], [-84.4038211205911, 33.7753599788706], [-84.4037335986567, 33.775355953442], [-84.4037294313164, 33.7754074142245], [-84.4037244383668, 33.7754080495619], [-84.4036265971082, 33.7754026400067], [-84.403606724463, 33.7756616064931], [-84.4035843149435, 33.7756603403168], [-84.4035707141342, 33.7758283045313], [-84.4035920297812, 33.775829507891], [-84.4035833198677, 33.7759099429572], [-84.4034789272013, 33.77590404725], [-84.4034776522074, 33.7759197943444]]]}}, {"type": "Feature", "properties": {"name": "Campus Recreation Parking Deck", "aka": [], "doors": []}, "geometry": {"type": "Polygon", "coordinates": [[[-84.4036313647488, 33.7763507206718], [-84.4036076711752, 33.7763494199981], [-84.4036037966655, 33.7763986540274], [-84.4033657658449, 33.776385589624], [-84.4033701742017, 33.7763380469785], [-84.4030653805757, 33.7763210426773], [-84.4030790081608, 33.7761478975857], [-84.4030873024082, 33.7760425290683], [-84.4030887452859, 33.7760241966201], [-84.4030923258803, 33.775978705924], [-84.4032081079678, 33.7759856007985], [-84.4032247541128, 33.7759864858719], [-84.4033276880886, 33.775991957208], [-84.4033430373164, 33.775992773522], [-84.4034452737141, 33.7759982082284], [-84.4034618053979, 33.7759990871779], [-84.4036353205985, 33.776008309831], [-84.4036583671251, 33.7760095351018], [-84.4037901206533, 33.7760165376128], [-84.403807194437, 33.7760174452289], [-84.4038914068019, 33.7760219142663], [-84.4039771682509, 33.7760266633862], [-84.4042387084819, 33.7760411618713], [-84.4043219094695, 33.7760457272353], [-84.4047663868255, 33.776070627986], [-84.4047513424591, 33.7762459823336], [-84.404744061465, 33.7763558689809], [-84.4047382115652, 33.7764128502419], [-84.4046654796181, 33.7764088591591], [-84.4046633851387, 33.7764073574396], [-84.4041482014277, 33.7763790858813], [-84.4036611855432, 33.7763523576122], [-84.4036313647488, 33.7763507206718]]]}}, {"type": "Feature", "properties": {"name": "Carnegie Building", "aka": [], "doors": [[-84.394211, 33.772484, true], [-84.394282, 33.772382, false]]}, "geometry": {"type": "Polygon", "coordinates": [[[-84.3942279606267, 33.7726234642323], [-84.3942283548487, 33.7725589944324], [-84.3941740665723, 33.7725588041874], [-84.3941747909324, 33.7725166947668], [-84.3941632176288, 33.7725165556064], [-84.3941635324156, 33.7724779769111], [-84.3941652511413, 33.7723982820646], [-84.3942399198396, 33.7723991767955], [-84.3942399713136, 33.7723961859183], [-84.3942468597897, 33.7723962687914], [-84.3942470067846, 33.7723877542132], [-84.39425472123, 33.7723878472843], [-84.3943164410979, 33.7723885864177], [-84.3943241555435, 33.7723886794845], [-84.3943240096334, 33.7723971931591], [-84.3943308981073, 33.7723972751259], [-84.3943308466389, 33.7724002669047], [-84.3944055164197, 33.7724011615334], [-84.3944035663278, 33.7725202346905], [-84.3943921354671, 33.7725200682391], [-84.3943917451176, 33.7725390253068], [-84.3943906446131, 33.7725609393025], [-84.3943335635788, 33.7725604693584], [-84.3943322139954, 33.7726253719107], [-84.3943041141635, 33.7726248052092], [-84.3942279606267, 33.7726234642323]]]}}, {"type": "Feature", "properties": {"name": "Catholic Center", "aka": [], "doors": []}, "geometry": {"type": "Polygon", "coordinates": [[[-84.3930334835867, 33.7756233742931], [-84.3929788142233, 33.7755931420716], [-84.3927927327886, 33.7754900699544], [-84.3927900234193, 33.7754862212565], [-84.3927895077177, 33.7754814407389], [-84.3927914952536, 33.7754776672887], [-84.3929058959816, 33.7753342202253], [-84.3929177483986, 33.7753196395159], [-84.39292417293, 33.7753234543504], [-84.3929374410587, 33.7753060858394], [-84.3929490250463, 33.7752900242043], [-84.3930122663273, 33.7753253260391], [-84.3930207623388, 33.7753145934165], [-84.3930652528858, 33.7753369088519], [-84.3930624655713, 33.7753407829555], [-84.393065256852, 33.7753474464559], [-84.3930880225532, 33.7754201653312], [-84.3930964351555, 33.7754540619433], [-84.3931019836998, 33.7754524026408], [-84.3931084692343, 33.7754531328009], [-84.3931136031291, 33.7754555605473], [-84.3931180375129, 33.7754621434893], [-84.3931174581622, 33.7754721628116], [-84.3931110625688, 33.7754777124956], [-84.3931009505627, 33.7754803611693], [-84.3931243203235, 33.7755729432305], [-84.3931113692196, 33.7756008271503], [-84.3931387511339, 33.7757192296756], [-84.3930224540487, 33.7756536179095], [-84.3930418793012, 33.7756278635481], [-84.3930334835867, 33.7756233742931]]]}}, {"type": "Feature", "properties": {"name": "Centennial Research Building", "aka": ["GTRI Centennial Research Building"], "doors": [[-84.400101, 33.781006, true], [-84.400101, 33.781006, true]]}, "geometry": {"type": "Polygon", "coordinates": [[[-84.4002033796936, 33.7812936206362], [-84.4002037466687, 33.7812326962628], [-84.4001961039346, 33.7812326638405], [-84.4001544676512, 33.7812588652699], [-84.4001389133522, 33.7812289679896], [-84.4001197901583, 33.7811922122856], [-84.4001068018485, 33.7811672466876], [-84.4001120027032, 33.7811655011702], [-84.4001093305735, 33.781158451705], [-84.4000741848832, 33.781166762886], [-84.4000643994849, 33.781135135235], [-84.4000998631835, 33.78112663501], [-84.4000976743996, 33.7811198379942], [-84.40009189149, 33.7811211635409], [-84.4000884036697, 33.7810944388806], [-84.4000832102316, 33.7810555298247], [-84.4000832633088, 33.7810317089968], [-84.400083523982, 33.7809884869435], [-84.400083756315, 33.7809646711862], [-84.4000848205932, 33.7809573676002], [-84.4000863502227, 33.7809468685832], [-84.4000932404308, 33.7808995720496], [-84.4000989939321, 33.7809009442994], [-84.4001015822263, 33.7808938109474], [-84.4000655156061, 33.7808854054481], [-84.4000764434945, 33.780853387876], [-84.4001124605604, 33.7808618403518], [-84.4001144717787, 33.7808545313675], [-84.400108695593, 33.780853154653], [-84.4001574631665, 33.7807619414985], [-84.4001987813131, 33.7807884908825], [-84.4002069746969, 33.7807885258692], [-84.400207375738, 33.7807218533986], [-84.4005476707912, 33.7807232836172], [-84.4005472689316, 33.7807899551882], [-84.4005551740138, 33.7807899888949], [-84.4005950523743, 33.780765085433], [-84.4006079106606, 33.7807815152937], [-84.4006054075003, 33.7807826128406], [-84.4006254145693, 33.7808219383055], [-84.4006358827419, 33.7808425166843], [-84.4006384629786, 33.7808415704681], [-84.4006441042211, 33.7808564559547], [-84.4006390950262, 33.7808575952215], [-84.4006420851465, 33.7808664185224], [-84.4006764848435, 33.7808590138523], [-84.4006857074241, 33.7808888879095], [-84.4006516402959, 33.7808962964599], [-84.4006534209611, 33.7809022980817], [-84.4006597064167, 33.7809019417326], [-84.4006686609529, 33.780977381251], [-84.4006682346304, 33.781048125625], [-84.4006633356799, 33.781086235094], [-84.4006583739322, 33.7811230922879], [-84.4006524841521, 33.7811220422122], [-84.4006499841558, 33.7811290717181], [-84.4006860715465, 33.7811383065257], [-84.4006750657828, 33.7811690141982], [-84.4006401636737, 33.781160860925], [-84.4006373992967, 33.7811687456973], [-84.4006423886746, 33.7811702392901], [-84.4006131441183, 33.7812250610377], [-84.4005941356911, 33.7812607799238], [-84.4005527900153, 33.7812341622017], [-84.4005451440442, 33.7812341307089], [-84.400544777311, 33.7812950550823], [-84.4002033796936, 33.7812936206362]]]}}, {"type": "Feature", "properties": {"name": "Center Street Apartments", "aka": ["781 Marietta St NW"], "doors": [[-84.40406, 33.774143, true], [-84.404373, 33.773918, true], [-84.402222, 33.780369, true], [-84.402222, 33.780251, true], [-84.40213, 33.780045, true], [-84.401901, 33.779739, true], [-84.402222, 33.780369, true], [-84.402222, 33.780251, true], [-84.40213, 33.780045, true], [-84.401901, 33.779739, true], [-84.402767, 33.780325, false]]}, "geometry": {"type": "MultiPolygon", "coordinates": [[[[-84.4021417520528, 33.779876455486], [-84.4020282382385, 33.7798756841846], [-84.4020266194744, 33.7798788530161], [-84.4020240431061, 33.779882843175], [-84.402022358765, 33.7798847844948], [-84.4020190745243, 33.7798875284756], [-84.4020135642584, 33.7798902388565], [-84.4020064190586, 33.7798917934055], [-84.4020025805574, 33.7798917672723], [-84.4019962833672, 33.7798908078124], [-84.4019916399755, 33.7798889448923], [-84.4019886422974, 33.7798870924253], [-84.4019841552126, 33.7798830074405], [-84.4019816866422, 33.779879296533], [-84.4019799816397, 33.7798753556535], [-84.4019202086391, 33.7798749494697], [-84.4019202176222, 33.7798740348093], [-84.4019194953767, 33.7798740467559], [-84.4018697673375, 33.779873691345], [-84.4018697098454, 33.7798746231786], [-84.4018090223597, 33.779874366327], [-84.4018057848314, 33.7798816515033], [-84.4018011378465, 33.7798855124897], [-84.4017972418531, 33.7798876233016], [-84.4017928365149, 33.7798894257422], [-84.4017850633928, 33.7798907839193], [-84.4017777564963, 33.7798893227029], [-84.4017701145281, 33.7798856073157], [-84.4017666146918, 33.7798823593384], [-84.4017631588729, 33.7798778114233], [-84.4017614547688, 33.7798738705437], [-84.4016479409545, 33.7798730984957], [-84.4016437467205, 33.7798802574863], [-84.4016390251753, 33.7798846926554], [-84.4016332660761, 33.779887653168], [-84.4016261217746, 33.7798892077171], [-84.4016209142409, 33.779888943399], [-84.401615985185, 33.7798882228707], [-84.4016124350429, 33.7798868243738], [-84.4016083450135, 33.7798845067368], [-84.401605978851, 33.7798824534177], [-84.4016038579286, 33.7798804224985], [-84.4016013893582, 33.7798767108442], [-84.401600240413, 33.7798727371115], [-84.4015928302102, 33.7798727244183], [-84.401485733062, 33.7798722435682], [-84.4014848266619, 33.7798751689882], [-84.4014805641559, 33.7798811012138], [-84.4014772808135, 33.7798838451947], [-84.4014695696751, 33.779887227571], [-84.4014646262461, 33.7798881093781], [-84.4014607868466, 33.779888083245], [-84.4014544896564, 33.7798871245317], [-84.4014498462647, 33.7798852616114], [-84.4014438895361, 33.7798808518289], [-84.4014423624001, 33.7798793241595], [-84.4014398938297, 33.7798756125051], [-84.4014387709356, 33.7798717276251], [-84.4013240228361, 33.7798709481104], [-84.4013230562489, 33.7798740684091], [-84.4013204798807, 33.7798780600615], [-84.4013187946412, 33.7798800006348], [-84.4013157592338, 33.7798824952308], [-84.4013111005708, 33.7798850047599], [-84.4013078001604, 33.7798861269921], [-84.4013028558331, 33.7798870087992], [-84.4012965514564, 33.7798867377611], [-84.4012905345406, 33.7798850936126], [-84.4012850781736, 33.779882309312], [-84.4012805919871, 33.779878224327], [-84.4012781225184, 33.779874511926], [-84.401276998726, 33.7798706233126], [-84.4011870324503, 33.7798699640105], [-84.4011875346085, 33.7798283555374], [-84.4011844524888, 33.7798276895149], [-84.4011797731644, 33.779825981899], [-84.4011759921554, 33.7798233797821], [-84.4011730753257, 33.7798208149981], [-84.4011730205285, 33.7798207492919], [-84.4011708124695, 33.7798181053616], [-84.4011694703865, 33.7798151194601], [-84.4011684049845, 33.77981190732], [-84.4011681507613, 33.7798098442926], [-84.4011681822023, 33.7798066388721], [-84.4011696042354, 33.7798013816239], [-84.401171204135, 33.7797989982782], [-84.4011726656939, 33.7797968232512], [-84.4011736538407, 33.7797959070967], [-84.401176560789, 33.779793213886], [-84.4011792180056, 33.7797914861096], [-84.4011838739737, 33.7797898091061], [-84.4011877511025, 33.7797886823927], [-84.4011878912397, 33.7797820438181], [-84.4011882299045, 33.7797472418792], [-84.4012776149703, 33.7797478496627], [-84.4012801419311, 33.77974274473], [-84.4012818343571, 33.7797403412228], [-84.401285973794, 33.7797364847098], [-84.4012917391815, 33.7797335204587], [-84.40129778664, 33.7797319591868], [-84.4013029986652, 33.7797317650545], [-84.4013065586887, 33.779732246652], [-84.4013126357916, 33.7797339169366], [-84.4013169405184, 33.7797362106846], [-84.4013201726568, 33.7797387694978], [-84.4013231748265, 33.7797425789709], [-84.4013255975828, 33.7797481139812], [-84.4014398911348, 33.7797489315768], [-84.4014410733177, 33.7797454416756], [-84.4014436047702, 33.779741441057], [-84.401447744207, 33.7797375860374], [-84.4014521333755, 33.7797350690373], [-84.4014570848893, 33.7797334995521], [-84.4014620265217, 33.7797328462222], [-84.4014647690782, 33.7797328656355], [-84.4014696972359, 33.7797335854184], [-84.4014754374705, 33.7797354565552], [-84.4014787100331, 33.7797373105188], [-84.4014849461378, 33.7797436795517], [-84.4014873688942, 33.7797492138153], [-84.4016008818101, 33.7797500478374], [-84.4016025688462, 33.7797465400164], [-84.4016050580778, 33.7797422235595], [-84.4016092397355, 33.7797386843783], [-84.4016114253366, 33.7797372978256], [-84.4016161064575, 33.7797352683962], [-84.4016210534798, 33.7797341566154], [-84.4016262646067, 33.7797339639764], [-84.4016298246302, 33.7797344455739], [-84.4016336568432, 33.7797351593834], [-84.4016356825442, 33.7797360217789], [-84.4016391150069, 33.7797377144634], [-84.4016434377, 33.7797409684195], [-84.4016455074184, 33.7797431867544], [-84.4016491375105, 33.779750376369], [-84.4017631867207, 33.7797510341788], [-84.4017643392592, 33.7797476405971], [-84.4017668698133, 33.7797436392319], [-84.4017710101485, 33.7797397842124], [-84.4017754002153, 33.7797372679591], [-84.4017789746118, 33.7797361472183], [-84.4017828229945, 33.7797352571962], [-84.4017858413338, 33.7797350488774], [-84.4017891318627, 33.7797350712773], [-84.4017954263579, 33.779736258471], [-84.401798703412, 33.7797376547303], [-84.4018022203164, 33.7797397625593], [-84.4018072778315, 33.7797442865884], [-84.4018106339374, 33.77975141199], [-84.4018643747509, 33.7797518398277], [-84.4018645616005, 33.7797326072902], [-84.4018763519886, 33.7797326879297], [-84.4019163836126, 33.779732959715], [-84.4019281722041, 33.7797330396079], [-84.4019279853545, 33.7797522721453], [-84.4019811772974, 33.77975263353], [-84.4019837042583, 33.7797475293444], [-84.4019853966843, 33.779745124344], [-84.401988165292, 33.7797423952919], [-84.4019917217222, 33.7797398827719], [-84.4019939270862, 33.7797387523246], [-84.4019988777018, 33.7797371843328], [-84.4020038202325, 33.7797365302563], [-84.4020076587337, 33.7797365563895], [-84.4020125850947, 33.7797375061444], [-84.4020158289112, 33.779738543259], [-84.4020183208378, 33.7797398349855], [-84.4020223866127, 33.7797424087318], [-84.4020258047024, 33.7797457717005], [-84.4020291617066, 33.779752897102], [-84.4021429486087, 33.779753733364], [-84.4021454746713, 33.7797486276851], [-84.4021479962423, 33.7797455432217], [-84.4021513065341, 33.7797423691587], [-84.4021545925714, 33.7797405316218], [-84.4021592718957, 33.7797387321646], [-84.4021642171214, 33.7797378496093], [-84.4021683314054, 33.7797376480104], [-84.4021732604614, 33.7797383692865], [-84.4021770333855, 33.7797394026678], [-84.4021822723603, 33.7797420936401], [-84.4021875751154, 33.7797468715345], [-84.4021893151521, 33.779750070984], [-84.4021912043091, 33.7797540611489], [-84.402280863361, 33.7797546704256], [-84.4022804636107, 33.7797956547248], [-84.4022846659296, 33.7797970636765], [-84.4022894557467, 33.7797991774771], [-84.4022940739856, 33.779802634523], [-84.4022949534363, 33.7798037321164], [-84.4022962730614, 33.7798053785064], [-84.4022976241276, 33.7798074490005], [-84.4022992312136, 33.7798113518034], [-84.4022997172022, 33.7798177671238], [-84.4022982951691, 33.7798230236243], [-84.4022957915644, 33.7798266703214], [-84.4022941215963, 33.7798283659907], [-84.4022913386156, 33.7798311913594], [-84.4022867769705, 33.7798336993967], [-84.4022800710469, 33.7798359513289], [-84.4022796677034, 33.7798773925461], [-84.4021900095498, 33.779876784017], [-84.4021880449343, 33.7798805188178], [-84.4021858144174, 33.7798839430073], [-84.402184129178, 33.7798858843271], [-84.4021797418061, 33.7798893077697], [-84.402175333773, 33.7798913379421], [-84.4021681894716, 33.7798928932378], [-84.4021618859932, 33.7798926207063], [-84.4021580528819, 33.7798919076447], [-84.4021534103885, 33.7798900447246], [-84.4021504405582, 33.7798881698577], [-84.4021469110775, 33.7798849442804], [-84.4021446751707, 33.7798822092594], [-84.4021417520528, 33.779876455486]]], [[[-84.4027703337998, 33.7803912703365], [-84.4026804636438, 33.780390664051], [-84.4026745697972, 33.7803997867061], [-84.4026585941582, 33.7804068120012], [-84.4026342578989, 33.7803947990375], [-84.4025183132434, 33.7803895701984], [-84.4025080221436, 33.780402124489], [-84.402491224546, 33.7804054538322], [-84.4024786247759, 33.7804010082369], [-84.402469943457, 33.7803892446559], [-84.4023564377276, 33.7803884785858], [-84.4023505447793, 33.7803976012412], [-84.4023309965404, 33.7804046026434], [-84.4023178416114, 33.7804006117621], [-84.4023080679411, 33.7803881522966], [-84.4021371230341, 33.7803869979648], [-84.4021296526442, 33.7803981575007], [-84.4021114060641, 33.7804031197827], [-84.4020944683295, 33.7803958727303], [-84.4020887532476, 33.7803866724223], [-84.4019991579761, 33.7803860676301], [-84.40199680978, 33.7801969899565], [-84.4018935187937, 33.7801932633828], [-84.4018936553376, 33.7801745177659], [-84.4018694673003, 33.7801741832627], [-84.4018683902202, 33.7800351619782], [-84.4019067186384, 33.7800353568565], [-84.4019109110759, 33.7799859973807], [-84.4019811889755, 33.7799887913845], [-84.4020047607686, 33.7799720721601], [-84.4020478987668, 33.7799722916784], [-84.4020475636952, 33.7800182508711], [-84.4021551665949, 33.780129439715], [-84.4021992433326, 33.7801296637128], [-84.4021962097219, 33.7802451763104], [-84.4022039100805, 33.7802451516707], [-84.4022037232309, 33.7802644296393], [-84.4022438482798, 33.7802647014229], [-84.402244034231, 33.7802454234543], [-84.4022558524669, 33.7802455026001], [-84.4022556656173, 33.7802647805687], [-84.4023092573105, 33.7802651426979], [-84.4023176358972, 33.780253750934], [-84.4023305761289, 33.7802492202117], [-84.402352999875, 33.7802574229991], [-84.4023576288936, 33.7802654682408], [-84.4024711328264, 33.780266234312], [-84.4024795114131, 33.780254843295], [-84.4024965758102, 33.7802501109751], [-84.402513790226, 33.7802571310557], [-84.4025195026129, 33.7802665613483], [-84.4026332832268, 33.7802673281662], [-84.4026375124951, 33.7802598011054], [-84.4026496451414, 33.7802522912171], [-84.4026647628893, 33.7802521635386], [-84.4026729447449, 33.7802559140029], [-84.4026816539115, 33.7802676544558], [-84.4027715231692, 33.7802682607421], [-84.4027703337998, 33.7803912703365]]]]}}, {"type": "Feature", "properties": {"name": "Center Street Apts", "aka": [], "doors": []}, "geometry": {"type": "Polygon", "coordinates": [[[-84.4018672136757, 33.7801963292305], [-84.4018672506798, 33.7801913006499], [-84.4018716313339, 33.7801913229566], [-84.4018716179761, 33.7801931515312], [-84.4018935190877, 33.7801932630669], [-84.4018936557229, 33.7801745174728], [-84.4018694670722, 33.780174183081], [-84.4018673754964, 33.780174154608], [-84.4018675395976, 33.7801516292386], [-84.4018681456054, 33.7800687672161], [-84.4018683906376, 33.7800351621989], [-84.401906718321, 33.7800353569326], [-84.4019069751592, 33.7800001514613], [-84.401907160612, 33.7799747759303], [-84.4018748113994, 33.7799745148009], [-84.4018748425777, 33.7799764406691], [-84.4018688180641, 33.7799766387935], [-84.4018688565991, 33.7799713802887], [-84.4019110163751, 33.7799715956685], [-84.4019109110603, 33.7799859979484], [-84.4019599443272, 33.7799861172565], [-84.4019786906423, 33.7799863429905], [-84.4019811894224, 33.7799887916194], [-84.4019934902401, 33.7799805739541], [-84.4020016049181, 33.7799751521772], [-84.4019998196055, 33.7799722161981], [-84.4019997165653, 33.7799720468841], [-84.4020047612689, 33.779972072428], [-84.4020363608533, 33.7799722330664], [-84.4020478993189, 33.7799722922071], [-84.4020478128849, 33.7799841148261], [-84.402047648126, 33.7800067772485], [-84.4020475639768, 33.7800182509239], [-84.402155167201, 33.780129439262], [-84.4021642049252, 33.7801294851308], [-84.402191282466, 33.7801296228011], [-84.4021992436546, 33.7801296635087], [-84.4021992373413, 33.7801305128765], [-84.4021989068358, 33.7801758422304], [-84.402196717049, 33.7801758310818], [-84.4021966839501, 33.7801803069427], [-84.4021963000273, 33.7802329460864], [-84.4021962347512, 33.7802418401008], [-84.4021962112801, 33.7802450996155], [-84.4021957455585, 33.7803088806214], [-84.4022526887413, 33.7803091704557], [-84.4022521188859, 33.7803873546395], [-84.4019991579417, 33.780386067359], [-84.4019995411348, 33.7803335120719], [-84.4019996755606, 33.7803151514876], [-84.4019997542245, 33.7803044334071], [-84.4019998191806, 33.7802954149656], [-84.4019999669392, 33.7802752176918], [-84.4020005104614, 33.7802007447547], [-84.4019968095649, 33.7801969892209], [-84.4018672136757, 33.7801963292305]]]}}, {"type": "Feature", "properties": {"name": "Center Street Apts - N", "aka": [], "doors": [[-84.402222, 33.780258, false]]}, "geometry": {"type": "Polygon", "coordinates": [[[-84.4026342581061, 33.7803947988884], [-84.4026320939034, 33.7803903380489], [-84.4025183138097, 33.7803895700562], [-84.4025166909936, 33.7803927469706], [-84.4025124206254, 33.7803986925067], [-84.402508022434, 33.7804021244827], [-84.4025025045468, 33.7804043819434], [-84.4024964442522, 33.7804057180509], [-84.4024912250271, 33.780405453923], [-84.4024862842044, 33.780404731224], [-84.4024827247019, 33.7804033305482], [-84.4024786249495, 33.7804010076136], [-84.4024756593713, 33.7803984444757], [-84.4024720362203, 33.7803935184642], [-84.4024699438016, 33.7803892441266], [-84.4023564379759, 33.7803884781654], [-84.4023533983789, 33.7803939750278], [-84.4023505447745, 33.7803976006083], [-84.4023461476539, 33.7804010316749], [-84.4023417305163, 33.7804030679248], [-84.4023356702192, 33.7804044040245], [-84.4023309964623, 33.7804046022969], [-84.4023257813773, 33.7804038783119], [-84.4023222192654, 33.7804027066559], [-84.4023178415618, 33.7804006114629], [-84.4023150368001, 33.7803984158878], [-84.4023122525398, 33.7803958208419], [-84.4023097772509, 33.7803921008466], [-84.4023080679686, 33.7803881521724], [-84.4022429463355, 33.7803881601936], [-84.4022422722418, 33.7803884373857], [-84.4022000906675, 33.7803878281395], [-84.4021967938119, 33.7803877054958], [-84.4021371230298, 33.780386997966], [-84.4021355001971, 33.7803901739739], [-84.4021329186294, 33.7803941741172], [-84.4021296524452, 33.7803981575338], [-84.4021235188976, 33.7804011365717], [-84.4021163552326, 33.7804029237883], [-84.4021114061294, 33.7804031198728], [-84.4021029042832, 33.7804012263958], [-84.4020974341194, 33.780398435401], [-84.4020944685525, 33.7803958722539], [-84.4020904622983, 33.7803906214659], [-84.4020887530236, 33.780386671887], [-84.4019991579417, 33.780386067359], [-84.4019995578524, 33.7803447574366], [-84.4019994594983, 33.7803447224598], [-84.4019942521547, 33.7803428785949], [-84.4019880879179, 33.7803393739092], [-84.4019850689452, 33.7803366269244], [-84.4019875562406, 33.7803352669992], [-84.4019864746746, 33.7803334233812], [-84.4019995411348, 33.7803335120719], [-84.4019996663892, 33.7803335127347], [-84.4019998440077, 33.7803151529697], [-84.4019996755606, 33.7803151514876], [-84.401986652296, 33.7803150636162], [-84.4019866767049, 33.7803125389456], [-84.4019855842412, 33.7803118431506], [-84.4019886563273, 33.780309137748], [-84.4019940552141, 33.780306399957], [-84.4019997542245, 33.7803044334071], [-84.4019999483983, 33.7803043663146], [-84.402000035137, 33.7802954163571], [-84.4020002304073, 33.7802752198942], [-84.402000348311, 33.7802630572933], [-84.4020899432648, 33.7802636618209], [-84.4020912181106, 33.7802611645193], [-84.4020941726169, 33.780256134881], [-84.4020983212894, 33.7802522706029], [-84.4021040996021, 33.7802492976538], [-84.4021132104771, 33.7802472659818], [-84.4021227952294, 33.7802487354192], [-84.4021293593814, 33.7802519931842], [-84.4021336859982, 33.7802559422768], [-84.4021356103179, 33.7802583766704], [-84.4021380398481, 33.7802639244041], [-84.4021919060493, 33.7802643499756], [-84.4021923092639, 33.7802451891131], [-84.4021962104101, 33.7802451762575], [-84.402203910128, 33.7802451516433], [-84.4022037231882, 33.7802644293077], [-84.4022438489889, 33.7802647007515], [-84.40224403484, 33.7802454230891], [-84.4022558530561, 33.7802455024142], [-84.4022556661279, 33.7802647800786], [-84.4023092578962, 33.7802651421056], [-84.4023105327356, 33.7802626448017], [-84.4023125821982, 33.7802587286226], [-84.4023176358918, 33.7802537508728], [-84.4023220365724, 33.7802512277634], [-84.4023256204674, 33.780250104675], [-84.4023305763127, 33.7802492197073], [-84.4023347004526, 33.7802490179763], [-84.402342109823, 33.7802502156457], [-84.4023464875195, 33.7802523108378], [-84.4023497423185, 33.7802544262075], [-84.4023530006103, 33.7802574224838], [-84.4023549249362, 33.780259856874], [-84.4023576289141, 33.7802654680964], [-84.4024711334978, 33.7802662340592], [-84.4024753628166, 33.7802587071063], [-84.402479511472, 33.7802548428156], [-84.4024852897741, 33.7802518707503], [-84.4024899754932, 33.780250524647], [-84.4024965760263, 33.7802501107983], [-84.4025039853966, 33.7802513075563], [-84.402509457096, 33.7802538695107], [-84.4025137904827, 33.7802571306169], [-84.402516800528, 33.7802609487678], [-84.4025195034392, 33.7802665608903], [-84.4026332833678, 33.780267327981], [-84.4026349765115, 33.7802638119095], [-84.4026375126725, 33.7802598010227], [-84.4026424192572, 33.7802555223208], [-84.4026460619917, 33.7802534136055], [-84.4026496458825, 33.7802522905076], [-84.4026535014276, 33.7802513986146], [-84.4026587258661, 33.7802512046868], [-84.4026647632873, 33.7802521633179], [-84.402669419395, 33.7802538008289], [-84.402672945216, 33.7802559138684], [-84.4026770260531, 33.7802596082445], [-84.4026797592338, 33.7802636550387], [-84.4026816543874, 33.7802676538448], [-84.4027715236134, 33.7802682600579], [-84.4027711266818, 33.7803093400557], [-84.4027764323968, 33.7803112197656], [-84.4027825955812, 33.7803147235122], [-84.4027852802356, 33.7803172168515], [-84.4027831283785, 33.7803188313182], [-84.4027842099613, 33.7803206749292], [-84.4027710171686, 33.7803205856616], [-84.4027708397146, 33.780338945427], [-84.4027840314279, 33.780339033795], [-84.4027840070424, 33.7803415584656], [-84.4027851005925, 33.7803422542514], [-84.4027834032114, 33.7803438308809], [-84.4027793662687, 33.7803466923317], [-84.4027707354182, 33.7803497311806], [-84.4027703343466, 33.7803912701263], [-84.402693733381, 33.7803907539472], [-84.4026804639123, 33.780390663915], [-84.4026774243385, 33.7803961616869], [-84.4026745707453, 33.7803997863731], [-84.40267017364, 33.7804032183528], [-84.4026652872487, 33.7804058073224], [-84.4026585943851, 33.7804068119383], [-84.4026522759381, 33.7804065400012], [-84.4026484354153, 33.7804058251226], [-84.4026437808288, 33.7804039576869], [-84.4026408030854, 33.7804020789296], [-84.402636278506, 33.7803980076089], [-84.4026342581061, 33.7803947988884]]]}}, {"type": "Feature", "properties": {"name": "Center Street Apts - S", "aka": [], "doors": [[-84.401892, 33.779867, false]]}, "geometry": {"type": "Polygon", "coordinates": [[[-84.4021446756244, 33.7798822093183], [-84.4021417520929, 33.7798764560489], [-84.4020282382919, 33.7798756843895], [-84.4020266197641, 33.7798788531748], [-84.4020240435781, 33.7798828433878], [-84.4020223590681, 33.7798847851512], [-84.4020190743905, 33.7798875288296], [-84.4020135642398, 33.7798902388828], [-84.4020064194143, 33.7798917934311], [-84.4020025808036, 33.7798917673904], [-84.4019962831921, 33.7798908083213], [-84.4019916405372, 33.7798889453462], [-84.4019886423821, 33.7798870927598], [-84.4019841556149, 33.7798830078179], [-84.4019816868582, 33.7798792968197], [-84.4019799819424, 33.7798753562471], [-84.4019202086838, 33.7798749499585], [-84.4019202180591, 33.7798740347643], [-84.4019194957345, 33.7798740469612], [-84.4018697676027, 33.7798736918269], [-84.4018697096824, 33.7798746233433], [-84.4018090222785, 33.7798743666139], [-84.4018057845568, 33.7798816518158], [-84.4018011381109, 33.7798855125244], [-84.4017972416342, 33.7798876235017], [-84.4017928368287, 33.7798894261809], [-84.4017850630438, 33.779890784453], [-84.4017777566488, 33.7798893232716], [-84.4017701147684, 33.7798856076986], [-84.4017666150366, 33.7798823594042], [-84.4017631592644, 33.7798778117461], [-84.4017614543586, 33.7798738711704], [-84.4016479405623, 33.7798730991612], [-84.4016437468967, 33.7798802581446], [-84.4016390253495, 33.7798846933421], [-84.401633266446, 33.7798876536095], [-84.4016261216137, 33.7798892081358], [-84.4016209142998, 33.7798889439482], [-84.401615985396, 33.7798882229948], [-84.4016124345743, 33.7798868249821], [-84.4016083446025, 33.7798845074096], [-84.401605978644, 33.7798824534436], [-84.4016038578534, 33.7798804224538], [-84.4016013891132, 33.7798767114479], [-84.4016002401985, 33.7798727373521], [-84.4015928297861, 33.7798727244101], [-84.4014857327079, 33.7798722438924], [-84.4014848261371, 33.7798751696733], [-84.4014805643241, 33.7798811016331], [-84.4014772807091, 33.7798838452951], [-84.4014695696698, 33.7798872276357], [-84.4014646257061, 33.7798881098412], [-84.4014607870957, 33.7798880837837], [-84.4014544894904, 33.779887124687], [-84.4014498457675, 33.7798852616934], [-84.4014438896698, 33.7798808522278], [-84.4014423619624, 33.77987932413], [-84.4014398932292, 33.7798756131209], [-84.4014387704796, 33.7798717282373], [-84.4013240225035, 33.7798709483598], [-84.4013230559922, 33.7798740690103], [-84.4013204797761, 33.7798780601103], [-84.401318794168, 33.7798800009645], [-84.401315759292, 33.7798824952935], [-84.4013111005029, 33.7798850053332], [-84.4013077995022, 33.7798861269527], [-84.4013028555369, 33.7798870091518], [-84.4012965511711, 33.77988673802], [-84.4012905345968, 33.7798850940271], [-84.4012850774663, 33.7798823092827], [-84.4012805918123, 33.779878224313], [-84.4012781220038, 33.779874512401], [-84.401276998172, 33.7798706239113], [-84.4011870320449, 33.7798699644971], [-84.4011875341076, 33.7798283559321], [-84.4011844517457, 33.7798276900595], [-84.4011797728227, 33.7798259822068], [-84.40117599198, 33.7798233800122], [-84.4011730750443, 33.7798208149468], [-84.4011730197976, 33.7798207492313], [-84.4011708120475, 33.7798181052762], [-84.4011694704115, 33.7798151197525], [-84.4011684045752, 33.7798119073902], [-84.4011681506105, 33.7798098448941], [-84.4011681818263, 33.7798066394637], [-84.4011696035752, 33.7798013819369], [-84.4011712037582, 33.779798998536], [-84.4011726652207, 33.7797968236803], [-84.4011736539407, 33.7797959075268], [-84.4011765608641, 33.7797932141795], [-84.4011792177548, 33.7797914860744], [-84.4011838734146, 33.7797898091716], [-84.4011877509904, 33.779788682853], [-84.4011878905408, 33.7797820437277], [-84.4011882297552, 33.779747242039], [-84.4012776147056, 33.7797478502618], [-84.401280141452, 33.7797427448153], [-84.4012818344353, 33.7797403414003], [-84.401285973424, 33.7797364852825], [-84.4012917387956, 33.7797335205107], [-84.4012977865703, 33.7797319590731], [-84.4013029980236, 33.7797317652274], [-84.4013065582132, 33.7797322471533], [-84.4013126353145, 33.7797339171783], [-84.4013169400777, 33.7797362109093], [-84.4013201722871, 33.7797387699619], [-84.4013231746785, 33.7797425791404], [-84.4013255976287, 33.7797481142801], [-84.4014398909668, 33.7797489319891], [-84.4014410734962, 33.7797454421513], [-84.4014436043262, 33.7797414412168], [-84.4014477443899, 33.7797375859932], [-84.4014521332098, 33.7797350692487], [-84.4014570850079, 33.7797334999703], [-84.4014620263484, 33.7797328467896], [-84.4014647689806, 33.7797328659159], [-84.4014696967921, 33.7797335859758], [-84.4014754375606, 33.7797354567994], [-84.401478709961, 33.7797373106799], [-84.401484945656, 33.7797436798024], [-84.4014873686141, 33.7797492140371], [-84.4016008813366, 33.7797500484105], [-84.4016025691359, 33.7797465404778], [-84.4016050580663, 33.7797422240418], [-84.4016092400149, 33.7797386843111], [-84.401611424895, 33.7797372979196], [-84.4016161065745, 33.7797352684052], [-84.4016210531418, 33.7797341571692], [-84.4016262645969, 33.7797339642115], [-84.4016298247884, 33.7797344461281], [-84.40163365663, 33.7797351592517], [-84.4016356824481, 33.7797360218816], [-84.4016391152965, 33.7797377149583], [-84.4016434378071, 33.7797409689029], [-84.4016455072769, 33.7797431866318], [-84.4016491376153, 33.7797503767015], [-84.4017631864956, 33.7797510340826], [-84.4017643390425, 33.7797476407755], [-84.4017668698574, 33.7797436398345], [-84.4017710099067, 33.7797397846001], [-84.4017753997969, 33.7797372678421], [-84.4017789750472, 33.7797361474909], [-84.4017828230251, 33.7797352574427], [-84.4017858414528, 33.7797350488202], [-84.4017891315309, 33.7797350714045], [-84.4017954265128, 33.7797362586071], [-84.4017987030697, 33.7797376553338], [-84.4018022201954, 33.7797397630051], [-84.401807278257, 33.7797442868711], [-84.401810634175, 33.77975141254], [-84.4018643748084, 33.7797518402979], [-84.4018645619471, 33.7797326077144], [-84.4018763520216, 33.7797326880313], [-84.4019163836357, 33.7797329597617], [-84.4019281726305, 33.7797330400756], [-84.401927985506, 33.7797522726591], [-84.4019811774421, 33.7797526337883], [-84.4019837041493, 33.7797475292293], [-84.4019853971105, 33.779745124903], [-84.4019881656999, 33.7797423957344], [-84.401991722024, 33.7797398832632], [-84.4019939270338, 33.7797387528956], [-84.4019988777449, 33.7797371844992], [-84.4020038201586, 33.7797365303931], [-84.4020076587623, 33.7797365564338], [-84.4020125850476, 33.7797375063961], [-84.4020158293114, 33.7797385434197], [-84.4020183206024, 33.7797398352433], [-84.4020223864443, 33.7797424089173], [-84.4020258044323, 33.7797457718701], [-84.4020291614481, 33.779752897531], [-84.4021429484416, 33.7797537335875], [-84.4021454751368, 33.7797486281236], [-84.4021479965636, 33.7797455432706], [-84.4021513070484, 33.7797423694517], [-84.4021545931163, 33.7797405319269], [-84.402159272173, 33.779738732318], [-84.4021642172005, 33.7797378500827], [-84.4021683315985, 33.7797376483759], [-84.4021732604981, 33.7797383693073], [-84.402177033834, 33.779739402612], [-84.4021822726179, 33.7797420939619], [-84.4021875754191, 33.7797468716109], [-84.4021893150248, 33.779750070957], [-84.4021912047232, 33.7797540616665], [-84.4022808639448, 33.7797546704425], [-84.4022804643587, 33.7797956548726], [-84.4022846663118, 33.7797970642459], [-84.4022894565006, 33.7797991775875], [-84.4022940743688, 33.7798026347186], [-84.4022949541363, 33.7798037321519], [-84.4022962737889, 33.7798053787527], [-84.402297624835, 33.7798074490698], [-84.4022992314029, 33.7798113519565], [-84.4022997175842, 33.7798177671801], [-84.4022982959016, 33.779823023818], [-84.4022957922124, 33.779826670369], [-84.402294122152, 33.7798283659576], [-84.4022913387172, 33.7798311916381], [-84.4022867771322, 33.7798336997258], [-84.4022800715266, 33.7798359513295], [-84.4022796677929, 33.7798773929043], [-84.402190009523, 33.779876784126], [-84.4021880448683, 33.7798805189095], [-84.4021858148227, 33.7798839431297], [-84.4021841292365, 33.7798858848974], [-84.4021797418308, 33.7798893078249], [-84.4021753344184, 33.7798913386405], [-84.4021681895958, 33.7798928931981], [-84.4021618863044, 33.7798926212068], [-84.4021580533717, 33.7798919081017], [-84.4021534107133, 33.7798900451326], [-84.4021504405665, 33.7798881699554], [-84.4021469117287, 33.7798849442686], [-84.4021446756244, 33.7798822093183]]]}}, {"type": "Feature", "properties": {"name": "Centergy One", "aka": [], "doors": [[-84.389587, 33.777355, true]]}, "geometry": {"type": "Polygon", "coordinates": [[[-84.3888981514522, 33.7777384780564], [-84.3888992050108, 33.7777049283887], [-84.3889008462454, 33.7777049452695], [-84.3889012501397, 33.7776782150648], [-84.3888996078237, 33.7776781972843], [-84.3889004459327, 33.7776226801516], [-84.388902087168, 33.777622697934], [-84.388902489982, 33.7775959677309], [-84.3889008487473, 33.7775959499485], [-84.3889011338252, 33.7775407701272], [-84.3889020885915, 33.7775137035152], [-84.3889025097689, 33.7774744331004], [-84.3889047012339, 33.7774742848896], [-84.3889056055761, 33.777414313474], [-84.3889034197061, 33.7774141190469], [-84.3889035856426, 33.7774031158867], [-84.3892995096181, 33.7774043435195], [-84.3893107226087, 33.7774047705098], [-84.3893107252577, 33.7774045423871], [-84.3893961157308, 33.7774033901737], [-84.3894190972671, 33.7774036318129], [-84.389484757257, 33.7774043220611], [-84.3895038721854, 33.7774045228782], [-84.3895088326081, 33.7774045833483], [-84.3895920012682, 33.7774056188129], [-84.3896160756383, 33.7774059179504], [-84.3896456740696, 33.7774062855459], [-84.389681738585, 33.7774064980869], [-84.3897047209289, 33.7774066341781], [-84.3897046229233, 33.7774258945468], [-84.3897045433582, 33.7774414382719], [-84.389703662438, 33.777471903985], [-84.3897036052217, 33.7774806564257], [-84.3897031925559, 33.7775080719047], [-84.3897023661461, 33.777562903766], [-84.3897019523999, 33.7775903192467], [-84.3897011259889, 33.7776451511073], [-84.3897007133241, 33.7776725674872], [-84.3896998869095, 33.7777273984454], [-84.3896995976114, 33.7777465897316], [-84.389676615983, 33.777746348145], [-84.3896109546515, 33.7777456580019], [-84.3895423261395, 33.7777449371167], [-84.3894830926233, 33.7777443137404], [-84.3894068345244, 33.7777435127832], [-84.3893356413134, 33.7777430777274], [-84.3892971089742, 33.7777426729776], [-84.3892237100816, 33.7777419010119], [-84.3888981514522, 33.7777384780564]]]}}, {"type": "Feature", "properties": {"name": "Central Receiving", "aka": ["Business Services"], "doors": [[-84.401611, 33.773113, true], [-84.401695, 33.772659, true]]}, "geometry": {"type": "Polygon", "coordinates": [[[-84.4016096244498, 33.7731807539911], [-84.4014649057568, 33.7731576865215], [-84.4014552654786, 33.7731561495111], [-84.4014448570795, 33.7731433559283], [-84.4012102692143, 33.7731058270713], [-84.4012922735881, 33.7727473680122], [-84.4012816725153, 33.7727343664991], [-84.4012834193456, 33.7727264178161], [-84.4013031543303, 33.7726403734637], [-84.4013049948094, 33.7726323227155], [-84.4013203131791, 33.7726236305136], [-84.4013329786772, 33.772568953663], [-84.4014100384026, 33.7725810939364], [-84.4014253567525, 33.7725724017215], [-84.4014352842798, 33.7725739841723], [-84.4015250446522, 33.7725882912292], [-84.401534689189, 33.772589829128], [-84.4015450284037, 33.7726026111147], [-84.4017219785493, 33.7726308160405], [-84.401714971029, 33.7726614783602], [-84.4017342666041, 33.7726645541148], [-84.4017281286215, 33.7726914107068], [-84.4017088447741, 33.7726882826331], [-84.40167673471, 33.7728287824757], [-84.4016455337466, 33.7729673492365], [-84.4016401388708, 33.7729903759915], [-84.4016223063941, 33.7730664832649], [-84.4016327949713, 33.7730793740586], [-84.4016309587903, 33.7730874094749], [-84.4016096244498, 33.7731807539911]]]}}, {"type": "Feature", "properties": {"name": "Challenge Course", "aka": [], "doors": []}, "geometry": {"type": "Polygon", "coordinates": [[[-84.4020507263016, 33.7780460145313], [-84.4020570255484, 33.7780527522812], [-84.4022361186229, 33.7782443099853], [-84.4021671544073, 33.778289567476], [-84.4021934952128, 33.7783177975125], [-84.4022352028531, 33.7782907981911], [-84.4023455625495, 33.7784101455931], [-84.4024295399014, 33.7784974733517], [-84.4023909925413, 33.7785216833026], [-84.4024028127255, 33.7785339980236], [-84.4023094179111, 33.7785953399364], [-84.402205735758, 33.7784845030746], [-84.4022287932771, 33.7784689975407], [-84.4021875700479, 33.7784244778242], [-84.4022108250395, 33.7784089331456], [-84.4020628260017, 33.7782521342865], [-84.4021054613909, 33.7782244353606], [-84.4020784556007, 33.7781966276447], [-84.402117428621, 33.7781709490891], [-84.4020212569921, 33.7780680836628], [-84.4020486531372, 33.7780475666217], [-84.4020507263016, 33.7780460145313]]]}}, {"type": "Feature", "properties": {"name": "Challenge Course Pavilion", "aka": [], "doors": []}, "geometry": {"type": "Polygon", "coordinates": [[[-84.402050725765, 33.7780460146261], [-84.4020570256501, 33.7780527518968], [-84.4022361182767, 33.7782443095339], [-84.4021671546124, 33.7782895670323], [-84.4021934950131, 33.7783177973293], [-84.4022352028935, 33.7782907975532], [-84.4023455618244, 33.77841014531], [-84.4024295399304, 33.7784974725585], [-84.4023909923233, 33.7785216826979], [-84.4024028123558, 33.778533998327], [-84.4023094172107, 33.7785953404968], [-84.4022057354572, 33.7784845028381], [-84.4022287934139, 33.7784689974116], [-84.4021875697255, 33.7784244777221], [-84.4022108244133, 33.778408932711], [-84.4020628260719, 33.7782521339486], [-84.4021054610136, 33.7782244352632], [-84.4020784558595, 33.7781966275541], [-84.4021174283698, 33.7781709486103], [-84.4020212565321, 33.7780680834228], [-84.4020486533517, 33.7780475662219], [-84.402050725765, 33.7780460146261]]]}}, {"type": "Feature", "properties": {"name": "Chapin Building", "aka": ["Chapin"], "doors": [[-84.395157, 33.773296, true]]}, "geometry": {"type": "Polygon", "coordinates": [[[-84.3950014299747, 33.7733610355903], [-84.3950022888249, 33.7732948878635], [-84.3952113330324, 33.7732967794028], [-84.3952118403141, 33.7732576819041], [-84.3952266937571, 33.773257815793], [-84.3952431268046, 33.7732579647876], [-84.3953215336002, 33.7732586743133], [-84.3953207997087, 33.7733152751128], [-84.395320395505, 33.7733464171396], [-84.3953196616123, 33.7734030179382], [-84.3952099670626, 33.7734020255301], [-84.3952104743429, 33.7733629271304], [-84.3950702955364, 33.7733616592376], [-84.3950516350436, 33.7733614899974], [-84.3950014299747, 33.7733610355903]]]}}, {"type": "Feature", "properties": {"name": "Cherry Emerson", "aka": ["Cherry Emerson Building"], "doors": [[-84.397568, 33.77795, true], [-84.397573, 33.778005, false], [-84.397129, 33.778051, false]]}, "geometry": {"type": "Polygon", "coordinates": [[[-84.3969050655674, 33.7780549889173], [-84.3968663280414, 33.7780534219799], [-84.3968413465574, 33.7780539545673], [-84.396847157336, 33.7778095969654], [-84.3969562901883, 33.7778108170705], [-84.3972332186976, 33.7778168387667], [-84.3972907054405, 33.7778179170212], [-84.3975819401643, 33.7778238345581], [-84.3975808670892, 33.777863738269], [-84.3975798971217, 33.7778998169794], [-84.3975762183683, 33.7780365954363], [-84.3975754299976, 33.7780659096136], [-84.3969050655674, 33.7780549889173]]]}}, {"type": "Feature", "properties": {"name": "Chi Psi", "aka": [], "doors": []}, "geometry": {"type": "Polygon", "coordinates": [[[-84.3925877971245, 33.775301091975], [-84.3925546423977, 33.7752705127128], [-84.3925478462165, 33.7752756519475], [-84.392536615536, 33.7752655045684], [-84.3925252766197, 33.7752548434445], [-84.3925214566613, 33.7752577312148], [-84.392452795961, 33.7751946041312], [-84.3924501166458, 33.7751919130923], [-84.3924622165844, 33.7751827635275], [-84.3923843460217, 33.7751109378825], [-84.3923911659081, 33.7751057814819], [-84.3923661530401, 33.7750829153387], [-84.3923605768577, 33.7750773253732], [-84.3923686994288, 33.7750711513308], [-84.3924548709365, 33.7750060305508], [-84.3924817194249, 33.775030593834], [-84.392690207593, 33.7752228961976], [-84.3925877971245, 33.775301091975]]]}}, {"type": "Feature", "properties": {"name": "Clarke Howell Residence Hall", "aka": ["Howell Residence Hall"], "doors": [[-84.390862, 33.772121, true], [-84.391121, 33.772167, true], [-84.391147, 33.772095, false]]}, "geometry": {"type": "Polygon", "coordinates": [[[-84.3908481396346, 33.7723465227022], [-84.3908481339259, 33.7722796624475], [-84.3908536553209, 33.7722796623363], [-84.3908536550648, 33.7722745896377], [-84.3908536543196, 33.7722655983566], [-84.3908536538228, 33.7722596041691], [-84.39085365119, 33.7722208709696], [-84.3908420556209, 33.7722208712943], [-84.3908420553679, 33.7722157994973], [-84.3908409270208, 33.7722157609724], [-84.3908329448159, 33.7722086118388], [-84.3908329418602, 33.7721784569651], [-84.3908412318213, 33.7721715325415], [-84.3908417759705, 33.7721715324548], [-84.3908417748734, 33.7721653074453], [-84.3908553019493, 33.7721653072186], [-84.3908553026578, 33.7721618484769], [-84.390855300451, 33.7721452490511], [-84.3908553000691, 33.7721376409048], [-84.3908591652535, 33.7721376401951], [-84.3908591178651, 33.7721103265101], [-84.3908591488357, 33.7719418994938], [-84.3909155620637, 33.7719418961865], [-84.3909295652316, 33.7719418950868], [-84.3909378289363, 33.771941894497], [-84.3909378289703, 33.7719501951137], [-84.3909535410525, 33.7719501223803], [-84.3909750187029, 33.7719501230199], [-84.3909855898205, 33.7719501921688], [-84.3909856017403, 33.772095210394], [-84.3911749871066, 33.7720951996417], [-84.3911749904964, 33.772136237465], [-84.3911896220602, 33.7721362369959], [-84.39118962491, 33.7721671312251], [-84.3911868642173, 33.7721671317391], [-84.3911868678039, 33.7722007922378], [-84.3911240933498, 33.7722009145354], [-84.3910968682957, 33.772200798142], [-84.3909856113289, 33.7722008047496], [-84.3909856129787, 33.7722213236611], [-84.3909425463474, 33.772221326191], [-84.3909425508964, 33.7722794259889], [-84.3909489003935, 33.7722794261719], [-84.3909489067795, 33.7723465163466], [-84.3908481396346, 33.7723465227022]]]}}, {"type": "Feature", "properties": {"name": "Cloudman Residence Hall", "aka": [], "doors": [[-84.391777, 33.772888, false]]}, "geometry": {"type": "Polygon", "coordinates": [[[-84.3917007978608, 33.7729694286237], [-84.3917008866939, 33.7729414618983], [-84.3917041807899, 33.7729414694167], [-84.3917042316874, 33.7729254226098], [-84.391702717982, 33.7729254199599], [-84.3916712130029, 33.7729253493671], [-84.3916498818242, 33.7729253025978], [-84.3916502762739, 33.7728705075387], [-84.3916503007399, 33.7727939517638], [-84.3915116827705, 33.7727934145332], [-84.3915116156745, 33.7727970744641], [-84.3914337165101, 33.7727966798757], [-84.3914337722011, 33.7727791417259], [-84.3914338016072, 33.7727684895464], [-84.3914338403983, 33.7727577102167], [-84.3914275264597, 33.7727576964692], [-84.3914276583991, 33.7727164338922], [-84.3914304029332, 33.7727164406155], [-84.3914304921231, 33.7726877498611], [-84.3914305068006, 33.7726838610058], [-84.3914343866344, 33.7726816052178], [-84.3914379258062, 33.7726816131986], [-84.3914387315734, 33.7726871163215], [-84.3914576712167, 33.7726871584668], [-84.3914576871975, 33.7726821154936], [-84.3914616636374, 33.7726821244806], [-84.391464541865, 33.7726845410775], [-84.3914645336258, 33.7726871739187], [-84.3914753526384, 33.7726870442103], [-84.39149442833, 33.7726875035674], [-84.3916662847686, 33.7726876222694], [-84.3916662942536, 33.7726846422897], [-84.3917052726449, 33.7726847281101], [-84.3917431519302, 33.7726848123161], [-84.3917431444892, 33.7726873342524], [-84.3917845920985, 33.7726874263645], [-84.3917856369588, 33.7727067297465], [-84.3917921996102, 33.7727118472784], [-84.3917921299277, 33.7727335024004], [-84.3917852759234, 33.7727383531715], [-84.3917846817616, 33.7727456522329], [-84.39179099354, 33.772745665966], [-84.3917909581391, 33.772756898821], [-84.3917909466175, 33.772760336844], [-84.3917908912941, 33.7727779876997], [-84.3917908792941, 33.7727816556451], [-84.3917908344126, 33.7727958684797], [-84.3917867176088, 33.7727958588577], [-84.3917863282463, 33.7727910573652], [-84.3917752043174, 33.7727910199497], [-84.3917747866697, 33.7729223698797], [-84.3917349854562, 33.7729222819755], [-84.3917349744131, 33.7729254909777], [-84.3917237738436, 33.7729254663205], [-84.3917212506389, 33.7729254610035], [-84.3917211986625, 33.7729415069107], [-84.3917623732364, 33.7729415986262], [-84.3917622844234, 33.7729695653516], [-84.3917007978608, 33.7729694286237]]]}}, {"type": "Feature", "properties": {"name": "Clough Building", "aka": ["Clough Undergraduate Learning Commons"], "doors": [[-84.396591, 33.774277, true], [-84.396606, 33.775017, true], [-84.396591, 33.774277, true], [-84.396606, 33.775017, true], [-84.396563, 33.775048, false], [-84.396299, 33.77422, false]]}, "geometry": {"type": "Polygon", "coordinates": [[[-84.396080908675, 33.7742805829823], [-84.3961858225621, 33.7742804158646], [-84.3961866544998, 33.7742482424561], [-84.3963827728315, 33.7742489072552], [-84.3963826333487, 33.7742609671163], [-84.3965237025296, 33.7742631605586], [-84.3965230758948, 33.774279984757], [-84.3965707529242, 33.774280456778], [-84.3965708195781, 33.7743054098851], [-84.3965939878262, 33.7743059275513], [-84.3965928019953, 33.7743648103695], [-84.3966327564272, 33.7743650163398], [-84.3966265075942, 33.7748064454389], [-84.3966632324063, 33.7748076916119], [-84.3966862186699, 33.7749125695481], [-84.3966399304452, 33.7749216407781], [-84.396639938639, 33.7749247072824], [-84.3966252471097, 33.7749238582524], [-84.3966213734152, 33.7750447806554], [-84.3965982979992, 33.7750447334844], [-84.396598842331, 33.7750548986003], [-84.3965332660657, 33.7750545825561], [-84.3965332361663, 33.7750446004188], [-84.3965091069614, 33.7750445515874], [-84.3965077854756, 33.77513918246], [-84.3963126272648, 33.7751373556513], [-84.3963110706058, 33.77514392979], [-84.3961720445535, 33.7751419982963], [-84.3961765695368, 33.7748221242021], [-84.3961828658496, 33.7744782060386], [-84.396077840643, 33.7744755863537], [-84.396080908675, 33.7742805829823]]]}}, {"type": "Feature", "properties": {"name": "Coliseum Annex", "aka": [], "doors": []}, "geometry": {"type": "Polygon", "coordinates": [[[-84.3930144243475, 33.7798708601991], [-84.3930132023871, 33.7799415889019], [-84.3930129953651, 33.7799622244824], [-84.3930122518546, 33.7800362821062], [-84.3930118935172, 33.7800720494825], [-84.3930115931015, 33.7800928926137], [-84.3930096462004, 33.7800928574137], [-84.3928749878292, 33.7800931412938], [-84.392872027142, 33.7800931476226], [-84.3927207567421, 33.7800934662923], [-84.3927201493622, 33.7800953103809], [-84.3927195513095, 33.7801261885383], [-84.392634506251, 33.7801254300211], [-84.3926301028808, 33.7801253902967], [-84.3926300964908, 33.7801209009846], [-84.3926300929018, 33.7801178894746], [-84.3926300606306, 33.7800932645245], [-84.3926297279546, 33.780093222756], [-84.3926269714975, 33.7800928770608], [-84.3924890799157, 33.7800930068477], [-84.3924900176226, 33.7800874275143], [-84.3924908565405, 33.7800038834411], [-84.3924909036322, 33.7799991983726], [-84.3924916509543, 33.7799247764762], [-84.3924916980979, 33.779920111244], [-84.3924922569608, 33.7798643944565], [-84.392492274967, 33.7798626154647], [-84.3924927962229, 33.779810672158], [-84.3924928125642, 33.7798090816144], [-84.3926855561261, 33.779810890008], [-84.3927230913362, 33.7798111530632], [-84.3927499040287, 33.7798112148469], [-84.3928798158261, 33.7798131668851], [-84.3930147566475, 33.779814111434], [-84.3930145014716, 33.7798423011413], [-84.3930144243475, 33.7798708601991]]]}}, {"type": "Feature", "properties": {"name": "College of Computing", "aka": [], "doors": [[-84.39711, 33.777637, true], [-84.397491, 33.777088, true], [-84.397369, 33.777092, true], [-84.397217, 33.777088, true], [-84.397474, 33.777211, false]]}, "geometry": {"type": "Polygon", "coordinates": [[[-84.3974883208926, 33.7771801328289], [-84.3974787525403, 33.7771874396798], [-84.3974788425258, 33.7773059355172], [-84.3976128909522, 33.7773085330511], [-84.3976216274669, 33.7773087024416], [-84.39762153887, 33.7773118989636], [-84.3976139976593, 33.7775833283477], [-84.3976244015578, 33.7775904319276], [-84.3976322588377, 33.777599316527], [-84.3976326234495, 33.7775999956902], [-84.3976374664285, 33.7776101996376], [-84.3976375614389, 33.7776105997932], [-84.3976387517422, 33.7776155918155], [-84.3976390258383, 33.7776167409087], [-84.397640019296, 33.777621205833], [-84.3976377151534, 33.7776316657012], [-84.3976371549929, 33.7776329543085], [-84.3976348145635, 33.7776383424525], [-84.3976312713827, 33.7776445605639], [-84.3976309877415, 33.7776450849545], [-84.3976286779356, 33.7776486075232], [-84.3976204239437, 33.777655649544], [-84.3976118608617, 33.7776605732606], [-84.3976109482749, 33.7776930831268], [-84.3974581185235, 33.7776901221875], [-84.3972339008624, 33.7776857787791], [-84.3971541575553, 33.7776842335365], [-84.3969174827722, 33.7776793736307], [-84.3969201977733, 33.777571026969], [-84.3969922493933, 33.7775735325518], [-84.3969922731952, 33.7775727435619], [-84.3969954784058, 33.7774648413982], [-84.3969971018329, 33.7774101991604], [-84.3971308772238, 33.7774127914156], [-84.3971388778081, 33.7771248537471], [-84.3971500593016, 33.7771159389691], [-84.397197828738, 33.777116865004], [-84.3972764550264, 33.7771183879625], [-84.3973370630429, 33.7771195631524], [-84.397387190246, 33.7771203575739], [-84.3973939656991, 33.7771256637518], [-84.3974441398904, 33.777085596095], [-84.3974594846301, 33.7770858937971], [-84.3974721478205, 33.7770968387112], [-84.3975214173079, 33.777140148476], [-84.3975210619037, 33.7771529634191], [-84.3974883208926, 33.7771801328289]]]}}, {"type": "Feature", "properties": {"name": "Commander Building", "aka": [], "doors": [[-84.404007, 33.778954, true], [-84.403862, 33.77895, true]]}, "geometry": {"type": "Polygon", "coordinates": [[[-84.4038250206552, 33.7789043413409], [-84.403827141884, 33.7787952536511], [-84.4039064209496, 33.7787956215208], [-84.4039455017067, 33.7787958024535], [-84.4040247807729, 33.7787961702472], [-84.404025723438, 33.7788643017367], [-84.4040257362718, 33.7788728692054], [-84.4040247922082, 33.7789623806785], [-84.4040202561364, 33.7789623596486], [-84.4040099973382, 33.7789623126573], [-84.4038460919979, 33.7789615773598], [-84.4038397150284, 33.778961581501], [-84.4038249199945, 33.7789614539489], [-84.403824655072, 33.7789593554132], [-84.4038250206552, 33.7789043413409]]]}}, {"type": "Feature", "properties": {"name": "Coon Building", "aka": [], "doors": [[-84.395996, 33.772469, true], [-84.396065, 33.772953, true], [-84.395996, 33.772469, true], [-84.396065, 33.772953, true], [-84.395836, 33.77285, true], [-84.395671, 33.773169, false]]}, "geometry": {"type": "Polygon", "coordinates": [[[-84.3956742972015, 33.7732023981888], [-84.3956746231231, 33.7731930122818], [-84.395674515302, 33.7731589805052], [-84.3956746971041, 33.7731226156156], [-84.3956737783637, 33.7726080847156], [-84.3956277836341, 33.7726081421017], [-84.3956276530538, 33.7725627053588], [-84.3956276334321, 33.7725244816315], [-84.3956275545169, 33.7724797967705], [-84.3957431507796, 33.7724793000473], [-84.3957636527129, 33.7724797705238], [-84.3959073825637, 33.772480368322], [-84.3959902152707, 33.7724802631262], [-84.3960123030031, 33.7724802419189], [-84.3960786935374, 33.7724801545939], [-84.3960789195021, 33.7726066596554], [-84.396075614654, 33.7726066639953], [-84.3960764760543, 33.7730878428628], [-84.3959310532589, 33.7730880247317], [-84.3959310019751, 33.7730590430064], [-84.3958880354761, 33.7730590966678], [-84.3958878728065, 33.7729680129215], [-84.3959308381804, 33.7729679592623], [-84.3959307704181, 33.7729295480836], [-84.3959306371521, 33.7728556001898], [-84.3959058501741, 33.7728556309046], [-84.3959059515116, 33.7729123284391], [-84.3958717984072, 33.7729123711339], [-84.3958717924576, 33.7729089205203], [-84.3958714699926, 33.7728827001581], [-84.395871457361, 33.772875523928], [-84.39587169664, 33.7728550983458], [-84.3958223958416, 33.7728551601412], [-84.3958225642416, 33.772949233759], [-84.3958230113217, 33.7731994839132], [-84.3956748340953, 33.7731996687917], [-84.3956742972015, 33.7732023981888]]]}}, {"type": "Feature", "properties": {"name": "Couch Building", "aka": [], "doors": [[-84.404488, 33.777935, true], [-84.404633, 33.778538, true], [-84.404572, 33.778542, true], [-84.404596, 33.77838, false]]}, "geometry": {"type": "MultiPolygon", "coordinates": [[[[-84.4045829059413, 33.7782880859647], [-84.4045828620632, 33.7783046304556], [-84.4045660612565, 33.7783042093139], [-84.4045629035411, 33.7783852468351], [-84.4045938639619, 33.7783860229786], [-84.4046288877209, 33.778386900379], [-84.4046300016061, 33.7783559066607], [-84.4046943358079, 33.7783575182687], [-84.4046930815794, 33.7783924155081], [-84.4046554155133, 33.7783914719912], [-84.4046500697669, 33.7785402430979], [-84.4046806322234, 33.7785411651528], [-84.4046877348208, 33.7785411875199], [-84.4046864816671, 33.7785760847561], [-84.4046221462197, 33.7785744722452], [-84.4046232601069, 33.7785434776263], [-84.4045311583066, 33.778541170234], [-84.4045092954894, 33.7785403080159], [-84.4044739712675, 33.7785397368206], [-84.4044748496192, 33.7785153102871], [-84.4044379110283, 33.77851428776], [-84.4044379958699, 33.7785070879082], [-84.4044412785659, 33.7784157487808], [-84.4044021800666, 33.7784149458992], [-84.4043587980471, 33.7784136814953], [-84.4043610225719, 33.7783797669938], [-84.4043644592287, 33.7782561854078], [-84.4043523620942, 33.77825588231], [-84.4043554392776, 33.778170245622], [-84.4043675444052, 33.7781703196846], [-84.4043716042478, 33.7780573628592], [-84.4043738290872, 33.7780274760331], [-84.4043762506995, 33.7779281057436], [-84.4044691768142, 33.7779304342062], [-84.4044911513791, 33.777931155559], [-84.4045789774829, 33.77793332606], [-84.4045664107244, 33.7782876723489], [-84.4045658161373, 33.7783042025732], [-84.4045665165456, 33.7782876748498], [-84.4045829059413, 33.7782880859647]]], [[[-84.4045664107244, 33.7782876723489], [-84.4045688358031, 33.7782329879104], [-84.4045665165456, 33.7782876748498], [-84.4045664107244, 33.7782876723489]]]]}}, {"type": "Feature", "properties": {"name": "Crosland Tower", "aka": ["Crosland Tower Library"], "doors": [[-84.394981, 33.774181, true], [-84.394981, 33.774181, true], [-84.395351, 33.774075, false], [-84.394981, 33.77408, false]]}, "geometry": {"type": "MultiPolygon", "coordinates": [[[[-84.3951111134794, 33.7743508579212], [-84.395093272278, 33.7743506970895], [-84.3950931989513, 33.7743564272267], [-84.3950611551847, 33.7743561384944], [-84.3949806646261, 33.7743554119226], [-84.3949817754331, 33.7742690522985], [-84.3949818670113, 33.7742624664593], [-84.394990099049, 33.7742626550032], [-84.3949902916595, 33.7742477566429], [-84.3949570807613, 33.774247456518], [-84.3949581795836, 33.7741911697304], [-84.3949582813156, 33.7741546255665], [-84.3949914921755, 33.7741549247895], [-84.3949916847856, 33.7741400264289], [-84.3949848232164, 33.774139964286], [-84.3949860237399, 33.7740471333327], [-84.3950971842691, 33.7740481358476], [-84.3950971109428, 33.774053865985], [-84.3951149510029, 33.7740540268184], [-84.3951153103426, 33.7740262922236], [-84.3952264708457, 33.7740272946222], [-84.3952261126215, 33.7740550292152], [-84.395243952682, 33.7740551900299], [-84.3952440270781, 33.7740494598905], [-84.3952505344933, 33.7740495181667], [-84.3953551876119, 33.7740504621729], [-84.3953538552553, 33.774141882287], [-84.3953538332312, 33.7741433457098], [-84.3953466023558, 33.7741432635332], [-84.3953463715552, 33.7741575813008], [-84.3953803146635, 33.7741579629161], [-84.3953795205656, 33.7742475579883], [-84.3953795071628, 33.7742502341177], [-84.395379531531, 33.7742512781861], [-84.3953751014351, 33.7742512259852], [-84.3953463578207, 33.7742507526839], [-84.3953455406893, 33.7742658604836], [-84.3953524022662, 33.7742659217048], [-84.3953514556189, 33.7743391556724], [-84.3953512021386, 33.7743587535584], [-84.3953088485555, 33.7743585146502], [-84.3952449474556, 33.7743578053028], [-84.3952400412067, 33.7743577512741], [-84.3952401156033, 33.7743520211348], [-84.3952222744016, 33.7743518603218], [-84.3952222153152, 33.7743564444323], [-84.3952220836864, 33.7743666441687], [-84.3952219161753, 33.7743795949133], [-84.3951162369291, 33.7743786418746], [-84.3951107552173, 33.7743785925126], [-84.3951108044601, 33.77437477212], [-84.3951111085329, 33.7743567231797], [-84.3951111134794, 33.7743508579212]]], [[[-84.3949012935114, 33.7744637299787], [-84.3949252112973, 33.7744639156655], [-84.3949618266205, 33.7744642455672], [-84.3949615161089, 33.7744835424058], [-84.3949591061588, 33.7744835116993], [-84.3949500494097, 33.7744833959094], [-84.3949499338395, 33.7744923351056], [-84.3949499222358, 33.7744932521076], [-84.3949005165799, 33.7744928061005], [-84.3949012935114, 33.7744637299787]]]]}}, {"type": "Feature", "properties": {"name": "Curran Street Parking Deck", "aka": [], "doors": [[-84.405138, 33.779496, false]]}, "geometry": {"type": "Polygon", "coordinates": [[[-84.4054429095477, 33.7795601971186], [-84.4054427504923, 33.7795437341725], [-84.405382512171, 33.7795441392416], [-84.4053823542093, 33.7795276771949], [-84.405378360276, 33.7795277038554], [-84.4053286871544, 33.7795280379682], [-84.4053288461855, 33.7795445000129], [-84.4052970847505, 33.7795447138139], [-84.4052968969666, 33.7795252790799], [-84.4051416413218, 33.779525636909], [-84.4051405256628, 33.7794098201301], [-84.4051403411687, 33.7793907803123], [-84.4051394027677, 33.7792933388459], [-84.4051347171045, 33.7788072360012], [-84.4051453955777, 33.7788071648733], [-84.405145359112, 33.7788033572692], [-84.4051622073782, 33.7787885304103], [-84.405211639295, 33.7787881977334], [-84.4052865138267, 33.7787876950218], [-84.4054295238766, 33.7787869603733], [-84.4056390522842, 33.7787853240506], [-84.4059014683421, 33.7787835596093], [-84.4059019446804, 33.7788329466495], [-84.4059315161702, 33.7788327477592], [-84.405933793321, 33.7790688453049], [-84.4059345439539, 33.7791465869471], [-84.4059381485, 33.7795202802305], [-84.4058784587031, 33.7795206817732], [-84.4058786528447, 33.7795408026504], [-84.4057746082271, 33.7795417310215], [-84.4057747645502, 33.7795579649528], [-84.405634575199, 33.7795589082337], [-84.4056344178226, 33.7795426743041], [-84.4056223684431, 33.7795425263228], [-84.4056223060687, 33.779536006602], [-84.405599538274, 33.7795172990413], [-84.4055859811471, 33.7795173902084], [-84.4055860417956, 33.7795236782082], [-84.4055794705406, 33.7795237224882], [-84.4055788489404, 33.7795160659658], [-84.4055591351771, 33.7795161988036], [-84.4055586608444, 33.7795238619559], [-84.4055520895894, 33.7795239062344], [-84.4055520289434, 33.7795176182346], [-84.4055386792804, 33.7795177639956], [-84.405516070675, 33.779536949817], [-84.4055161313284, 33.7795432414234], [-84.4055040836644, 33.7795433224468], [-84.4055042416494, 33.7795597844932], [-84.4054429095477, 33.7795601971186]]]}}, {"type": "Feature", "properties": {"name": "D.M. Smith Building", "aka": ["Smith Building"], "doors": [[-84.395218, 33.773495, true], [-84.395312, 33.773666, false]]}, "geometry": {"type": "Polygon", "coordinates": [[[-84.3949818055413, 33.7738074485322], [-84.3949823747887, 33.7737330602416], [-84.3950092073975, 33.7737332035525], [-84.3950097237478, 33.7736657454604], [-84.3950099352387, 33.7736380237609], [-84.3950104515883, 33.7735705656678], [-84.3949836179505, 33.773570422359], [-84.3949841871959, 33.7734960340656], [-84.3952115781361, 33.7734972469791], [-84.3952434536045, 33.7734977054954], [-84.3952645134701, 33.7734971741865], [-84.3953012077857, 33.7734977247471], [-84.3953009834107, 33.7735270640363], [-84.3953175815392, 33.7735271523043], [-84.3953168406173, 33.7736351626389], [-84.3953165636763, 33.7736695043932], [-84.3953156498286, 33.7737798872936], [-84.3952990516514, 33.7737797990255], [-84.3952989359424, 33.7738053367449], [-84.3952547133887, 33.773805386202], [-84.3952235294289, 33.7738051635428], [-84.3949818055413, 33.7738074485322]]]}}, {"type": "Feature", "properties": {"name": "Dalney Deck", "aka": [], "doors": []}, "geometry": {"type": "Polygon", "coordinates": [[[-84.4008610778828, 33.7798524513064], [-84.4008988550712, 33.7798527429732], [-84.4008988509192, 33.7798532010201], [-84.4008934229851, 33.7803427079963], [-84.4000134986731, 33.7803359021893], [-84.4000191874183, 33.7798232655808], [-84.4000194616825, 33.7798232677671], [-84.4000194695371, 33.7798225806938], [-84.4000867365768, 33.7798231008617], [-84.4000867287227, 33.7798237879351], [-84.4001629611758, 33.7798243776615], [-84.4001627148029, 33.7798465921168], [-84.4005527616092, 33.7798496088616], [-84.4008610778828, 33.7798524513064]]]}}, {"type": "Feature", "properties": {"name": "Dalney Office Building", "aka": ["Dalney Street Office Building"], "doors": [[-84.40052, 33.779736, true]]}, "geometry": {"type": "Polygon", "coordinates": [[[-84.4005527616092, 33.7798496088616], [-84.4005537616367, 33.7797594941083], [-84.4000279621887, 33.7797554258563], [-84.4000292932586, 33.7796354820413], [-84.4008931681544, 33.7796421640343], [-84.4008918442885, 33.7797615352933], [-84.4008620888169, 33.7797613050414], [-84.4008610778828, 33.7798524513064], [-84.4005527616092, 33.7798496088616]]]}}, {"type": "Feature", "properties": {"name": "Daniel Lab Addition", "aka": [], "doors": []}, "geometry": {"type": "MultiPolygon", "coordinates": [[[[-84.3939301017698, 33.773591637878], [-84.3939609420193, 33.7735917496923], [-84.3939605979794, 33.7736139706527], [-84.3939293534786, 33.7736136909737], [-84.3939301017698, 33.773591637878]]], [[[-84.393990424676, 33.7736117274063], [-84.3940232815726, 33.7736121718069], [-84.3940232846855, 33.7736133502611], [-84.3941653536643, 33.773613927897], [-84.3941649785453, 33.7736688951339], [-84.3939702601137, 33.7736679681597], [-84.3939705220258, 33.7736211908422], [-84.3939898449556, 33.7736211552521], [-84.393990424676, 33.7736117274063]]]]}}, {"type": "Feature", "properties": {"name": "Daniel Laboratory", "aka": ["J.L. Daniel", "J.L. Daniel Laboratory"], "doors": [[-84.394005, 33.773598, true], [-84.394157, 33.773743, true]]}, "geometry": {"type": "Polygon", "coordinates": [[[-84.393918076897, 33.7737991879878], [-84.3938928496863, 33.7737986095924], [-84.3938349317528, 33.7737988036752], [-84.3938358325079, 33.7736737409999], [-84.3938308961485, 33.7736737176266], [-84.3938314950224, 33.7736539495944], [-84.3938315169465, 33.7736512112351], [-84.393831659672, 33.7736328812767], [-84.393831684809, 33.7736301329933], [-84.3938313098784, 33.773613253845], [-84.3939293534786, 33.7736136909737], [-84.3939605979794, 33.7736139706527], [-84.393970354897, 33.7736139157152], [-84.3939705220258, 33.7736211908422], [-84.3939702601137, 33.7736679681597], [-84.3941649785453, 33.7736688951339], [-84.3941756739923, 33.7736689466484], [-84.3941753758143, 33.773738314938], [-84.3941748025556, 33.773796744885], [-84.3939299138152, 33.7737956470411], [-84.3939295875968, 33.7737992686786], [-84.393918076897, 33.7737991879878]]]}}, {"type": "Feature", "properties": {"name": "Day Care", "aka": [], "doors": []}, "geometry": {"type": "Polygon", "coordinates": [[[-84.4004767630939, 33.7825943651055], [-84.4000506207173, 33.7825906536268], [-84.4000498271425, 33.7822980837514], [-84.4001851127592, 33.7823000864509], [-84.4001934747551, 33.7823904404189], [-84.4001650656437, 33.7823904941783], [-84.4001666730506, 33.7824842493328], [-84.4003208881117, 33.782482828559], [-84.400316225984, 33.7822603017634], [-84.4004799164668, 33.7822611214866], [-84.4004767630939, 33.7825943651055]]]}}, {"type": "Feature", "properties": {"name": "Delta Chi", "aka": [], "doors": []}, "geometry": {"type": "Polygon", "coordinates": [[[-84.3928994393132, 33.77673482895], [-84.3929007676085, 33.7764876593051], [-84.3930302080229, 33.7764892270561], [-84.3930196194196, 33.7767388851153], [-84.3928994393132, 33.77673482895]]]}}, {"type": "Feature", "properties": {"name": "Delta Sigma Phi", "aka": [], "doors": []}, "geometry": {"type": "Polygon", "coordinates": [[[-84.3925653298832, 33.7757495635901], [-84.3926399140485, 33.7757915910122], [-84.3926998664598, 33.7758255357275], [-84.3925628981104, 33.7759950383734], [-84.3923612851476, 33.7758814320865], [-84.3924982450807, 33.7757119305778], [-84.3925653298832, 33.7757495635901]], [[-84.3924463174998, 33.7758628954658], [-84.3924984315402, 33.7758912075703], [-84.3925510465919, 33.7758236658821], [-84.3924989314957, 33.7757953538014], [-84.3924463174998, 33.7758628954658]]]}}, {"type": "Feature", "properties": {"name": "Delta Sigma Theta", "aka": [], "doors": []}, "geometry": {"type": "Polygon", "coordinates": [[[-84.3927396413721, 33.7752832172641], [-84.3928124616798, 33.7753324943972], [-84.3928179471067, 33.7753364002216], [-84.3927091223177, 33.7754483846516], [-84.3926789795258, 33.775427957021], [-84.3926670755904, 33.7754402088336], [-84.3926454430583, 33.775425551513], [-84.3926590903267, 33.7754115076318], [-84.3926326110468, 33.7753935699563], [-84.3927396413721, 33.7752832172641]]]}}, {"type": "Feature", "properties": {"name": "Delta Tau Delta", "aka": [], "doors": []}, "geometry": {"type": "Polygon", "coordinates": [[[-84.3947572806184, 33.775913867635], [-84.3947886485865, 33.7759005328268], [-84.3947976499247, 33.7759151256592], [-84.3948244108769, 33.7759034592999], [-84.3948936215304, 33.775873844593], [-84.394926586383, 33.7759272858669], [-84.3948569253264, 33.7759572575775], [-84.3949401443679, 33.7760921819986], [-84.3948485695152, 33.7761315741241], [-84.3947962258481, 33.7760467145174], [-84.3947564504143, 33.7760638247561], [-84.3946913292262, 33.7759584472772], [-84.3947316373982, 33.77594110976], [-84.3947238115223, 33.7759284226469], [-84.3947572806184, 33.775913867635]]]}}, {"type": "Feature", "properties": {"name": "Delta Upsilon", "aka": [], "doors": []}, "geometry": {"type": "Polygon", "coordinates": [[[-84.3923380158264, 33.7767788656754], [-84.3922897322807, 33.7767782001778], [-84.3922897326446, 33.7767799863501], [-84.3922798258646, 33.7767798502792], [-84.3922730963548, 33.7767738170038], [-84.3922747600506, 33.7767725236981], [-84.392265078923, 33.7767641461126], [-84.3922469330366, 33.7767484436488], [-84.3922373071074, 33.7767401146494], [-84.3922357760604, 33.7767413482031], [-84.3922289362605, 33.7767352520112], [-84.3922278959433, 33.7767272156834], [-84.3922300235809, 33.7767270296608], [-84.3922307684929, 33.7766866225596], [-84.3922372351506, 33.77668670902], [-84.3922373578683, 33.7766886275116], [-84.392259549228, 33.7766890071177], [-84.3922640341394, 33.7765694677883], [-84.3922644178487, 33.7765358489841], [-84.392413025342, 33.7765390233498], [-84.3924119642499, 33.77661774584], [-84.39237106974, 33.7766501845428], [-84.3923906788735, 33.7766672088392], [-84.3925224638447, 33.7766700973609], [-84.3925200609133, 33.7767591633547], [-84.392377591174, 33.776757199632], [-84.3923774053227, 33.7767707319679], [-84.3923480585761, 33.7767703266973], [-84.392347851708, 33.7767807871426], [-84.3923379805607, 33.7767806519128], [-84.3923380158264, 33.7767788656754]]]}}, {"type": "Feature", "properties": {"name": "Economic Development", "aka": ["Economic Development Building"], "doors": [[-84.389008, 33.775455, true]]}, "geometry": {"type": "Polygon", "coordinates": [[[-84.3891402039151, 33.7757805990634], [-84.3891257255636, 33.7757803808148], [-84.3891256069653, 33.7757858766], [-84.3890017230488, 33.7757840035068], [-84.3890017944285, 33.7757807060353], [-84.3889980109884, 33.7757806488341], [-84.3890035050746, 33.7755271655055], [-84.3889916591852, 33.7755269866794], [-84.388992321072, 33.7754964861915], [-84.3890046593228, 33.775496673147], [-84.3890050587583, 33.7754782624877], [-84.3889795249468, 33.7754778765951], [-84.3889846071612, 33.775243408946], [-84.3890143195066, 33.77524385854], [-84.3890148501614, 33.7752194029653], [-84.3891398518756, 33.7752212920654], [-84.3891396067551, 33.775232558655], [-84.3891932407802, 33.7752333690207], [-84.3891756197666, 33.7757957848612], [-84.3891398865514, 33.7757952451754], [-84.3891402039151, 33.7757805990634]]]}}, {"type": "Feature", "properties": {"name": "Edge Intercollegiate Athletic Center", "aka": [], "doors": []}, "geometry": {"type": "Polygon", "coordinates": [[[-84.3922269792186, 33.7736431486359], [-84.3922181531855, 33.7736428699261], [-84.3921829304628, 33.7736724138266], [-84.3921069003648, 33.7736727880643], [-84.3920876196842, 33.7736728827916], [-84.3920870750296, 33.7736092072734], [-84.3921075253869, 33.773590302837], [-84.3921364722187, 33.7735905447972], [-84.3921356290683, 33.7735666696737], [-84.3921508826934, 33.7735666400025], [-84.3921497084629, 33.773522717237], [-84.3921354722003, 33.7735224484058], [-84.3921353649834, 33.7734922351226], [-84.3921362345543, 33.7732957985798], [-84.3921206819723, 33.7732958531399], [-84.3920922261166, 33.7732715577916], [-84.3920890835115, 33.7732696222735], [-84.3920969240954, 33.7731356394912], [-84.3921064792825, 33.7731356689234], [-84.3921064948598, 33.773132135318], [-84.3923501430141, 33.7731343534959], [-84.3923763980641, 33.7731551805455], [-84.3923761808585, 33.7732053380794], [-84.3923746820156, 33.773519799405], [-84.3923668204778, 33.7735204701855], [-84.3923677883521, 33.7735894141869], [-84.3923874448961, 33.7735893782376], [-84.3923871858253, 33.7737903074916], [-84.3923576878413, 33.7738141885105], [-84.3922750839304, 33.7738143395422], [-84.3922750439227, 33.7737990764399], [-84.3922747385221, 33.7736825645444], [-84.3922270811962, 33.773682061974], [-84.3922269792186, 33.7736431486359]]]}}, {"type": "Feature", "properties": {"name": "Eighth Street Apts", "aka": ["Eighth Street Apartments"], "doors": [[-84.4058, 33.780163, true], [-84.405258, 33.780251, true], [-84.405075, 33.779766, true], [-84.404831, 33.780296, true], [-84.404449, 33.780155, true], [-84.405805, 33.779919, false], [-84.404461, 33.779866, false], [-84.404488, 33.779937, false], [-84.405136, 33.780288, false], [-84.404868, 33.780135, false], [-84.40545, 33.780456, false], [-84.404331, 33.780165, false]]}, "geometry": {"type": "MultiPolygon", "coordinates": [[[[-84.4053057833302, 33.7801030716817], [-84.4052915683973, 33.7801031126947], [-84.4052915373444, 33.7800958084769], [-84.4052830634529, 33.7800958329774], [-84.4052830143431, 33.7800839637336], [-84.4052811010232, 33.7800839692366], [-84.4052810178793, 33.780064109624], [-84.4052829322785, 33.780064104119], [-84.4052827677047, 33.7800246139099], [-84.4052912415892, 33.7800245894095], [-84.4052909145918, 33.7799456080848], [-84.4052890001952, 33.7799456135899], [-84.4052889181295, 33.7799257539749], [-84.4052908314459, 33.7799257484718], [-84.4052907147146, 33.7798976712728], [-84.405257365581, 33.7798977682144], [-84.4052573704582, 33.7798991378134], [-84.405233314723, 33.779899206862], [-84.4052333098462, 33.7798978372629], [-84.4051698896959, 33.7798980211638], [-84.4051699279609, 33.7799071521136], [-84.4051496988553, 33.7799072101435], [-84.4051497048106, 33.7799085797405], [-84.4051259222523, 33.7799086491419], [-84.4051259162975, 33.7799072795449], [-84.4051054140169, 33.779907338997], [-84.405066050674, 33.7799074529172], [-84.4050458215681, 33.77990751093], [-84.4050458275217, 33.779908880527], [-84.4050217717859, 33.779908950436], [-84.4050217658327, 33.779907580839], [-84.4050015378065, 33.7799076388425], [-84.4050014995618, 33.7798985087942], [-84.4049380794073, 33.7798986916743], [-84.4049380853591, 33.7799000612713], [-84.4049140296256, 33.7799001311593], [-84.4049140236741, 33.7798987615623], [-84.4048806756163, 33.7798988574983], [-84.404880747397, 33.7799162060346], [-84.4048894944484, 33.7799161810344], [-84.4048897898727, 33.7799874010072], [-84.4048198101709, 33.7799876037025], [-84.4048198401039, 33.7799949079227], [-84.4047728223709, 33.779995044636], [-84.4047728272404, 33.7799964142351], [-84.4047487714771, 33.7799964831893], [-84.404748766608, 33.7799951135902], [-84.4047345516922, 33.7799951545389], [-84.4047345217664, 33.7799878503186], [-84.4047257736278, 33.7799878753099], [-84.4047257245925, 33.7799760051637], [-84.4047240844525, 33.779976010131], [-84.4047240025171, 33.7799561505151], [-84.4047256426593, 33.7799561464495], [-84.4047254783393, 33.7799166553362], [-84.4047342264707, 33.779916630345], [-84.4047339419933, 33.7798481495666], [-84.4047251949486, 33.7798481745557], [-84.4047250312629, 33.77980891246], [-84.4047233911236, 33.7798089165256], [-84.4047233085577, 33.7797888287926], [-84.4047249486967, 33.7797888247269], [-84.4047248996618, 33.7797769545804], [-84.4047336466967, 33.7797769286897], [-84.4047336167712, 33.7797696244692], [-84.4047478316497, 33.7797695835207], [-84.4047478257009, 33.7797682139237], [-84.4047718813979, 33.7797681440683], [-84.4047718873471, 33.7797695136653], [-84.4048189049594, 33.7797693778545], [-84.4048189348922, 33.7797766820751], [-84.4049135164778, 33.7797764093449], [-84.4049135105263, 33.7797750397479], [-84.4049375662249, 33.7797749698602], [-84.4049375721768, 33.7797763394572], [-84.4050009922387, 33.7797761556761], [-84.4050009539917, 33.7797670247259], [-84.4050211830646, 33.7797669667206], [-84.4050211771115, 33.7797655971236], [-84.4050452328072, 33.7797655272148], [-84.4050452387608, 33.7797668968119], [-84.4050654667539, 33.7797668388013], [-84.4051048311121, 33.7797667248796], [-84.4051253333592, 33.7797666654277], [-84.4051253274043, 33.7797652958307], [-84.4051491099229, 33.7797652264296], [-84.4051491147984, 33.7797665960287], [-84.405169343871, 33.7797665379991], [-84.4051693821358, 33.7797756689491], [-84.4052328011162, 33.7797754850509], [-84.4052327951596, 33.779774115454], [-84.4052568508574, 33.779774045504], [-84.4052568568143, 33.779775415101], [-84.4053514394723, 33.7797751411315], [-84.4053514094943, 33.7797678369113], [-84.4053984271034, 33.7797677008797], [-84.4053984211443, 33.7797663312827], [-84.4054224768394, 33.7797662613005], [-84.405422482799, 33.7797676308975], [-84.4054366976764, 33.7797675898697], [-84.4054367276615, 33.7797748940898], [-84.405445475778, 33.7797748690483], [-84.4054455249122, 33.7797867391942], [-84.4054471650486, 33.7797867342173], [-84.4054472488632, 33.779806821947], [-84.4054456087265, 33.7798068269239], [-84.4054457716612, 33.7798460890193], [-84.4054370235375, 33.7798461140609], [-84.4054373534631, 33.7799253244], [-84.405438993602, 33.7799253194233], [-84.4054390763353, 33.7799454071546], [-84.405437436196, 33.7799454121314], [-84.4054375506272, 33.7799730321971], [-84.4054583261003, 33.7799729721611], [-84.4054582967461, 33.7799658960578], [-84.4055435862034, 33.7799656489395], [-84.4055438276929, 33.7800238572821], [-84.4055525747549, 33.7800238322349], [-84.4055528707264, 33.7800950513007], [-84.4055441236572, 33.780095076348], [-84.4055441536543, 33.7801023814693], [-84.4054588651412, 33.7801026285866], [-84.4054586103684, 33.7800956430847], [-84.4054235715418, 33.7800954259597], [-84.405404560353, 33.7800954807735], [-84.4053768269316, 33.7800955614733], [-84.405376856912, 33.780102865693], [-84.4053298391197, 33.7801030017171], [-84.4053298440006, 33.7801043722178], [-84.4053057882082, 33.7801044412807], [-84.4053057833302, 33.7801030716817]]], [[[-84.4057834811531, 33.7804612999544], [-84.405783478493, 33.7804626740761], [-84.4057593370173, 33.7804626415071], [-84.4057593396752, 33.7804612664838], [-84.4056235436039, 33.7804610822941], [-84.4056235404999, 33.7804626863379], [-84.4055993990241, 33.7804626537376], [-84.4055994021285, 33.7804610496939], [-84.4054629901173, 33.7804610838181], [-84.4054630548713, 33.7804622396098], [-84.405438913393, 33.7804622060765], [-84.4054389160586, 33.7804608319547], [-84.4053442710632, 33.7804607030755], [-84.4053442568435, 33.7804680335282], [-84.4052970709338, 33.7804679696989], [-84.4052970682684, 33.7804693447223], [-84.4052729267879, 33.7804693111566], [-84.4052729294562, 33.7804679370348], [-84.4052586635468, 33.780467917732], [-84.4052586788535, 33.7804605872772], [-84.4052498992517, 33.7804605753988], [-84.4052499148112, 33.7804525569835], [-84.405249921925, 33.7804488917571], [-84.4052482763572, 33.7804488895287], [-84.4052483154825, 33.7804287303326], [-84.4052499621297, 33.780428732559], [-84.4052484660049, 33.7803891646795], [-84.4052588175599, 33.7803891131081], [-84.4052588549063, 33.7803698708947], [-84.4052347134562, 33.780369838223], [-84.4052346992272, 33.7803771686759], [-84.4051491070978, 33.7803770518996], [-84.4051491233017, 33.7803688729889], [-84.4051492220655, 33.7803184073723], [-84.4051404424781, 33.7803183954861], [-84.405140520079, 33.7802789931722], [-84.4051388734347, 33.7802789909444], [-84.4051385664559, 33.7802593923421], [-84.4051405592297, 33.7802588339755], [-84.405140582363, 33.7802469213131], [-84.4051493608659, 33.780246934103], [-84.4051493750997, 33.7802396027483], [-84.4051636409713, 33.7802396220639], [-84.4051636436413, 33.7802382479421], [-84.4051875107939, 33.7802382802564], [-84.4051872488676, 33.7802407819435], [-84.4052349708594, 33.780240688793], [-84.4052349528634, 33.7802470499781], [-84.4052898201123, 33.7802471251264], [-84.4052898343341, 33.7802397937717], [-84.4053370201213, 33.7802398585059], [-84.405337022786, 33.7802384834825], [-84.4053611641992, 33.7802385161343], [-84.4053611615348, 33.7802398911578], [-84.4053754263266, 33.780239910451], [-84.4053754121095, 33.780247240904], [-84.4053841906098, 33.7802472527756], [-84.4053841675102, 33.7802591654379], [-84.405385814154, 33.7802591676625], [-84.4053857750608, 33.780279326859], [-84.4053841284165, 33.7802793246344], [-84.4053840520045, 33.7803187260443], [-84.4053752734969, 33.7803187141728], [-84.4053752350993, 33.78033795729], [-84.4054394294373, 33.7803380449852], [-84.4054394321004, 33.7803366699617], [-84.405463573541, 33.7803367025934], [-84.4054635708783, 33.7803380776169], [-84.4055996410172, 33.780338262354], [-84.4055996441216, 33.7803366583102], [-84.4056235113011, 33.7803366905401], [-84.4056235081972, 33.7803382945838], [-84.4057598525966, 33.7803384795148], [-84.4057598556981, 33.7803368754711], [-84.40578372288, 33.7803369085716], [-84.4057837197766, 33.7803385117136], [-84.4058174625097, 33.7803385572292], [-84.4058175165677, 33.7803106095399], [-84.4058158710026, 33.780310607319], [-84.405815909995, 33.7802904481229], [-84.4058175555597, 33.7802904503438], [-84.4058176594363, 33.780237303206], [-84.4058066857725, 33.780237288406], [-84.4058067185636, 33.7802203363955], [-84.4058050730003, 33.7802203341745], [-84.405805111552, 33.7802004039984], [-84.4058067581948, 33.7802004062173], [-84.4058067914291, 33.7801832251865], [-84.4058068552382, 33.7801502372464], [-84.4058068880294, 33.7801332852357], [-84.4058052424676, 33.7801332830147], [-84.4058052814628, 33.780113123818], [-84.4058069270241, 33.780113126039], [-84.4058069598152, 33.7800961740283], [-84.405817933461, 33.7800961888283], [-84.4058180373429, 33.7800430434921], [-84.4058163907032, 33.7800430412733], [-84.4058164154385, 33.7800301845785], [-84.4058164296958, 33.7800228820764], [-84.4058180763351, 33.7800228842952], [-84.4058181392785, 33.7799437417234], [-84.4058093507458, 33.7799436054741], [-84.4058093357282, 33.7799331508554], [-84.4058094756663, 33.7798719969802], [-84.405879819283, 33.7798722312211], [-84.4058798334572, 33.7798649007677], [-84.4059270190378, 33.7798649652773], [-84.4059270216932, 33.7798635902538], [-84.4059511630007, 33.7798636227907], [-84.4059511603457, 33.7798649978142], [-84.4059654261548, 33.7798650170374], [-84.4059654119878, 33.7798723474907], [-84.4059741904497, 33.7798723593205], [-84.4059741674315, 33.7798842719833], [-84.4059758129884, 33.7798842742021], [-84.405975774033, 33.7799044333994], [-84.405974127396, 33.7799044311827], [-84.4059740512533, 33.7799438325942], [-84.4059652727842, 33.7799438207644], [-84.4059651185305, 33.7800230834327], [-84.4059667651699, 33.7800230856495], [-84.4059667251327, 33.7800432448484], [-84.4059650795728, 33.7800432426295], [-84.4059649239857, 33.7801231905541], [-84.4059671191474, 33.7801231935106], [-84.4059669489581, 33.7802107027106], [-84.4059647484104, 33.7802107051745], [-84.405964702441, 33.7802372733221], [-84.4059646815559, 33.78024801203], [-84.4059644060817, 33.7803900713374], [-84.4059731845964, 33.780390083167], [-84.4059730464808, 33.7804615564326], [-84.4059642668791, 33.7804615446051], [-84.4059642527122, 33.7804688750577], [-84.4058786604937, 33.7804687587877], [-84.4058786746679, 33.7804614283351], [-84.4057834811531, 33.7804612999544]]], [[[-84.4045319934091, 33.7804608405329], [-84.4045319805545, 33.7804624400872], [-84.4045078971057, 33.7804623061766], [-84.4045079099607, 33.7804607066223], [-84.4044132163593, 33.7804601812977], [-84.4044131588227, 33.7804674947026], [-84.4043660857435, 33.7804672337399], [-84.4043660744152, 33.7804686051735], [-84.4043419909647, 33.7804684712305], [-84.4043420022933, 33.780467099797], [-84.404327770774, 33.780467021713], [-84.404327828318, 33.7804597083081], [-84.4043190712888, 33.7804596593523], [-84.4043191632728, 33.7804480044299], [-84.4043175220042, 33.7804479949675], [-84.4043176813352, 33.780427884229], [-84.4043193221537, 33.7804281218099], [-84.4043196377559, 33.7803883565741], [-84.4043283958576, 33.7803884055277], [-84.4043290250791, 33.7803093330979], [-84.4043276559169, 33.780309324915], [-84.4043278163253, 33.7802892141739], [-84.4043294586707, 33.780289223634], [-84.4043298801862, 33.7802362030163], [-84.4043189323116, 33.7802361429518], [-84.4043193235454, 33.7801870121161], [-84.4043193112614, 33.7801825642934], [-84.4043193498245, 33.7801777611222], [-84.4043193621086, 33.7801822089449], [-84.4043195894744, 33.7801535008284], [-84.4043196232224, 33.7801492999695], [-84.4043200519391, 33.780095365964], [-84.4043309997957, 33.7800954260285], [-84.404331421315, 33.7800424072125], [-84.4043297789768, 33.780042398654], [-84.4043299393821, 33.7800222870103], [-84.4043315806426, 33.7800222964726], [-84.4043322098582, 33.7799432231364], [-84.4043234518043, 33.7799431750845], [-84.4043237643477, 33.7799038669886], [-84.4043221230919, 33.779903858428], [-84.4043222824191, 33.779883746786], [-84.4043239247568, 33.7798837562462], [-84.4043240193467, 33.7798718722982], [-84.4043325031314, 33.779871919075], [-84.4043325617571, 33.779864606569], [-84.4043467920995, 33.7798646855566], [-84.4043468034281, 33.7798633141229], [-84.4043706135245, 33.779863445887], [-84.4043706021963, 33.7798648173206], [-84.4044182223901, 33.7798650808349], [-84.4044181637742, 33.7798723942426], [-84.4044592405439, 33.77987262256], [-84.4044606118561, 33.7798726298357], [-84.4044630467464, 33.7798726431768], [-84.4044759100969, 33.7798727148655], [-84.4044782456475, 33.7798727274961], [-84.4044882260008, 33.7798727830996], [-84.4044881386244, 33.7798837527593], [-84.4044880070201, 33.7799002072498], [-84.4044878909521, 33.7799148602108], [-84.4044878749664, 33.7799168898589], [-84.4044877459707, 33.7799331162265], [-84.4044877228115, 33.7799360664746], [-84.4044876601209, 33.7799438568637], [-84.4044789031442, 33.779943807919], [-84.4044782740635, 33.7800228812553], [-84.4044799164038, 33.7800228907135], [-84.4044797560311, 33.7800430014555], [-84.4044781136904, 33.7800429919973], [-84.4044776922615, 33.7800960108135], [-84.4044886401207, 33.7800960717657], [-84.4044885039317, 33.7801132115195], [-84.4044904194567, 33.7801132222543], [-84.4044902606155, 33.7801331048753], [-84.40448834509, 33.7801330941405], [-84.40448821043, 33.7801500057735], [-84.4044879493806, 33.7801829147489], [-84.4044879350011, 33.7801847442272], [-84.4044878131914, 33.7802000545025], [-84.4044897287184, 33.7802000652373], [-84.4044895709567, 33.7802199478559], [-84.4044876554293, 33.7802199371211], [-84.4044875207691, 33.7802368487538], [-84.404476572892, 33.7802367878016], [-84.4044761514669, 33.7802898084194], [-84.4044777938098, 33.7802898169759], [-84.4044776334389, 33.7803099286187], [-84.4044759921729, 33.7803099191585], [-84.4044757686033, 33.7803380285706], [-84.4045088832976, 33.7803382127052], [-84.4045088961501, 33.7803366122493], [-84.4045327063801, 33.7803367448832], [-84.4045326935255, 33.7803383444374], [-84.4046687123322, 33.7803390983404], [-84.4046687241045, 33.7803374987882], [-84.4046925343323, 33.7803376304895], [-84.4046925214807, 33.7803392300438], [-84.4047261847024, 33.7803394166688], [-84.404726405582, 33.7803115353794], [-84.4047247643184, 33.7803115268241], [-84.4047249235517, 33.7802914151833], [-84.4047265658972, 33.7802914246382], [-84.4047271921445, 33.7802125803295], [-84.4047184351429, 33.7802125323037], [-84.4047187475061, 33.7801732242093], [-84.4047171051629, 33.7801732147544], [-84.4047172654802, 33.7801531040127], [-84.4047189067432, 33.7801531134697], [-84.4047190012787, 33.7801412295221], [-84.40472748509, 33.7801412762717], [-84.4047275436796, 33.7801339628643], [-84.4047417751464, 33.7801340418041], [-84.4047417853914, 33.7801326712742], [-84.4047655955625, 33.7801328029617], [-84.4047655853204, 33.7801341743932], [-84.4048132045837, 33.7801344377565], [-84.4048131470811, 33.7801417511618], [-84.4048544789033, 33.7801416254078], [-84.4048741771879, 33.7801420896053], [-84.40487785059, 33.780142109564], [-84.4048832084451, 33.7801421388941], [-84.4048826439734, 33.780213213555], [-84.4048738858895, 33.7802131646406], [-84.4048733500751, 33.7802805523929], [-84.4048729834208, 33.780326746503], [-84.4048726885553, 33.7803637688766], [-84.4048724692486, 33.7803914211434], [-84.4048812273507, 33.7803914700578], [-84.4048811831951, 33.7803969720196], [-84.4048806602692, 33.7804627728387], [-84.4048719032396, 33.7804627239222], [-84.4048718446622, 33.7804700373292], [-84.404786456608, 33.7804695637553], [-84.4047865151952, 33.78046225125], [-84.4045319934091, 33.7804608405329]]]]}}, {"type": "Feature", "properties": {"name": "Eighth Street Apts - E", "aka": [], "doors": []}, "geometry": {"type": "Polygon", "coordinates": [[[-84.404786456608, 33.7804695637553], [-84.4047865151952, 33.78046225125], [-84.4045319934091, 33.7804608405329], [-84.4045319805545, 33.7804624400872], [-84.4045078971057, 33.7804623061766], [-84.4045079099607, 33.7804607066223], [-84.4044132163593, 33.7804601812977], [-84.4044131588227, 33.7804674947026], [-84.4043660857435, 33.7804672337399], [-84.4043660744152, 33.7804686051735], [-84.4043419909647, 33.7804684712305], [-84.4043420022933, 33.780467099797], [-84.404327770774, 33.780467021713], [-84.404327828318, 33.7804597083081], [-84.4043190712888, 33.7804596593523], [-84.4043191632728, 33.7804480044299], [-84.4043175220042, 33.7804479949675], [-84.4043176813352, 33.780427884229], [-84.4043193221537, 33.7804281218099], [-84.4043196377559, 33.7803883565741], [-84.4043283958576, 33.7803884055277], [-84.4043290250791, 33.7803093330979], [-84.4043276559169, 33.780309324915], [-84.4043278163253, 33.7802892141739], [-84.4043294586707, 33.780289223634], [-84.4043298801862, 33.7802362030163], [-84.4043189323116, 33.7802361429518], [-84.4043193235454, 33.7801870121161], [-84.4043193112614, 33.7801825642934], [-84.4043193498245, 33.7801777611222], [-84.4043193621086, 33.7801822089449], [-84.4043195894744, 33.7801535008284], [-84.4043196232224, 33.7801492999695], [-84.4043200519391, 33.780095365964], [-84.4043309997957, 33.7800954260285], [-84.404331421315, 33.7800424072125], [-84.4043297789768, 33.780042398654], [-84.4043299393821, 33.7800222870103], [-84.4043315806426, 33.7800222964726], [-84.4043322098582, 33.7799432231364], [-84.4043234518043, 33.7799431750845], [-84.4043237643477, 33.7799038669886], [-84.4043221230919, 33.779903858428], [-84.4043222824191, 33.779883746786], [-84.4043239247568, 33.7798837562462], [-84.4043240193467, 33.7798718722982], [-84.4043325031314, 33.779871919075], [-84.4043325617571, 33.779864606569], [-84.4043467920995, 33.7798646855566], [-84.4043468034281, 33.7798633141229], [-84.4043706135245, 33.779863445887], [-84.4043706021963, 33.7798648173206], [-84.4044182223901, 33.7798650808349], [-84.4044181637742, 33.7798723942426], [-84.4044592405439, 33.77987262256], [-84.4044606118561, 33.7798726298357], [-84.4044630467464, 33.7798726431768], [-84.4044759100969, 33.7798727148655], [-84.4044782456475, 33.7798727274961], [-84.4044882260008, 33.7798727830996], [-84.4044881386244, 33.7798837527593], [-84.4044880070201, 33.7799002072498], [-84.4044878909521, 33.7799148602108], [-84.4044878749664, 33.7799168898589], [-84.4044877459707, 33.7799331162265], [-84.4044877228115, 33.7799360664746], [-84.4044876601209, 33.7799438568637], [-84.4044789031442, 33.779943807919], [-84.4044782740635, 33.7800228812553], [-84.4044799164038, 33.7800228907135], [-84.4044797560311, 33.7800430014555], [-84.4044781136904, 33.7800429919973], [-84.4044776922615, 33.7800960108135], [-84.4044886401207, 33.7800960717657], [-84.4044885039317, 33.7801132115195], [-84.4044904194567, 33.7801132222543], [-84.4044902606155, 33.7801331048753], [-84.40448834509, 33.7801330941405], [-84.40448821043, 33.7801500057735], [-84.4044879493806, 33.7801829147489], [-84.4044879350011, 33.7801847442272], [-84.4044878131914, 33.7802000545025], [-84.4044897287184, 33.7802000652373], [-84.4044895709567, 33.7802199478559], [-84.4044876554293, 33.7802199371211], [-84.4044875207691, 33.7802368487538], [-84.404476572892, 33.7802367878016], [-84.4044761514669, 33.7802898084194], [-84.4044777938098, 33.7802898169759], [-84.4044776334389, 33.7803099286187], [-84.4044759921729, 33.7803099191585], [-84.4044757686033, 33.7803380285706], [-84.4045088832976, 33.7803382127052], [-84.4045088961501, 33.7803366122493], [-84.4045327063801, 33.7803367448832], [-84.4045326935255, 33.7803383444374], [-84.4046687123322, 33.7803390983404], [-84.4046687241045, 33.7803374987882], [-84.4046925343323, 33.7803376304895], [-84.4046925214807, 33.7803392300438], [-84.4047261847024, 33.7803394166688], [-84.404726405582, 33.7803115353794], [-84.4047247643184, 33.7803115268241], [-84.4047249235517, 33.7802914151833], [-84.4047265658972, 33.7802914246382], [-84.4047271921445, 33.7802125803295], [-84.4047184351429, 33.7802125323037], [-84.4047187475061, 33.7801732242093], [-84.4047171051629, 33.7801732147544], [-84.4047172654802, 33.7801531040127], [-84.4047189067432, 33.7801531134697], [-84.4047190012787, 33.7801412295221], [-84.40472748509, 33.7801412762717], [-84.4047275436796, 33.7801339628643], [-84.4047417751464, 33.7801340418041], [-84.4047417853914, 33.7801326712742], [-84.4047655955625, 33.7801328029617], [-84.4047655853204, 33.7801341743932], [-84.4048132045837, 33.7801344377565], [-84.4048131470811, 33.7801417511618], [-84.4048544789033, 33.7801416254078], [-84.4048741771879, 33.7801420896053], [-84.40487785059, 33.780142109564], [-84.4048832084451, 33.7801421388941], [-84.4048826439734, 33.780213213555], [-84.4048738858895, 33.7802131646406], [-84.4048733500751, 33.7802805523929], [-84.4048729834208, 33.780326746503], [-84.4048726885553, 33.7803637688766], [-84.4048724692486, 33.7803914211434], [-84.4048812273507, 33.7803914700578], [-84.4048811831951, 33.7803969720196], [-84.4048806602692, 33.7804627728387], [-84.4048719032396, 33.7804627239222], [-84.4048718446622, 33.7804700373292], [-84.404786456608, 33.7804695637553]]]}}, {"type": "Feature", "properties": {"name": "Eighth Street Apts - S", "aka": [], "doors": [[-84.405419, 33.780089, false], [-84.405082, 33.779769, false], [-84.40508, 33.779892, false], [-84.40473, 33.779885, false]]}, "geometry": {"type": "Polygon", "coordinates": [[[-84.4053057882082, 33.7801044412807], [-84.4053057833302, 33.7801030716817], [-84.4052915683973, 33.7801031126947], [-84.4052915373444, 33.7800958084769], [-84.4052830634529, 33.7800958329774], [-84.4052830143431, 33.7800839637336], [-84.4052811010232, 33.7800839692366], [-84.4052810178793, 33.780064109624], [-84.4052829322785, 33.780064104119], [-84.4052827677047, 33.7800246139099], [-84.4052912415892, 33.7800245894095], [-84.4052909145918, 33.7799456080848], [-84.4052890001952, 33.7799456135899], [-84.4052889181295, 33.7799257539749], [-84.4052908314459, 33.7799257484718], [-84.4052907147146, 33.7798976712728], [-84.405257365581, 33.7798977682144], [-84.4052573704582, 33.7798991378134], [-84.405233314723, 33.779899206862], [-84.4052333098462, 33.7798978372629], [-84.4051698896959, 33.7798980211638], [-84.4051699279609, 33.7799071521136], [-84.4051496988553, 33.7799072101435], [-84.4051497048106, 33.7799085797405], [-84.4051259222523, 33.7799086491419], [-84.4051259162975, 33.7799072795449], [-84.4051054140169, 33.779907338997], [-84.405066050674, 33.7799074529172], [-84.4050458215681, 33.77990751093], [-84.4050458275217, 33.779908880527], [-84.4050217717859, 33.779908950436], [-84.4050217658327, 33.779907580839], [-84.4050015378065, 33.7799076388425], [-84.4050014995618, 33.7798985087942], [-84.4049380794073, 33.7798986916743], [-84.4049380853591, 33.7799000612713], [-84.4049140296256, 33.7799001311593], [-84.4049140236741, 33.7798987615623], [-84.4048806756163, 33.7798988574983], [-84.404880747397, 33.7799162060346], [-84.4048894944484, 33.7799161810344], [-84.4048897898727, 33.7799874010072], [-84.4048198101709, 33.7799876037025], [-84.4048198401039, 33.7799949079227], [-84.4047728223709, 33.779995044636], [-84.4047728272404, 33.7799964142351], [-84.4047487714771, 33.7799964831893], [-84.404748766608, 33.7799951135902], [-84.4047345516922, 33.7799951545389], [-84.4047345217664, 33.7799878503186], [-84.4047257736278, 33.7799878753099], [-84.4047257245925, 33.7799760051637], [-84.4047240844525, 33.779976010131], [-84.4047240025171, 33.7799561505151], [-84.4047256426593, 33.7799561464495], [-84.4047254783393, 33.7799166553362], [-84.4047342264707, 33.779916630345], [-84.4047339419933, 33.7798481495666], [-84.4047251949486, 33.7798481745557], [-84.4047250312629, 33.77980891246], [-84.4047233911236, 33.7798089165256], [-84.4047233085577, 33.7797888287926], [-84.4047249486967, 33.7797888247269], [-84.4047248996618, 33.7797769545804], [-84.4047336466967, 33.7797769286897], [-84.4047336167712, 33.7797696244692], [-84.4047478316497, 33.7797695835207], [-84.4047478257009, 33.7797682139237], [-84.4047718813979, 33.7797681440683], [-84.4047718873471, 33.7797695136653], [-84.4048189049594, 33.7797693778545], [-84.4048189348922, 33.7797766820751], [-84.4049135164778, 33.7797764093449], [-84.4049135105263, 33.7797750397479], [-84.4049375662249, 33.7797749698602], [-84.4049375721768, 33.7797763394572], [-84.4050009922387, 33.7797761556761], [-84.4050009539917, 33.7797670247259], [-84.4050211830646, 33.7797669667206], [-84.4050211771115, 33.7797655971236], [-84.4050452328072, 33.7797655272148], [-84.4050452387608, 33.7797668968119], [-84.4050654667539, 33.7797668388013], [-84.4051048311121, 33.7797667248796], [-84.4051253333592, 33.7797666654277], [-84.4051253274043, 33.7797652958307], [-84.4051491099229, 33.7797652264296], [-84.4051491147984, 33.7797665960287], [-84.405169343871, 33.7797665379991], [-84.4051693821358, 33.7797756689491], [-84.4052328011162, 33.7797754850509], [-84.4052327951596, 33.779774115454], [-84.4052568508574, 33.779774045504], [-84.4052568568143, 33.779775415101], [-84.4053514394723, 33.7797751411315], [-84.4053514094943, 33.7797678369113], [-84.4053984271034, 33.7797677008797], [-84.4053984211443, 33.7797663312827], [-84.4054224768394, 33.7797662613005], [-84.405422482799, 33.7797676308975], [-84.4054366976764, 33.7797675898697], [-84.4054367276615, 33.7797748940898], [-84.405445475778, 33.7797748690483], [-84.4054455249122, 33.7797867391942], [-84.4054471650486, 33.7797867342173], [-84.4054472488632, 33.779806821947], [-84.4054456087265, 33.7798068269239], [-84.4054457716612, 33.7798460890193], [-84.4054370235375, 33.7798461140609], [-84.4054373534631, 33.7799253244], [-84.405438993602, 33.7799253194233], [-84.4054390763353, 33.7799454071546], [-84.405437436196, 33.7799454121314], [-84.4054375506272, 33.7799730321971], [-84.4054583261003, 33.7799729721611], [-84.4054582967461, 33.7799658960578], [-84.4055435862034, 33.7799656489395], [-84.4055438276929, 33.7800238572821], [-84.4055525747549, 33.7800238322349], [-84.4055528707264, 33.7800950513007], [-84.4055441236572, 33.780095076348], [-84.4055441536543, 33.7801023814693], [-84.4054588651412, 33.7801026285866], [-84.4054586103684, 33.7800956430847], [-84.4054235715418, 33.7800954259597], [-84.405404560353, 33.7800954807735], [-84.4053768269316, 33.7800955614733], [-84.405376856912, 33.780102865693], [-84.4053298391197, 33.7801030017171], [-84.4053298440006, 33.7801043722178], [-84.4053057882082, 33.7801044412807]]]}}, {"type": "Feature", "properties": {"name": "Eighth Street Apts - W", "aka": [], "doors": []}, "geometry": {"type": "Polygon", "coordinates": [[[-84.4058786604937, 33.7804687587877], [-84.4058786746679, 33.7804614283351], [-84.4057834811531, 33.7804612999544], [-84.405783478493, 33.7804626740761], [-84.4057593370173, 33.7804626415071], [-84.4057593396752, 33.7804612664838], [-84.4056235436039, 33.7804610822941], [-84.4056235404999, 33.7804626863379], [-84.4055993990241, 33.7804626537376], [-84.4055994021285, 33.7804610496939], [-84.4054629901173, 33.7804610838181], [-84.4054630548713, 33.7804622396098], [-84.405438913393, 33.7804622060765], [-84.4054389160586, 33.7804608319547], [-84.4053442710632, 33.7804607030755], [-84.4053442568435, 33.7804680335282], [-84.4052970709338, 33.7804679696989], [-84.4052970682684, 33.7804693447223], [-84.4052729267879, 33.7804693111566], [-84.4052729294562, 33.7804679370348], [-84.4052586635468, 33.780467917732], [-84.4052586788535, 33.7804605872772], [-84.4052498992517, 33.7804605753988], [-84.4052499148112, 33.7804525569835], [-84.405249921925, 33.7804488917571], [-84.4052482763572, 33.7804488895287], [-84.4052483154825, 33.7804287303326], [-84.4052499621297, 33.780428732559], [-84.4052484660049, 33.7803891646795], [-84.4052588175599, 33.7803891131081], [-84.4052588549063, 33.7803698708947], [-84.4052347134562, 33.780369838223], [-84.4052346992272, 33.7803771686759], [-84.4051491070978, 33.7803770518996], [-84.4051491233017, 33.7803688729889], [-84.4051492220655, 33.7803184073723], [-84.4051404424781, 33.7803183954861], [-84.405140520079, 33.7802789931722], [-84.4051388734347, 33.7802789909444], [-84.4051385664559, 33.7802593923421], [-84.4051405592297, 33.7802588339755], [-84.405140582363, 33.7802469213131], [-84.4051493608659, 33.780246934103], [-84.4051493750997, 33.7802396027483], [-84.4051636409713, 33.7802396220639], [-84.4051636436413, 33.7802382479421], [-84.4051875107939, 33.7802382802564], [-84.4051872488676, 33.7802407819435], [-84.4052349708594, 33.780240688793], [-84.4052349528634, 33.7802470499781], [-84.4052898201123, 33.7802471251264], [-84.4052898343341, 33.7802397937717], [-84.4053370201213, 33.7802398585059], [-84.405337022786, 33.7802384834825], [-84.4053611641992, 33.7802385161343], [-84.4053611615348, 33.7802398911578], [-84.4053754263266, 33.780239910451], [-84.4053754121095, 33.780247240904], [-84.4053841906098, 33.7802472527756], [-84.4053841675102, 33.7802591654379], [-84.405385814154, 33.7802591676625], [-84.4053857750608, 33.780279326859], [-84.4053841284165, 33.7802793246344], [-84.4053840520045, 33.7803187260443], [-84.4053752734969, 33.7803187141728], [-84.4053752350993, 33.78033795729], [-84.4054394294373, 33.7803380449852], [-84.4054394321004, 33.7803366699617], [-84.405463573541, 33.7803367025934], [-84.4054635708783, 33.7803380776169], [-84.4055996410172, 33.780338262354], [-84.4055996441216, 33.7803366583102], [-84.4056235113011, 33.7803366905401], [-84.4056235081972, 33.7803382945838], [-84.4057598525966, 33.7803384795148], [-84.4057598556981, 33.7803368754711], [-84.40578372288, 33.7803369085716], [-84.4057837197766, 33.7803385117136], [-84.4058174625097, 33.7803385572292], [-84.4058175165677, 33.7803106095399], [-84.4058158710026, 33.780310607319], [-84.405815909995, 33.7802904481229], [-84.4058175555597, 33.7802904503438], [-84.4058176594363, 33.780237303206], [-84.4058066857725, 33.780237288406], [-84.4058067185636, 33.7802203363955], [-84.4058050730003, 33.7802203341745], [-84.405805111552, 33.7802004039984], [-84.4058067581948, 33.7802004062173], [-84.4058067914291, 33.7801832251865], [-84.4058068552382, 33.7801502372464], [-84.4058068880294, 33.7801332852357], [-84.4058052424676, 33.7801332830147], [-84.4058052814628, 33.780113123818], [-84.4058069270241, 33.780113126039], [-84.4058069598152, 33.7800961740283], [-84.405817933461, 33.7800961888283], [-84.4058180373429, 33.7800430434921], [-84.4058163907032, 33.7800430412733], [-84.4058164154385, 33.7800301845785], [-84.4058164296958, 33.7800228820764], [-84.4058180763351, 33.7800228842952], [-84.4058181392785, 33.7799437417234], [-84.4058093507458, 33.7799436054741], [-84.4058093357282, 33.7799331508554], [-84.4058094756663, 33.7798719969802], [-84.405879819283, 33.7798722312211], [-84.4058798334572, 33.7798649007677], [-84.4059270190378, 33.7798649652773], [-84.4059270216932, 33.7798635902538], [-84.4059511630007, 33.7798636227907], [-84.4059511603457, 33.7798649978142], [-84.4059654261548, 33.7798650170374], [-84.4059654119878, 33.7798723474907], [-84.4059741904497, 33.7798723593205], [-84.4059741674315, 33.7798842719833], [-84.4059758129884, 33.7798842742021], [-84.405975774033, 33.7799044333994], [-84.405974127396, 33.7799044311827], [-84.4059740512533, 33.7799438325942], [-84.4059652727842, 33.7799438207644], [-84.4059651185305, 33.7800230834327], [-84.4059667651699, 33.7800230856495], [-84.4059667251327, 33.7800432448484], [-84.4059650795728, 33.7800432426295], [-84.4059649239857, 33.7801231905541], [-84.4059671191474, 33.7801231935106], [-84.4059669489581, 33.7802107027106], [-84.4059647484104, 33.7802107051745], [-84.405964702441, 33.7802372733221], [-84.4059646815559, 33.78024801203], [-84.4059644060817, 33.7803900713374], [-84.4059731845964, 33.780390083167], [-84.4059730464808, 33.7804615564326], [-84.4059642668791, 33.7804615446051], [-84.4059642527122, 33.7804688750577], [-84.4058786604937, 33.7804687587877]]]}}, {"type": "Feature", "properties": {"name": "Emerson Building", "aka": [], "doors": []}, "geometry": {"type": "Polygon", "coordinates": [[[-84.3938337932827, 33.7732504531075], [-84.3938348487721, 33.7731905633948], [-84.3938231054928, 33.7731804630569], [-84.393823534584, 33.7731560914971], [-84.3938356311004, 33.7731462177748], [-84.3938386370278, 33.7729756772593], [-84.3938679303401, 33.7729759605538], [-84.3938676390226, 33.7729735798254], [-84.3939508987868, 33.7729747411314], [-84.3939466575063, 33.7731406214781], [-84.3940531279608, 33.773142080793], [-84.394053141893, 33.7731473545338], [-84.3940932882783, 33.77314728056], [-84.3940902337851, 33.773227742459], [-84.3940907261307, 33.7732301994569], [-84.394076730282, 33.7732301891808], [-84.3940548986823, 33.7732299697305], [-84.393946187166, 33.7732286813502], [-84.3939460606107, 33.7732518991392], [-84.3939163964873, 33.7732514686752], [-84.393904281435, 33.7732612757171], [-84.3938749392357, 33.7732609149793], [-84.3938631959421, 33.7732508146454], [-84.3938337932827, 33.7732504531075]]]}}, {"type": "Feature", "properties": {"name": "Engineered Biosystems (EBB)", "aka": ["Engineered Biosystems Building", "Engineered Biosystems Building EBB"], "doors": [[-84.398766, 33.781021, true], [-84.397888, 33.780834, true], [-84.398766, 33.781021, true], [-84.397888, 33.780834, true]]}, "geometry": {"type": "Polygon", "coordinates": [[[-84.3988102659495, 33.7810229758291], [-84.3987744512914, 33.7810338972779], [-84.3986725334555, 33.7810341926238], [-84.3986720147616, 33.7808418172524], [-84.398547122724, 33.7808420519952], [-84.3985472302699, 33.7808819606888], [-84.3981832177342, 33.780882644154], [-84.3981831154395, 33.7808446244096], [-84.3981092368697, 33.7808447629918], [-84.3981092553495, 33.7808516335412], [-84.3980664707556, 33.7808517137768], [-84.3980664522793, 33.7808448432274], [-84.3980401222206, 33.7808448925978], [-84.3980401406949, 33.7808517631472], [-84.3979973561007, 33.7808518433588], [-84.3979973376299, 33.7808449728094], [-84.3979710086509, 33.780845022163], [-84.3979710271196, 33.7808518927124], [-84.3979282425252, 33.7808519729001], [-84.3979282240599, 33.7808451023507], [-84.3978700128722, 33.7808452114273], [-84.3978698328811, 33.7807782235696], [-84.3978815224033, 33.7807782016679], [-84.397881350251, 33.7807141342439], [-84.3978423027842, 33.7807142073995], [-84.397841985299, 33.7805960330431], [-84.3978781875407, 33.7805959652187], [-84.3978781247729, 33.7805726053495], [-84.3980196425872, 33.7805723401161], [-84.3980197057207, 33.7805958217074], [-84.3980559079619, 33.7805957538309], [-84.3980559395057, 33.7806074842575], [-84.3981419014837, 33.7806073230426], [-84.3981419065651, 33.7806092119929], [-84.3983949303345, 33.7806087371191], [-84.3985331570898, 33.7806084774767], [-84.3988416309231, 33.7806078974872], [-84.3988415948517, 33.7805945287688], [-84.3988852711983, 33.7805944465867], [-84.3988855371947, 33.7806930110167], [-84.3989200939163, 33.780692945983], [-84.3989208933804, 33.7809891387752], [-84.3988172228583, 33.7809893338492], [-84.3988173135869, 33.7810229625709], [-84.3988102659495, 33.7810229758291]]]}}, {"type": "Feature", "properties": {"name": "Engineering Center", "aka": [], "doors": []}, "geometry": {"type": "Polygon", "coordinates": [[[-84.4053626530492, 33.7871178784263], [-84.4053638133415, 33.7865311830919], [-84.405879623688, 33.7865255271762], [-84.4058879826979, 33.7865231829095], [-84.4058877431671, 33.7864370423969], [-84.4064147259726, 33.7864383476709], [-84.4064149854973, 33.7865314732281], [-84.406897348981, 33.7865305350644], [-84.4068900767473, 33.7869216779385], [-84.4071577485952, 33.7869211565345], [-84.4071555579826, 33.7871237093345], [-84.4071555266672, 33.7871237093956], [-84.4053626530492, 33.7871178784263]]]}}, {"type": "Feature", "properties": {"name": "Engineering Science and Mechanics Building", "aka": [], "doors": [[-84.39566, 33.772144, true], [-84.39566, 33.772144, true]]}, "geometry": {"type": "Polygon", "coordinates": [[[-84.3956310367744, 33.7722506010023], [-84.3956321674388, 33.7721760159911], [-84.3956575452322, 33.772176149238], [-84.395656809672, 33.7721374778136], [-84.3956616586098, 33.7718944535521], [-84.395662380358, 33.7718512314852], [-84.3956621270667, 33.77184733411], [-84.3958827879304, 33.7718495600205], [-84.3958821535518, 33.7718923040502], [-84.3958810118248, 33.7719691396125], [-84.395916063912, 33.7719695027932], [-84.3959441984344, 33.7719697940598], [-84.3959430526799, 33.772181693608], [-84.3958993280425, 33.7721815016279], [-84.3958878953751, 33.7721814516315], [-84.3958868287534, 33.772253244107], [-84.3956310367744, 33.7722506010023]]]}}, {"type": "Feature", "properties": {"name": "Ethel Street Warehouse", "aka": [], "doors": []}, "geometry": {"type": "Polygon", "coordinates": [[[-84.4081341740511, 33.7843975622057], [-84.4081265566629, 33.7843974274376], [-84.4081265348131, 33.784387333501], [-84.4081187292414, 33.7843874777106], [-84.4080428888168, 33.7843875927251], [-84.4080248480408, 33.7843874783394], [-84.4080242404483, 33.7841089190523], [-84.4081868365669, 33.7841086730472], [-84.4081866527007, 33.7840981808977], [-84.4081862363165, 33.7838329133607], [-84.4086028835479, 33.7838322838139], [-84.4086035614516, 33.7840668315939], [-84.4086034871189, 33.7841087494811], [-84.4086856905913, 33.7841086243479], [-84.4086864638918, 33.7843862149289], [-84.4086716964176, 33.7843862375802], [-84.4083727651904, 33.7843866918427], [-84.4083517769332, 33.7843867239358], [-84.4083008414855, 33.7843868895086], [-84.408288002614, 33.7843869317804], [-84.4081903993995, 33.7843869695776], [-84.4081902503291, 33.7843973352455], [-84.4081617545513, 33.7843975208548], [-84.4081341740511, 33.7843975622057]]]}}, {"type": "Feature", "properties": {"name": "Exhibition Hall", "aka": ["Campus Center Exhibition Hall"], "doors": [[-84.40155, 33.774727, true]]}, "geometry": {"type": "Polygon", "coordinates": [[[-84.4020213525369, 33.7747861540747], [-84.4012686262663, 33.7747875872647], [-84.4012675481699, 33.7743785998387], [-84.4019205167822, 33.774377356864], [-84.4019208553612, 33.7745012270132], [-84.402020572877, 33.7745010368888], [-84.4020213525369, 33.7747861540747]]]}}, {"type": "Feature", "properties": {"name": "Facilities Waste Storage", "aka": [], "doors": [[-84.39703, 33.781012, false]]}, "geometry": {"type": "Polygon", "coordinates": [[[-84.3969686600676, 33.7812144767373], [-84.3969725320461, 33.7810179744175], [-84.3970761605176, 33.7810193985344], [-84.397072287696, 33.7812159008584], [-84.3969686600676, 33.7812144767373]]]}}, {"type": "Feature", "properties": {"name": "Family Housing Apts", "aka": [], "doors": []}, "geometry": {"type": "MultiPolygon", "coordinates": [[[[-84.396728352617, 33.7823406664399], [-84.3967050165313, 33.7823367435807], [-84.3967030170146, 33.7823461271862], [-84.3966626784948, 33.7823393471224], [-84.3966649489522, 33.7823299296514], [-84.396641728462, 33.7823260264011], [-84.3966423692275, 33.782323367139], [-84.3966113199973, 33.7823181485372], [-84.3966081941, 33.7823311119923], [-84.3965670605127, 33.782324198131], [-84.3965753670317, 33.7822897386751], [-84.396554402169, 33.7822862153092], [-84.3965568595247, 33.7822760211702], [-84.3965611323895, 33.7822582930574], [-84.3965700540557, 33.7822212861923], [-84.3965911517766, 33.7822248318493], [-84.3965994315809, 33.7821904842458], [-84.3966404333132, 33.7821973758011], [-84.3966373085043, 33.7822103392552], [-84.3966684905729, 33.7822155810459], [-84.3966691580349, 33.7822128108308], [-84.3967012691381, 33.7822182077689], [-84.3967235616472, 33.7822219549493], [-84.3967558045532, 33.7822273750705], [-84.3967551370916, 33.7822301443844], [-84.3967863096589, 33.7822354619018], [-84.3967894333592, 33.7822224957412], [-84.39681166105, 33.7822262295017], [-84.3968304426728, 33.7822293845141], [-84.3968221662158, 33.7822637393396], [-84.3968445959297, 33.7822675069801], [-84.3968490777983, 33.7822488164057], [-84.3968555688978, 33.7822219594341], [-84.3968588864157, 33.7822225167776], [-84.3968651604903, 33.7821964734997], [-84.3968496326542, 33.7821938651354], [-84.3968578823958, 33.7821596212606], [-84.3968990245558, 33.7821665314027], [-84.3969066335218, 33.7821349476897], [-84.3968654913739, 33.7821280366484], [-84.3968711313798, 33.7821051377091], [-84.3968738134918, 33.7820938088669], [-84.3968891384459, 33.7820960641595], [-84.396895634446, 33.7820702404684], [-84.3968922510841, 33.7820696895602], [-84.3968987302962, 33.7820428389194], [-84.3969032177432, 33.7820242240707], [-84.3969096582357, 33.7819974330103], [-84.3969129757453, 33.7819979903524], [-84.3969192764877, 33.7819718370197], [-84.3969037486906, 33.7819692286619], [-84.3969119983897, 33.7819349847824], [-84.3969531404464, 33.7819418949072], [-84.3969573854262, 33.7819242741285], [-84.3970351572617, 33.7819373381574], [-84.3970307295636, 33.7819548655081], [-84.3970720543752, 33.7819618699253], [-84.3970637780398, 33.781996224768], [-84.397048250234, 33.7819936164285], [-84.3970419762292, 33.7820196597163], [-84.3970452948203, 33.7820202170529], [-84.3970406493857, 33.7820395003252], [-84.3970517967014, 33.7820413729817], [-84.3970493137956, 33.7820516789833], [-84.3970437083156, 33.7820749520517], [-84.3970326084699, 33.7820730657811], [-84.3970278877757, 33.7820924727196], [-84.3970245702618, 33.7820919153805], [-84.3970182962428, 33.7821179586668], [-84.3970338240703, 33.7821205670099], [-84.3970255477047, 33.7821549218493], [-84.396984405538, 33.7821480108478], [-84.3969767966019, 33.7821795954671], [-84.3970179387831, 33.782186506471], [-84.3970096891027, 33.7822207503562], [-84.3969945055201, 33.7822180710387], [-84.3969878872208, 33.7822441852943], [-84.3969912047404, 33.7822447426342], [-84.3969866469422, 33.7822640996758], [-84.396997650612, 33.7822659491622], [-84.3969956129418, 33.7822735719187], [-84.3969895300686, 33.7822996319774], [-84.396961457736, 33.7822947920108], [-84.3969547607421, 33.782322574466], [-84.3969334966211, 33.7823190012306], [-84.3969251571387, 33.7823535987243], [-84.3968839889483, 33.7823466796234], [-84.3968874829914, 33.7823337082613], [-84.3968560049822, 33.7823284580617], [-84.3968553236353, 33.7823312833044], [-84.3968288191024, 33.7823268280932], [-84.396827486308, 33.7823323540946], [-84.3968064220389, 33.7823288138257], [-84.3967981359004, 33.7823631894051], [-84.3967570681786, 33.7823562863043], [-84.3967601993785, 33.7823432948843], [-84.3967289837728, 33.7823380486713], [-84.396728352617, 33.7823406664399]]], [[[-84.395406369835, 33.7828144558955], [-84.3953468860762, 33.7828144471259], [-84.3953468871275, 33.7828115924962], [-84.3953147524237, 33.7828115880261], [-84.3953147501311, 33.7828249468949], [-84.3952727115392, 33.7828249409283], [-84.3952725041141, 33.7827895442887], [-84.3952361301422, 33.7827895386351], [-84.3952361245174, 33.7828183130412], [-84.3951937339148, 33.782818306798], [-84.3951937375231, 33.7828001511421], [-84.395151210876, 33.7828001451363], [-84.395151218683, 33.7827648626074], [-84.3951673540542, 33.7827648651897], [-84.3951673591545, 33.7827379175297], [-84.3951638044715, 33.7827379168987], [-84.3951638090856, 33.7827148517497], [-84.3951454860632, 33.7827148496109], [-84.3951454953396, 33.7826679204496], [-84.3951181474117, 33.7826679160817], [-84.3951181481666, 33.7826649469427], [-84.3950860135172, 33.7826649424129], [-84.3950860104132, 33.7826784157932], [-84.3950437570146, 33.7826784101461], [-84.3950437642582, 33.782642898598], [-84.3950349671852, 33.7826428977472], [-84.3950220226251, 33.7826428955544], [-84.3950220264934, 33.7826223829812], [-84.3950216105741, 33.7826084748784], [-84.3951275200007, 33.7826077243282], [-84.3951272040469, 33.7825582711446], [-84.3951749119133, 33.7825580583815], [-84.3951744410826, 33.7824844511485], [-84.3951724885493, 33.7821041878345], [-84.3951710280801, 33.7819275002363], [-84.3951700540608, 33.7818827539845], [-84.3951707863187, 33.7818474421576], [-84.3951143149545, 33.7818467000636], [-84.3951143955428, 33.781818895691], [-84.3951077089626, 33.7818190883997], [-84.3951075337502, 33.781754719832], [-84.3949165515305, 33.7817542428117], [-84.3948976714259, 33.7817541956818], [-84.394866571353, 33.78175411795], [-84.3948499361295, 33.7817540765796], [-84.3948186611305, 33.7817539982576], [-84.3948067143479, 33.7817539680493], [-84.3948074006879, 33.7817790660502], [-84.3947703108593, 33.7817809505414], [-84.3947450959521, 33.78178019558], [-84.3947449767228, 33.7817511022149], [-84.3947519725735, 33.7817510820712], [-84.394751921428, 33.7817387124102], [-84.3947438285282, 33.7817387354832], [-84.3947436598421, 33.7816975014731], [-84.3947935885273, 33.7816973586894], [-84.394793879986, 33.781679000528], [-84.3948183531689, 33.7816789841356], [-84.3948187472892, 33.7816789843086], [-84.3948281305673, 33.7816789786813], [-84.3948280680896, 33.7816761845791], [-84.3948497498924, 33.7816761129309], [-84.3948659972535, 33.781676076575], [-84.3948877363107, 33.7816760147325], [-84.394887747143, 33.7816788774557], [-84.3948973626492, 33.7816789002464], [-84.3949162402094, 33.7816788085268], [-84.3949223138974, 33.7816787792594], [-84.3949222230436, 33.7816970387699], [-84.3950164849053, 33.7816967219161], [-84.3950164095804, 33.7816785105006], [-84.3950509763319, 33.7816784113666], [-84.3950509644121, 33.7816755477438], [-84.3951106315495, 33.7816753768898], [-84.3951106434714, 33.7816782405125], [-84.3951452102249, 33.7816781422537], [-84.3951452844972, 33.7816963536711], [-84.3951967216216, 33.781696206128], [-84.3951967969871, 33.7817144184448], [-84.3952009120002, 33.7817144063158], [-84.3952421992726, 33.7817142883703], [-84.3952421238976, 33.7816960760535], [-84.3952766906579, 33.7816959777579], [-84.3952766787305, 33.7816931141351], [-84.395296418052, 33.7816930577286], [-84.3953001335496, 33.7816930472381], [-84.395336345879, 33.7816929431719], [-84.3953363578084, 33.7816958067946], [-84.3953709234862, 33.781695707573], [-84.3953709988885, 33.7817139198896], [-84.3954652328154, 33.7817136496306], [-84.3954651573956, 33.7816954382158], [-84.3954997230728, 33.7816953389581], [-84.3954997122202, 33.781692476235], [-84.3955593782874, 33.781692305166], [-84.3955593902242, 33.7816951687886], [-84.3955939559011, 33.7816950695045], [-84.3955940313482, 33.7817132809191], [-84.3956881270638, 33.781713011648], [-84.3956880526766, 33.7816948002315], [-84.3957226183529, 33.7816947009114], [-84.3957226064107, 33.7816918372887], [-84.3957822746359, 33.7816916661079], [-84.3957822865802, 33.7816945297305], [-84.3958168522585, 33.7816944312856], [-84.3958169266731, 33.7817126427019], [-84.3958638240421, 33.7817127638879], [-84.3958675420976, 33.7817124973066], [-84.3958674061252, 33.7817461724346], [-84.3959540957103, 33.7817459239294], [-84.3959541736772, 33.7817650523183], [-84.3959554089388, 33.7817650491214], [-84.3959554244098, 33.7817688288152], [-84.3959904954793, 33.7817687393007], [-84.3959899090025, 33.7818262116481], [-84.3959736295984, 33.7818263897709], [-84.3959737895295, 33.7818653326972], [-84.3959955998979, 33.7818652705269], [-84.3959957178579, 33.7818941339705], [-84.3959991472252, 33.7818941248924], [-84.3959993523662, 33.7819439488625], [-84.3959959229993, 33.7819439588424], [-84.3959960420394, 33.7819728222837], [-84.3959742316462, 33.7819728853558], [-84.3959745558065, 33.7820515727664], [-84.3959963651422, 33.7820515105977], [-84.3959964841829, 33.7820803740385], [-84.3959999124754, 33.7820803640606], [-84.3960000154363, 33.7821052196911], [-84.3960001176204, 33.7821301889309], [-84.395996688246, 33.7821301989108], [-84.3959968072871, 33.7821590623512], [-84.395974997924, 33.7821591245201], [-84.3959753210093, 33.7822378128319], [-84.3959971303923, 33.7822377506629], [-84.3959972494338, 33.7822666141028], [-84.3960006788136, 33.7822666041229], [-84.3960007894285, 33.7822935209132], [-84.3959874212238, 33.7822933609183], [-84.3959623602559, 33.7822937050329], [-84.3959628435705, 33.7823190702904], [-84.3959033661611, 33.7823188841511], [-84.3958482250206, 33.7823190424755], [-84.3958481214953, 33.782293958729], [-84.395838931487, 33.7822939848131], [-84.3958388209227, 33.7822670680224], [-84.3958419814391, 33.7822670594479], [-84.395842131313, 33.7822381946066], [-84.3958657244917, 33.7822381273447], [-84.3958654027267, 33.7821598970688], [-84.3958424940106, 33.7821595050206], [-84.3958424669319, 33.7821529870335], [-84.3958423750189, 33.7821306406781], [-84.3958382599861, 33.7821306528287], [-84.3958380244738, 33.7820811481005], [-84.3958411450386, 33.7820811423051], [-84.3958411613564, 33.7820524039423], [-84.3958627784918, 33.7820523421542], [-84.3958628516737, 33.781973204081], [-84.3958410423576, 33.781973266226], [-84.3958409244492, 33.7819444027824], [-84.3958374950822, 33.7819444127578], [-84.395837290035, 33.781894588787], [-84.3958407193999, 33.7818945788116], [-84.3958406004098, 33.7818657144679], [-84.3958624096987, 33.7818656523231], [-84.3958621631416, 33.7818055198489], [-84.3958173093344, 33.7818056482315], [-84.395784937713, 33.7818057407996], [-84.395785011816, 33.7818238377065], [-84.3957828177164, 33.7818238444852], [-84.3957828299656, 33.7818268226169], [-84.3957792634716, 33.7818268328453], [-84.3957231616442, 33.7818269928968], [-84.3957231507817, 33.7818241292722], [-84.3956885839736, 33.7818242285947], [-84.395688509586, 33.7818060171786], [-84.3955944126889, 33.7818062864524], [-84.3955944881363, 33.7818244978668], [-84.3955599213276, 33.7818245971532], [-84.3955599332645, 33.7818274607758], [-84.3955002671036, 33.7818276318455], [-84.3955002551687, 33.7818247682229], [-84.3954656894371, 33.7818248665794], [-84.3954656140169, 33.7818066551649], [-84.395371379988, 33.7818069254246], [-84.3953714553883, 33.7818251368392], [-84.3953368885764, 33.7818252351616], [-84.3953369005059, 33.7818280987842], [-84.3953006891993, 33.7818282028488], [-84.3952772332636, 33.7818282697481], [-84.3952772213361, 33.7818254061255], [-84.395242655606, 33.7818255053211], [-84.395242580233, 33.7818072939062], [-84.395201292916, 33.7818074118521], [-84.3951974521593, 33.7818074225716], [-84.3951975100929, 33.781821510767], [-84.3951925722869, 33.7818215253214], [-84.3951926881527, 33.7818497017122], [-84.3951935138452, 33.7818503863397], [-84.3951936460611, 33.7818826859518], [-84.3952360304662, 33.7818825650747], [-84.3952362042865, 33.7819248296603], [-84.3952580135914, 33.7819247676223], [-84.395258132384, 33.7819536310654], [-84.3952616988833, 33.781953620852], [-84.3952619036001, 33.7820034457263], [-84.3952583370986, 33.7820034559397], [-84.3952584474781, 33.7820303718311], [-84.3952744961998, 33.7820303258711], [-84.3952746409852, 33.7820657190245], [-84.395232119358, 33.7820658401692], [-84.3952322525043, 33.7820984842091], [-84.395274775225, 33.7820983621607], [-84.3952749200084, 33.782133754412], [-84.3952588712674, 33.7821338003723], [-84.3952589816499, 33.7821607171648], [-84.3952625481579, 33.7821607069514], [-84.3952627528739, 33.7822105309223], [-84.3952591863638, 33.7822105411358], [-84.3952592970509, 33.7822375724371], [-84.3952753458112, 33.7822375264768], [-84.3952754916776, 33.782272919627], [-84.3952331837929, 33.7822730584093], [-84.3952331030954, 33.7823056848113], [-84.3952756248387, 33.7823055627641], [-84.3952757557337, 33.7823373529431], [-84.3952757707031, 33.7823409550122], [-84.3952597219235, 33.7823410009727], [-84.3952598323069, 33.7823679177643], [-84.3952633988235, 33.7823679075509], [-84.3952634902513, 33.7823901276759], [-84.395269936546, 33.7823901094225], [-84.3952701762744, 33.7824486387698], [-84.3952064669068, 33.7824487946474], [-84.3952063974412, 33.7824828077672], [-84.3952660060058, 33.7824827334219], [-84.395265999552, 33.7825095665758], [-84.3952624448784, 33.7825095659476], [-84.3952624384236, 33.7825363991014], [-84.3952784376964, 33.7825364010196], [-84.3952784302452, 33.7825717980588], [-84.3952360397642, 33.7825717918296], [-84.3952360358579, 33.7825898320753], [-84.3952070466721, 33.7825898280622], [-84.3952070428351, 33.7826062705816], [-84.3952494333332, 33.7826062768207], [-84.395249425566, 33.7826415593503], [-84.3952334273533, 33.7826415574263], [-84.3952334211914, 33.782668504187], [-84.3952369769514, 33.782668504814], [-84.3952369712396, 33.7826923688281], [-84.3952551582062, 33.7826923721071], [-84.3952551553957, 33.7827067588595], [-84.3952725217192, 33.7827067609511], [-84.3952725291749, 33.7826713648144], [-84.3953147825719, 33.7826713712849], [-84.3953147791994, 33.782684730156], [-84.3953469138559, 33.7826847346262], [-84.3953469149096, 33.7826818808981], [-84.395406397497, 33.7826818896701], [-84.3954064824783, 33.7826846115977], [-84.3954385311039, 33.7826847487463], [-84.3954385344548, 33.7826713889736], [-84.3954807878515, 33.7826713953872], [-84.3954807834324, 33.7826908476193], [-84.3954807804815, 33.7827067915237], [-84.3955036159628, 33.7827067951628], [-84.3955036141738, 33.7827162724223], [-84.3955278177564, 33.7827162762248], [-84.3955278192056, 33.7827111377118], [-84.3956007020557, 33.7827111485861], [-84.3956006957067, 33.7827379817386], [-84.3955972770771, 33.7827379808677], [-84.3955972721115, 33.7827649285271], [-84.3956132703469, 33.7827649304039], [-84.395613263809, 33.78280021293], [-84.3955708732161, 33.7828002068163], [-84.3955708696874, 33.7828183624718], [-84.3955283430295, 33.7828183556943], [-84.3955283463341, 33.7828057956867], [-84.3954988096202, 33.7828057918561], [-84.3954988129281, 33.782789577456], [-84.3954807630768, 33.7827895748604], [-84.3954807557094, 33.7828249718978], [-84.3954385022373, 33.7828249654844], [-84.3954385045083, 33.782811605714], [-84.3954063698046, 33.7828116012678], [-84.395406369835, 33.7828144558955]]], [[[-84.3957711878495, 33.7827924180885], [-84.3957795408002, 33.7827578224524], [-84.3957952286041, 33.7827604640151], [-84.3958015811507, 33.7827341528565], [-84.3957982301271, 33.7827335883336], [-84.3958045826732, 33.7827072780765], [-84.3958091175559, 33.7826885333431], [-84.3958158822493, 33.7826604785264], [-84.39581923435, 33.7826610430468], [-84.3958255879619, 33.7826347318847], [-84.3958099001823, 33.7826320912274], [-84.3958182808765, 33.7825973828299], [-84.3958598455966, 33.7826043808948], [-84.3958643878499, 33.7825855721282], [-84.3958092807953, 33.7825762936903], [-84.3958099557693, 33.7825734946131], [-84.3957781298916, 33.782568187079], [-84.3957749908975, 33.7825811487339], [-84.3957338531479, 33.7825743139482], [-84.3957422338696, 33.7825396064571], [-84.3957040212851, 33.7825331728759], [-84.3956956405485, 33.7825678803645], [-84.3956540758591, 33.7825608822441], [-84.3956572382613, 33.7825477834978], [-84.3956257298665, 33.7825424780402], [-84.395625053807, 33.7825452771184], [-84.3955699468058, 33.782535999475], [-84.3955687303263, 33.7825410374538], [-84.3954969979014, 33.7825289603331], [-84.3955033505226, 33.7825026491886], [-84.3955067026151, 33.7825032137175], [-84.3955130563137, 33.7824769034721], [-84.3954973685699, 33.7824742618732], [-84.3955057493777, 33.7824395543973], [-84.3955473139966, 33.7824465525681], [-84.3955516394933, 33.7824286386524], [-84.3955851582303, 33.7824342821257], [-84.395590862535, 33.7824106581982], [-84.3956024776378, 33.7824126139712], [-84.3956314894691, 33.7824174984879], [-84.3956292177829, 33.7824269033192], [-84.3956347152972, 33.7824278290327], [-84.395652682414, 33.7824308540945], [-84.3956520063562, 33.782433653173], [-84.39568351579, 33.7824389577204], [-84.3956866781809, 33.7824258580716], [-84.3957282428076, 33.7824328561814], [-84.3957198631701, 33.7824675636701], [-84.3957580757266, 33.7824739972466], [-84.3957664564291, 33.7824392897534], [-84.3958078871153, 33.7824462655437], [-84.3958047236599, 33.7824593642959], [-84.3958362331147, 33.782464669706], [-84.3958369091668, 33.7824618706266], [-84.3958603727346, 33.7824658204627], [-84.3958638063843, 33.7824516013564], [-84.3959044322792, 33.7824584415581], [-84.3958974468194, 33.7824867014654], [-84.3959310859331, 33.7824925231478], [-84.3959267605124, 33.7825104370763], [-84.3959684022925, 33.7825171906141], [-84.3959596795113, 33.7825519510518], [-84.3959442578796, 33.7825495010671], [-84.39593790539, 33.7825758122335], [-84.3959413914417, 33.7825763990431], [-84.3959359841215, 33.7825987907785], [-84.3959426883196, 33.7825999198128], [-84.395938417367, 33.7826176091289], [-84.3959799821064, 33.7826246071533], [-84.3959716014726, 33.7826593146597], [-84.3959557977337, 33.7826565191525], [-84.395949561188, 33.782682984286], [-84.3959529132904, 33.7826835488027], [-84.3959481820193, 33.78270314236], [-84.3959652104409, 33.7827060086263], [-84.3959570199101, 33.7827399331448], [-84.3959399914797, 33.7827370659758], [-84.3959352602027, 33.7827566595325], [-84.3959319080976, 33.7827560950153], [-84.3959255555869, 33.7827824052786], [-84.3959412433997, 33.7827850468226], [-84.3959328894318, 33.7828196424713], [-84.3958913246018, 33.7828126444317], [-84.3958870258541, 33.7828304465035], [-84.3958084538968, 33.7828172182379], [-84.3958127526602, 33.7827994161687], [-84.3957711878495, 33.7827924180885]]], [[[-84.3963359681884, 33.7829438248092], [-84.3963334557138, 33.782945926726], [-84.3963166058102, 33.7829318869172], [-84.3963084887529, 33.7829386788333], [-84.3962994837406, 33.7829311749186], [-84.3962880567633, 33.7829216540081], [-84.3962791480701, 33.7829142301595], [-84.3962872651274, 33.7829074382452], [-84.3962703189234, 33.7828933183621], [-84.3962727355108, 33.7828912968719], [-84.3962499789704, 33.7828723351104], [-84.3962386728385, 33.7828817955313], [-84.3962086547358, 33.7828567818637], [-84.3962383886639, 33.7828319473718], [-84.3962110122014, 33.7828087194693], [-84.3961810564548, 33.7828337860915], [-84.3961511347033, 33.7828088533791], [-84.3961624408353, 33.7827993929661], [-84.3961396854233, 33.7827804311817], [-84.3961372688359, 33.7827824526694], [-84.3961202930001, 33.7827685402001], [-84.396112206701, 33.782775123765], [-84.396082866132, 33.782750675945], [-84.3961032546583, 33.7827336148632], [-84.3960790458854, 33.782713442147], [-84.3960945064266, 33.7827005053643], [-84.3960642578161, 33.7826756652062], [-84.3960944441573, 33.7826504259676], [-84.3961054892029, 33.7826596816197], [-84.3961284817995, 33.782640864685], [-84.3961259635272, 33.782638766717], [-84.3961452897148, 33.7826225948283], [-84.3961404479627, 33.7826185599263], [-84.3961550681148, 33.7826063261834], [-84.3961630165861, 33.7825994895079], [-84.3961814840079, 33.7825836041323], [-84.3961630202082, 33.7825684609771], [-84.3961896898398, 33.7825461441953], [-84.396187268966, 33.782544127196], [-84.3962042755063, 33.7825298954576], [-84.3961961417147, 33.7825231175466], [-84.396225323788, 33.782498698843], [-84.3962334344303, 33.7825052991698], [-84.3962503682204, 33.7824913263341], [-84.3962527890941, 33.7824933433322], [-84.3962754971374, 33.7824743420607], [-84.396264169218, 33.7824650959664], [-84.3962940262488, 33.7824399158985], [-84.3963240442301, 33.7824649295475], [-84.3963394088007, 33.7824520722577], [-84.3963961980155, 33.7824993176649], [-84.3963813135669, 33.7825120307053], [-84.3964110884518, 33.7825369717515], [-84.3963809940326, 33.7825622136016], [-84.3963700839361, 33.7825529550179], [-84.3963469078595, 33.7825717750442], [-84.3963493774365, 33.782573832524], [-84.3963048833512, 33.7826109840181], [-84.3962862337963, 33.7826265902391], [-84.396283812918, 33.7826245732418], [-84.3962573981478, 33.7826469012909], [-84.3962384537168, 33.7826313172323], [-84.3962015413476, 33.7826622052392], [-84.3962111274631, 33.7826701931689], [-84.3962057491422, 33.7826746933965], [-84.3962359946908, 33.7826995849196], [-84.3962338717332, 33.7827015770101], [-84.3962566509532, 33.7827205585694], [-84.3962676909462, 33.7827113204481], [-84.3962977772077, 33.7827363961891], [-84.3962676819951, 33.7827613792385], [-84.3962957153255, 33.7827847393506], [-84.3963256947239, 33.7827596528202], [-84.3963557341839, 33.7827845771564], [-84.3963444216046, 33.7827944451454], [-84.3963680700366, 33.7828133998197], [-84.3963696182421, 33.78281210397], [-84.3963923996832, 33.7828310864013], [-84.3963810052248, 33.7828406200334], [-84.396398193851, 33.7828549423215], [-84.3964095872273, 33.7828454077882], [-84.3964323676063, 33.782864390214], [-84.3964308194007, 33.7828656860645], [-84.3964533692791, 33.7828844759621], [-84.3964643775389, 33.7828750809952], [-84.3964943798359, 33.7829002109428], [-84.3964644004382, 33.7829252975137], [-84.3964797731553, 33.7829381065946], [-84.3964231962324, 33.7829854494535], [-84.3964078235151, 33.7829726403657], [-84.3963778440645, 33.7829977260138], [-84.396347417986, 33.782972408382], [-84.3963588210823, 33.7829628666222], [-84.3963359681884, 33.7829438248092]]], [[[-84.3966535290524, 33.7830812869701], [-84.3966535503166, 33.7830908579575], [-84.3966122060897, 33.7830909205805], [-84.3966121859099, 33.7830813495911], [-84.3965883073518, 33.7830813859702], [-84.3965883008202, 33.7830785376664], [-84.3965562352674, 33.7830785865884], [-84.3965562980108, 33.783091966073], [-84.3965141016942, 33.7830919806597], [-84.3965140246167, 33.7830566604224], [-84.396492206705, 33.7830564368757], [-84.3964920064238, 33.7830239029698], [-84.396492184538, 33.7829899266187], [-84.3965138797299, 33.7829898934235], [-84.3965134994225, 33.7829542410412], [-84.3965559303381, 33.7829543576588], [-84.3965559664237, 33.7829678634245], [-84.3965880815093, 33.7829677783443], [-84.3965880534132, 33.7829649418021], [-84.3966771546333, 33.7829648073107], [-84.3966773949113, 33.7829674414875], [-84.3967088937007, 33.7829674567062], [-84.3967091964359, 33.7829542758051], [-84.3967512098118, 33.7829541163271], [-84.3967514362555, 33.7829895327627], [-84.3967744963034, 33.7829894969768], [-84.396774393742, 33.782942669013], [-84.3967778058863, 33.7829426644534], [-84.3967773369143, 33.7829158898947], [-84.3967614506222, 33.7829157653357], [-84.396761705641, 33.7828807068591], [-84.3968040053807, 33.7828806424042], [-84.3968036257807, 33.7828481250622], [-84.3967615145167, 33.7828484046601], [-84.3967615578192, 33.7828129137853], [-84.3967775225191, 33.7828128894257], [-84.396777463868, 33.7827861141013], [-84.3967740528121, 33.7827861195604], [-84.396773992804, 33.782758432669], [-84.396786000066, 33.7827584147863], [-84.3967859588948, 33.7827393873178], [-84.3967739516355, 33.7827394052005], [-84.396773890854, 33.7827118328201], [-84.396777301907, 33.782711827361], [-84.3967772440321, 33.7826849384266], [-84.3967612793535, 33.7826849618844], [-84.3967612024821, 33.7826497561545], [-84.3968035010285, 33.7826496917023], [-84.3968034592435, 33.7826304361169], [-84.3967475154254, 33.7826305215035], [-84.3967476836884, 33.782627222048], [-84.3967156857526, 33.7826278623682], [-84.3967157217472, 33.7826413248554], [-84.3966731630892, 33.78264143214], [-84.3966435980912, 33.7826663755218], [-84.3966320218259, 33.7826567521327], [-84.3966094523812, 33.7826754818139], [-84.3966118656712, 33.7826778883323], [-84.3965950027259, 33.782692099121], [-84.3965660413506, 33.7827162560212], [-84.3965491999379, 33.7827304487304], [-84.3965460664239, 33.782728445689], [-84.3965239205198, 33.7827472872718], [-84.3965352273518, 33.7827566992848], [-84.3965054711348, 33.7827816366779], [-84.3964756357006, 33.7827567074899], [-84.3964604149997, 33.782769673628], [-84.3964035510266, 33.7827224139657], [-84.396418864946, 33.7827095811053], [-84.3963888989003, 33.7826846494342], [-84.3964186562026, 33.7826597138701], [-84.3964299748917, 33.7826691267725], [-84.396452491084, 33.7826502547623], [-84.3964500788731, 33.7826482503752], [-84.3964670680631, 33.7826339996984], [-84.3964589192322, 33.7826272624073], [-84.396468759699, 33.7826184872455], [-84.3964881000873, 33.7826028066766], [-84.396496219812, 33.782609562053], [-84.3965130776163, 33.7825954477639], [-84.3965155385332, 33.7825974953383], [-84.3965382062315, 33.7825787627861], [-84.3965268707821, 33.7825691389383], [-84.3965565727427, 33.7825441313116], [-84.3965870283815, 33.7825688266994], [-84.3966019144964, 33.7825563408473], [-84.3966284877093, 33.7825783908011], [-84.3966421219352, 33.7825738327915], [-84.3966515229127, 33.7825703132574], [-84.3966514734658, 33.7825518141713], [-84.3966514391275, 33.7825389675085], [-84.3966730958561, 33.7825387260758], [-84.3966730726693, 33.7825300522342], [-84.3966729036823, 33.7825169245072], [-84.3966728748314, 33.7825037081571], [-84.3967151733062, 33.7825036437355], [-84.3967152024699, 33.7825169745946], [-84.3967473940443, 33.7825168866258], [-84.3967472620523, 33.7825139637186], [-84.3967746875508, 33.7825139215967], [-84.3967743073349, 33.7825029717515], [-84.3968375946401, 33.782502853721], [-84.396837348788, 33.7825284105821], [-84.3968467634473, 33.782528395726], [-84.3968470957042, 33.7825464398523], [-84.3968889660215, 33.7825465619098], [-84.3968890432512, 33.7825818821491], [-84.3968730785943, 33.782581906523], [-84.3968731372746, 33.7826086818482], [-84.3968767384262, 33.7826086985729], [-84.396876587241, 33.7826264505641], [-84.3968834093425, 33.7826264405418], [-84.3968834665923, 33.7826494514756], [-84.3969258180092, 33.7826493724564], [-84.39692615398, 33.7826849374614], [-84.3969098715471, 33.7826848506282], [-84.396909861315, 33.7827112906672], [-84.3969132302538, 33.7827112843813], [-84.3969135248159, 33.7827313771287], [-84.3969307130841, 33.7827314189918], [-84.3969307881985, 33.7827659421742], [-84.3969134597318, 33.7827659681966], [-84.3969131894849, 33.7827860322432], [-84.3969100613362, 33.7827860380799], [-84.3969101499273, 33.7828126880188], [-84.3969261146271, 33.78281266364], [-84.3969261918729, 33.7828479838776], [-84.3968838932294, 33.7828480483723], [-84.3968839639166, 33.782880520306], [-84.3969261950718, 33.7828802476558], [-84.3969265310442, 33.7829158126595], [-84.3969104086903, 33.7829158427424], [-84.3969104796651, 33.7829423655809], [-84.3969138491509, 33.782942560362], [-84.3969138881935, 33.7829623957132], [-84.3969254523737, 33.7829622307727], [-84.396925305145, 33.782997193473], [-84.3968964282769, 33.7829972473531], [-84.3968967454189, 33.7830257795123], [-84.3968748646382, 33.7830254632804], [-84.3968749418637, 33.783060783517], [-84.3968323494504, 33.7830608629687], [-84.3968323139725, 33.7830476006481], [-84.3968005491873, 33.7830474597258], [-84.3968005572471, 33.7830504730289], [-84.3967733659167, 33.7830505237368], [-84.3967736206775, 33.783056149565], [-84.3967515824064, 33.7830562997586], [-84.3967516585016, 33.7830916199973], [-84.3967093713287, 33.7830915771146], [-84.396709467708, 33.7830783533191], [-84.3966776910893, 33.7830782331253], [-84.3966776984168, 33.7830809741311], [-84.3966535290524, 33.7830812869701]]]]}}, {"type": "Feature", "properties": {"name": "Family Housing Apts - A", "aka": [], "doors": []}, "geometry": {"type": "Polygon", "coordinates": [[[-84.3959628435705, 33.7823190702904], [-84.3959033661611, 33.7823188841511], [-84.3958482250206, 33.7823190424755], [-84.3958481214953, 33.782293958729], [-84.395838931487, 33.7822939848131], [-84.3958388209227, 33.7822670680224], [-84.3958419814391, 33.7822670594479], [-84.395842131313, 33.7822381946066], [-84.3958657244917, 33.7822381273447], [-84.3958654027267, 33.7821598970688], [-84.3958424940106, 33.7821595050206], [-84.3958424669319, 33.7821529870335], [-84.3958423750189, 33.7821306406781], [-84.3958382599861, 33.7821306528287], [-84.3958380244738, 33.7820811481005], [-84.3958411450386, 33.7820811423051], [-84.3958411613564, 33.7820524039423], [-84.3958627784918, 33.7820523421542], [-84.3958628516737, 33.781973204081], [-84.3958410423576, 33.781973266226], [-84.3958409244492, 33.7819444027824], [-84.3958374950822, 33.7819444127578], [-84.395837290035, 33.781894588787], [-84.3958407193999, 33.7818945788116], [-84.3958406004098, 33.7818657144679], [-84.3958624096987, 33.7818656523231], [-84.3958621631416, 33.7818055198489], [-84.3958173093344, 33.7818056482315], [-84.395784937713, 33.7818057407996], [-84.395785011816, 33.7818238377065], [-84.3957828177164, 33.7818238444852], [-84.3957828299656, 33.7818268226169], [-84.3957792634716, 33.7818268328453], [-84.3957231616442, 33.7818269928968], [-84.3957231507817, 33.7818241292722], [-84.3956885839736, 33.7818242285947], [-84.395688509586, 33.7818060171786], [-84.3955944126889, 33.7818062864524], [-84.3955944881363, 33.7818244978668], [-84.3955599213276, 33.7818245971532], [-84.3955599332645, 33.7818274607758], [-84.3955002671036, 33.7818276318455], [-84.3955002551687, 33.7818247682229], [-84.3954656894371, 33.7818248665794], [-84.3954656140169, 33.7818066551649], [-84.395371379988, 33.7818069254246], [-84.3953714553883, 33.7818251368392], [-84.3953368885764, 33.7818252351616], [-84.3953369005059, 33.7818280987842], [-84.3953006891993, 33.7818282028488], [-84.3952772332636, 33.7818282697481], [-84.3952772213361, 33.7818254061255], [-84.395242655606, 33.7818255053211], [-84.395242580233, 33.7818072939062], [-84.395201292916, 33.7818074118521], [-84.3951974521593, 33.7818074225716], [-84.3951975100929, 33.781821510767], [-84.3951925722869, 33.7818215253214], [-84.3951926881527, 33.7818497017122], [-84.3951935138452, 33.7818503863397], [-84.3951936460611, 33.7818826859518], [-84.3951700540608, 33.7818827539845], [-84.3951707863187, 33.7818474421576], [-84.3951143149545, 33.7818467000636], [-84.3951143955428, 33.781818895691], [-84.3951077089626, 33.7818190883997], [-84.3951075337502, 33.781754719832], [-84.3949165515305, 33.7817542428117], [-84.3948976714259, 33.7817541956818], [-84.394866571353, 33.78175411795], [-84.3948499361295, 33.7817540765796], [-84.3948186611305, 33.7817539982576], [-84.3948067143479, 33.7817539680493], [-84.3948074006879, 33.7817790660502], [-84.3947703108593, 33.7817809505414], [-84.3947450959521, 33.78178019558], [-84.3947449767228, 33.7817511022149], [-84.3947519725735, 33.7817510820712], [-84.394751921428, 33.7817387124102], [-84.3947438285282, 33.7817387354832], [-84.3947436598421, 33.7816975014731], [-84.3947935885273, 33.7816973586894], [-84.394793879986, 33.781679000528], [-84.3948183531689, 33.7816789841356], [-84.3948187472892, 33.7816789843086], [-84.3948281305673, 33.7816789786813], [-84.3948280680896, 33.7816761845791], [-84.3948497498924, 33.7816761129309], [-84.3948659972535, 33.781676076575], [-84.3948877363107, 33.7816760147325], [-84.394887747143, 33.7816788774557], [-84.3948973626492, 33.7816789002464], [-84.3949162402094, 33.7816788085268], [-84.3949223138974, 33.7816787792594], [-84.3949222230436, 33.7816970387699], [-84.3950164849053, 33.7816967219161], [-84.3950164095804, 33.7816785105006], [-84.3950509763319, 33.7816784113666], [-84.3950509644121, 33.7816755477438], [-84.3951106315495, 33.7816753768898], [-84.3951106434714, 33.7816782405125], [-84.3951452102249, 33.7816781422537], [-84.3951452844972, 33.7816963536711], [-84.3951967216216, 33.781696206128], [-84.3951967969871, 33.7817144184448], [-84.3952009120002, 33.7817144063158], [-84.3952421992726, 33.7817142883703], [-84.3952421238976, 33.7816960760535], [-84.3952766906579, 33.7816959777579], [-84.3952766787305, 33.7816931141351], [-84.395296418052, 33.7816930577286], [-84.3953001335496, 33.7816930472381], [-84.395336345879, 33.7816929431719], [-84.3953363578084, 33.7816958067946], [-84.3953709234862, 33.781695707573], [-84.3953709988885, 33.7817139198896], [-84.3954652328154, 33.7817136496306], [-84.3954651573956, 33.7816954382158], [-84.3954997230728, 33.7816953389581], [-84.3954997122202, 33.781692476235], [-84.3955593782874, 33.781692305166], [-84.3955593902242, 33.7816951687886], [-84.3955939559011, 33.7816950695045], [-84.3955940313482, 33.7817132809191], [-84.3956881270638, 33.781713011648], [-84.3956880526766, 33.7816948002315], [-84.3957226183529, 33.7816947009114], [-84.3957226064107, 33.7816918372887], [-84.3957822746359, 33.7816916661079], [-84.3957822865802, 33.7816945297305], [-84.3958168522585, 33.7816944312856], [-84.3958169266731, 33.7817126427019], [-84.3958638240421, 33.7817127638879], [-84.3958675420976, 33.7817124973066], [-84.3958674061252, 33.7817461724346], [-84.3959540957103, 33.7817459239294], [-84.3959541736772, 33.7817650523183], [-84.3959554089388, 33.7817650491214], [-84.3959554244098, 33.7817688288152], [-84.3959904954793, 33.7817687393007], [-84.3959899090025, 33.7818262116481], [-84.3959736295984, 33.7818263897709], [-84.3959737895295, 33.7818653326972], [-84.3959955998979, 33.7818652705269], [-84.3959957178579, 33.7818941339705], [-84.3959991472252, 33.7818941248924], [-84.3959993523662, 33.7819439488625], [-84.3959959229993, 33.7819439588424], [-84.3959960420394, 33.7819728222837], [-84.3959742316462, 33.7819728853558], [-84.3959745558065, 33.7820515727664], [-84.3959963651422, 33.7820515105977], [-84.3959964841829, 33.7820803740385], [-84.3959999124754, 33.7820803640606], [-84.3960000154363, 33.7821052196911], [-84.3960001176204, 33.7821301889309], [-84.395996688246, 33.7821301989108], [-84.3959968072871, 33.7821590623512], [-84.395974997924, 33.7821591245201], [-84.3959753210093, 33.7822378128319], [-84.3959971303923, 33.7822377506629], [-84.3959972494338, 33.7822666141028], [-84.3960006788136, 33.7822666041229], [-84.3960007894285, 33.7822935209132], [-84.3959874212238, 33.7822933609183], [-84.3959623602559, 33.7822937050329], [-84.3959628435705, 33.7823190702904]]]}}, {"type": "Feature", "properties": {"name": "Family Housing Apts - B", "aka": [], "doors": []}, "geometry": {"type": "Polygon", "coordinates": [[[-84.3951744410826, 33.7824844511485], [-84.3951724885493, 33.7821041878345], [-84.3951710280801, 33.7819275002363], [-84.3951700540608, 33.7818827539845], [-84.3951936460611, 33.7818826859518], [-84.3952360304662, 33.7818825650747], [-84.3952362042865, 33.7819248296603], [-84.3952580135914, 33.7819247676223], [-84.395258132384, 33.7819536310654], [-84.3952616988833, 33.781953620852], [-84.3952619036001, 33.7820034457263], [-84.3952583370986, 33.7820034559397], [-84.3952584474781, 33.7820303718311], [-84.3952744961998, 33.7820303258711], [-84.3952746409852, 33.7820657190245], [-84.395232119358, 33.7820658401692], [-84.3952322525043, 33.7820984842091], [-84.395274775225, 33.7820983621607], [-84.3952749200084, 33.782133754412], [-84.3952588712674, 33.7821338003723], [-84.3952589816499, 33.7821607171648], [-84.3952625481579, 33.7821607069514], [-84.3952627528739, 33.7822105309223], [-84.3952591863638, 33.7822105411358], [-84.3952592970509, 33.7822375724371], [-84.3952753458112, 33.7822375264768], [-84.3952754916776, 33.782272919627], [-84.3952331837929, 33.7822730584093], [-84.3952331030954, 33.7823056848113], [-84.3952756248387, 33.7823055627641], [-84.3952757557337, 33.7823373529431], [-84.3952757707031, 33.7823409550122], [-84.3952597219235, 33.7823410009727], [-84.3952598323069, 33.7823679177643], [-84.3952633988235, 33.7823679075509], [-84.3952634902513, 33.7823901276759], [-84.395269936546, 33.7823901094225], [-84.3952701762744, 33.7824486387698], [-84.3952064669068, 33.7824487946474], [-84.3952063974412, 33.7824828077672], [-84.3951744410826, 33.7824844511485]]]}}, {"type": "Feature", "properties": {"name": "Family Housing Apts - C", "aka": [], "doors": []}, "geometry": {"type": "Polygon", "coordinates": [[[-84.3954385045083, 33.782811605714], [-84.3954063698046, 33.7828116012678], [-84.395406369835, 33.7828144558955], [-84.3953468860762, 33.7828144471259], [-84.3953468871275, 33.7828115924962], [-84.3953147524237, 33.7828115880261], [-84.3953147501311, 33.7828249468949], [-84.3952727115392, 33.7828249409283], [-84.3952725041141, 33.7827895442887], [-84.3952361301422, 33.7827895386351], [-84.3952361245174, 33.7828183130412], [-84.3951937339148, 33.782818306798], [-84.3951937375231, 33.7828001511421], [-84.395151210876, 33.7828001451363], [-84.395151218683, 33.7827648626074], [-84.3951673540542, 33.7827648651897], [-84.3951673591545, 33.7827379175297], [-84.3951638044715, 33.7827379168987], [-84.3951638090856, 33.7827148517497], [-84.3951454860632, 33.7827148496109], [-84.3951454953396, 33.7826679204496], [-84.3951181474117, 33.7826679160817], [-84.3951181481666, 33.7826649469427], [-84.3950860135172, 33.7826649424129], [-84.3950860104132, 33.7826784157932], [-84.3950437570146, 33.7826784101461], [-84.3950437642582, 33.782642898598], [-84.3950349671852, 33.7826428977472], [-84.3950220226251, 33.7826428955544], [-84.3950220264934, 33.7826223829812], [-84.3950216105741, 33.7826084748784], [-84.3951275200007, 33.7826077243282], [-84.3951272040469, 33.7825582711446], [-84.3951749119133, 33.7825580583815], [-84.3951744410826, 33.7824844511485], [-84.3952063974412, 33.7824828077672], [-84.3952660060058, 33.7824827334219], [-84.395265999552, 33.7825095665758], [-84.3952624448784, 33.7825095659476], [-84.3952624384236, 33.7825363991014], [-84.3952784376964, 33.7825364010196], [-84.3952784302452, 33.7825717980588], [-84.3952360397642, 33.7825717918296], [-84.3952360358579, 33.7825898320753], [-84.3952070466721, 33.7825898280622], [-84.3952070428351, 33.7826062705816], [-84.3952494333332, 33.7826062768207], [-84.395249425566, 33.7826415593503], [-84.3952334273533, 33.7826415574263], [-84.3952334211914, 33.782668504187], [-84.3952369769514, 33.782668504814], [-84.3952369712396, 33.7826923688281], [-84.3952551582062, 33.7826923721071], [-84.3952551553957, 33.7827067588595], [-84.3952725217192, 33.7827067609511], [-84.3952725291749, 33.7826713648144], [-84.3953147825719, 33.7826713712849], [-84.3953147791994, 33.782684730156], [-84.3953469138559, 33.7826847346262], [-84.3953469149096, 33.7826818808981], [-84.395406397497, 33.7826818896701], [-84.3954064824783, 33.7826846115977], [-84.3954385311039, 33.7826847487463], [-84.3954385344548, 33.7826713889736], [-84.3954807878515, 33.7826713953872], [-84.3954807834324, 33.7826908476193], [-84.3954807804815, 33.7827067915237], [-84.3955036159628, 33.7827067951628], [-84.3955036141738, 33.7827162724223], [-84.3955278177564, 33.7827162762248], [-84.3955278192056, 33.7827111377118], [-84.3956007020557, 33.7827111485861], [-84.3956006957067, 33.7827379817386], [-84.3955972770771, 33.7827379808677], [-84.3955972721115, 33.7827649285271], [-84.3956132703469, 33.7827649304039], [-84.395613263809, 33.78280021293], [-84.3955708732161, 33.7828002068163], [-84.3955708696874, 33.7828183624718], [-84.3955283430295, 33.7828183556943], [-84.3955283463341, 33.7828057956867], [-84.3954988096202, 33.7828057918561], [-84.3954988129281, 33.782789577456], [-84.3954807630768, 33.7827895748604], [-84.3954807557094, 33.7828249718978], [-84.3954385022373, 33.7828249654844], [-84.3954385045083, 33.782811605714]]]}}, {"type": "Feature", "properties": {"name": "Family Housing Apts - D", "aka": [], "doors": []}, "geometry": {"type": "Polygon", "coordinates": [[[-84.3958084538968, 33.7828172182379], [-84.3958127526602, 33.7827994161687], [-84.3957711878495, 33.7827924180885], [-84.3957795408002, 33.7827578224524], [-84.3957952286041, 33.7827604640151], [-84.3958015811507, 33.7827341528565], [-84.3957982301271, 33.7827335883336], [-84.3958045826732, 33.7827072780765], [-84.3958091175559, 33.7826885333431], [-84.3958158822493, 33.7826604785264], [-84.39581923435, 33.7826610430468], [-84.3958255879619, 33.7826347318847], [-84.3958099001823, 33.7826320912274], [-84.3958182808765, 33.7825973828299], [-84.3958598455966, 33.7826043808948], [-84.3958643878499, 33.7825855721282], [-84.3958092807953, 33.7825762936903], [-84.3958099557693, 33.7825734946131], [-84.3957781298916, 33.782568187079], [-84.3957749908975, 33.7825811487339], [-84.3957338531479, 33.7825743139482], [-84.3957422338696, 33.7825396064571], [-84.3957040212851, 33.7825331728759], [-84.3956956405485, 33.7825678803645], [-84.3956540758591, 33.7825608822441], [-84.3956572382613, 33.7825477834978], [-84.3956257298665, 33.7825424780402], [-84.395625053807, 33.7825452771184], [-84.3955699468058, 33.782535999475], [-84.3955687303263, 33.7825410374538], [-84.3954969979014, 33.7825289603331], [-84.3955033505226, 33.7825026491886], [-84.3955067026151, 33.7825032137175], [-84.3955130563137, 33.7824769034721], [-84.3954973685699, 33.7824742618732], [-84.3955057493777, 33.7824395543973], [-84.3955473139966, 33.7824465525681], [-84.3955516394933, 33.7824286386524], [-84.3955851582303, 33.7824342821257], [-84.395590862535, 33.7824106581982], [-84.3956024776378, 33.7824126139712], [-84.3956314894691, 33.7824174984879], [-84.3956292177829, 33.7824269033192], [-84.3956347152972, 33.7824278290327], [-84.395652682414, 33.7824308540945], [-84.3956520063562, 33.782433653173], [-84.39568351579, 33.7824389577204], [-84.3956866781809, 33.7824258580716], [-84.3957282428076, 33.7824328561814], [-84.3957198631701, 33.7824675636701], [-84.3957580757266, 33.7824739972466], [-84.3957664564291, 33.7824392897534], [-84.3958078871153, 33.7824462655437], [-84.3958047236599, 33.7824593642959], [-84.3958362331147, 33.782464669706], [-84.3958369091668, 33.7824618706266], [-84.3958603727346, 33.7824658204627], [-84.3958638063843, 33.7824516013564], [-84.3959044322792, 33.7824584415581], [-84.3958974468194, 33.7824867014654], [-84.3959310859331, 33.7824925231478], [-84.3959267605124, 33.7825104370763], [-84.3959684022925, 33.7825171906141], [-84.3959596795113, 33.7825519510518], [-84.3959442578796, 33.7825495010671], [-84.39593790539, 33.7825758122335], [-84.3959413914417, 33.7825763990431], [-84.3959359841215, 33.7825987907785], [-84.3959426883196, 33.7825999198128], [-84.395938417367, 33.7826176091289], [-84.3959799821064, 33.7826246071533], [-84.3959716014726, 33.7826593146597], [-84.3959557977337, 33.7826565191525], [-84.395949561188, 33.782682984286], [-84.3959529132904, 33.7826835488027], [-84.3959481820193, 33.78270314236], [-84.3959652104409, 33.7827060086263], [-84.3959570199101, 33.7827399331448], [-84.3959399914797, 33.7827370659758], [-84.3959352602027, 33.7827566595325], [-84.3959319080976, 33.7827560950153], [-84.3959255555869, 33.7827824052786], [-84.3959412433997, 33.7827850468226], [-84.3959328894318, 33.7828196424713], [-84.3958913246018, 33.7828126444317], [-84.3958870258541, 33.7828304465035], [-84.3958084538968, 33.7828172182379]]]}}, {"type": "Feature", "properties": {"name": "Family Housing Apts - E", "aka": [], "doors": []}, "geometry": {"type": "Polygon", "coordinates": [[[-84.3963778440645, 33.7829977260138], [-84.396347417986, 33.782972408382], [-84.3963588210823, 33.7829628666222], [-84.3963359681884, 33.7829438248092], [-84.3963334557138, 33.782945926726], [-84.3963166058102, 33.7829318869172], [-84.3963084887529, 33.7829386788333], [-84.3962994837406, 33.7829311749186], [-84.3962880567633, 33.7829216540081], [-84.3962791480701, 33.7829142301595], [-84.3962872651274, 33.7829074382452], [-84.3962703189234, 33.7828933183621], [-84.3962727355108, 33.7828912968719], [-84.3962499789704, 33.7828723351104], [-84.3962386728385, 33.7828817955313], [-84.3962086547358, 33.7828567818637], [-84.3962383886639, 33.7828319473718], [-84.3962110122014, 33.7828087194693], [-84.3961810564548, 33.7828337860915], [-84.3961511347033, 33.7828088533791], [-84.3961624408353, 33.7827993929661], [-84.3961396854233, 33.7827804311817], [-84.3961372688359, 33.7827824526694], [-84.3961202930001, 33.7827685402001], [-84.396112206701, 33.782775123765], [-84.396082866132, 33.782750675945], [-84.3961032546583, 33.7827336148632], [-84.3960790458854, 33.782713442147], [-84.3960945064266, 33.7827005053643], [-84.3960642578161, 33.7826756652062], [-84.3960944441573, 33.7826504259676], [-84.3961054892029, 33.7826596816197], [-84.3961284817995, 33.782640864685], [-84.3961259635272, 33.782638766717], [-84.3961452897148, 33.7826225948283], [-84.3961404479627, 33.7826185599263], [-84.3961550681148, 33.7826063261834], [-84.3961630165861, 33.7825994895079], [-84.3961814840079, 33.7825836041323], [-84.3961630202082, 33.7825684609771], [-84.3961896898398, 33.7825461441953], [-84.396187268966, 33.782544127196], [-84.3962042755063, 33.7825298954576], [-84.3961961417147, 33.7825231175466], [-84.396225323788, 33.782498698843], [-84.3962334344303, 33.7825052991698], [-84.3962503682204, 33.7824913263341], [-84.3962527890941, 33.7824933433322], [-84.3962754971374, 33.7824743420607], [-84.396264169218, 33.7824650959664], [-84.3962940262488, 33.7824399158985], [-84.3963240442301, 33.7824649295475], [-84.3963394088007, 33.7824520722577], [-84.3963961980155, 33.7824993176649], [-84.3963813135669, 33.7825120307053], [-84.3964110884518, 33.7825369717515], [-84.3963809940326, 33.7825622136016], [-84.3963700839361, 33.7825529550179], [-84.3963469078595, 33.7825717750442], [-84.3963493774365, 33.782573832524], [-84.3963048833512, 33.7826109840181], [-84.3962862337963, 33.7826265902391], [-84.396283812918, 33.7826245732418], [-84.3962573981478, 33.7826469012909], [-84.3962384537168, 33.7826313172323], [-84.3962015413476, 33.7826622052392], [-84.3962111274631, 33.7826701931689], [-84.3962057491422, 33.7826746933965], [-84.3962359946908, 33.7826995849196], [-84.3962338717332, 33.7827015770101], [-84.3962566509532, 33.7827205585694], [-84.3962676909462, 33.7827113204481], [-84.3962977772077, 33.7827363961891], [-84.3962676819951, 33.7827613792385], [-84.3962957153255, 33.7827847393506], [-84.3963256947239, 33.7827596528202], [-84.3963557341839, 33.7827845771564], [-84.3963444216046, 33.7827944451454], [-84.3963680700366, 33.7828133998197], [-84.3963696182421, 33.78281210397], [-84.3963923996832, 33.7828310864013], [-84.3963810052248, 33.7828406200334], [-84.396398193851, 33.7828549423215], [-84.3964095872273, 33.7828454077882], [-84.3964323676063, 33.782864390214], [-84.3964308194007, 33.7828656860645], [-84.3964533692791, 33.7828844759621], [-84.3964643775389, 33.7828750809952], [-84.3964943798359, 33.7829002109428], [-84.3964644004382, 33.7829252975137], [-84.3964797731553, 33.7829381065946], [-84.3964231962324, 33.7829854494535], [-84.3964078235151, 33.7829726403657], [-84.3963778440645, 33.7829977260138]]]}}, {"type": "Feature", "properties": {"name": "Family Housing Apts - F", "aka": [], "doors": []}, "geometry": {"type": "Polygon", "coordinates": [[[-84.396709467708, 33.7830783533191], [-84.3966776910893, 33.7830782331253], [-84.3966776984168, 33.7830809741311], [-84.3966535290524, 33.7830812869701], [-84.3966535503166, 33.7830908579575], [-84.3966122060897, 33.7830909205805], [-84.3966121859099, 33.7830813495911], [-84.3965883073518, 33.7830813859702], [-84.3965883008202, 33.7830785376664], [-84.3965562352674, 33.7830785865884], [-84.3965562980108, 33.783091966073], [-84.3965141016942, 33.7830919806597], [-84.3965140246167, 33.7830566604224], [-84.396492206705, 33.7830564368757], [-84.3964920064238, 33.7830239029698], [-84.396492184538, 33.7829899266187], [-84.3965138797299, 33.7829898934235], [-84.3965134994225, 33.7829542410412], [-84.3965559303381, 33.7829543576588], [-84.3965559664237, 33.7829678634245], [-84.3965880815093, 33.7829677783443], [-84.3965880534132, 33.7829649418021], [-84.3966771546333, 33.7829648073107], [-84.3966773949113, 33.7829674414875], [-84.3967088937007, 33.7829674567062], [-84.3967091964359, 33.7829542758051], [-84.3967512098118, 33.7829541163271], [-84.3967514362555, 33.7829895327627], [-84.3967744963034, 33.7829894969768], [-84.396774393742, 33.782942669013], [-84.3967778058863, 33.7829426644534], [-84.3967773369143, 33.7829158898947], [-84.3967614506222, 33.7829157653357], [-84.396761705641, 33.7828807068591], [-84.3968040053807, 33.7828806424042], [-84.3968036257807, 33.7828481250622], [-84.3967615145167, 33.7828484046601], [-84.3967615578192, 33.7828129137853], [-84.3967775225191, 33.7828128894257], [-84.396777463868, 33.7827861141013], [-84.3967740528121, 33.7827861195604], [-84.396773992804, 33.782758432669], [-84.396786000066, 33.7827584147863], [-84.3967859588948, 33.7827393873178], [-84.3967739516355, 33.7827394052005], [-84.396773890854, 33.7827118328201], [-84.396777301907, 33.782711827361], [-84.3967772440321, 33.7826849384266], [-84.3967612793535, 33.7826849618844], [-84.3967612024821, 33.7826497561545], [-84.3968035010285, 33.7826496917023], [-84.3968034592435, 33.7826304361169], [-84.3967475154254, 33.7826305215035], [-84.3967476836884, 33.782627222048], [-84.3967156857526, 33.7826278623682], [-84.3967157217472, 33.7826413248554], [-84.3966731630892, 33.78264143214], [-84.3966435980912, 33.7826663755218], [-84.3966320218259, 33.7826567521327], [-84.3966094523812, 33.7826754818139], [-84.3966118656712, 33.7826778883323], [-84.3965950027259, 33.782692099121], [-84.3965660413506, 33.7827162560212], [-84.3965491999379, 33.7827304487304], [-84.3965460664239, 33.782728445689], [-84.3965239205198, 33.7827472872718], [-84.3965352273518, 33.7827566992848], [-84.3965054711348, 33.7827816366779], [-84.3964756357006, 33.7827567074899], [-84.3964604149997, 33.782769673628], [-84.3964035510266, 33.7827224139657], [-84.396418864946, 33.7827095811053], [-84.3963888989003, 33.7826846494342], [-84.3964186562026, 33.7826597138701], [-84.3964299748917, 33.7826691267725], [-84.396452491084, 33.7826502547623], [-84.3964500788731, 33.7826482503752], [-84.3964670680631, 33.7826339996984], [-84.3964589192322, 33.7826272624073], [-84.396468759699, 33.7826184872455], [-84.3964881000873, 33.7826028066766], [-84.396496219812, 33.782609562053], [-84.3965130776163, 33.7825954477639], [-84.3965155385332, 33.7825974953383], [-84.3965382062315, 33.7825787627861], [-84.3965268707821, 33.7825691389383], [-84.3965565727427, 33.7825441313116], [-84.3965870283815, 33.7825688266994], [-84.3966019144964, 33.7825563408473], [-84.3966284877093, 33.7825783908011], [-84.3966421219352, 33.7825738327915], [-84.3966515229127, 33.7825703132574], [-84.3966514734658, 33.7825518141713], [-84.3966514391275, 33.7825389675085], [-84.3966730958561, 33.7825387260758], [-84.3966730726693, 33.7825300522342], [-84.3966729036823, 33.7825169245072], [-84.3966728748314, 33.7825037081571], [-84.3967151733062, 33.7825036437355], [-84.3967152024699, 33.7825169745946], [-84.3967473940443, 33.7825168866258], [-84.3967472620523, 33.7825139637186], [-84.3967746875508, 33.7825139215967], [-84.3967743073349, 33.7825029717515], [-84.3968375946401, 33.782502853721], [-84.396837348788, 33.7825284105821], [-84.3968467634473, 33.782528395726], [-84.3968470957042, 33.7825464398523], [-84.3968889660215, 33.7825465619098], [-84.3968890432512, 33.7825818821491], [-84.3968730785943, 33.782581906523], [-84.3968731372746, 33.7826086818482], [-84.3968767384262, 33.7826086985729], [-84.396876587241, 33.7826264505641], [-84.3968834093425, 33.7826264405418], [-84.3968834665923, 33.7826494514756], [-84.3969258180092, 33.7826493724564], [-84.39692615398, 33.7826849374614], [-84.3969098715471, 33.7826848506282], [-84.396909861315, 33.7827112906672], [-84.3969132302538, 33.7827112843813], [-84.3969135248159, 33.7827313771287], [-84.3969307130841, 33.7827314189918], [-84.3969307881985, 33.7827659421742], [-84.3969134597318, 33.7827659681966], [-84.3969131894849, 33.7827860322432], [-84.3969100613362, 33.7827860380799], [-84.3969101499273, 33.7828126880188], [-84.3969261146271, 33.78281266364], [-84.3969261918729, 33.7828479838776], [-84.3968838932294, 33.7828480483723], [-84.3968839639166, 33.782880520306], [-84.3969261950718, 33.7828802476558], [-84.3969265310442, 33.7829158126595], [-84.3969104086903, 33.7829158427424], [-84.3969104796651, 33.7829423655809], [-84.3969138491509, 33.782942560362], [-84.3969138881935, 33.7829623957132], [-84.3969254523737, 33.7829622307727], [-84.396925305145, 33.782997193473], [-84.3968964282769, 33.7829972473531], [-84.3968967454189, 33.7830257795123], [-84.3968748646382, 33.7830254632804], [-84.3968749418637, 33.783060783517], [-84.3968323494504, 33.7830608629687], [-84.3968323139725, 33.7830476006481], [-84.3968005491873, 33.7830474597258], [-84.3968005572471, 33.7830504730289], [-84.3967733659167, 33.7830505237368], [-84.3967736206775, 33.783056149565], [-84.3967515824064, 33.7830562997586], [-84.3967516585016, 33.7830916199973], [-84.3967093713287, 33.7830915771146], [-84.396709467708, 33.7830783533191]]]}}, {"type": "Feature", "properties": {"name": "Family Housing Apts - G", "aka": [], "doors": []}, "geometry": {"type": "Polygon", "coordinates": [[[-84.3967601993785, 33.7823432948843], [-84.3967289837728, 33.7823380486713], [-84.396728352617, 33.7823406664399], [-84.3967050165313, 33.7823367435807], [-84.3967030170146, 33.7823461271862], [-84.3966626784948, 33.7823393471224], [-84.3966649489522, 33.7823299296514], [-84.396641728462, 33.7823260264011], [-84.3966423692275, 33.782323367139], [-84.3966113199973, 33.7823181485372], [-84.3966081941, 33.7823311119923], [-84.3965670605127, 33.782324198131], [-84.3965753670317, 33.7822897386751], [-84.396554402169, 33.7822862153092], [-84.3965568595247, 33.7822760211702], [-84.3965611323895, 33.7822582930574], [-84.3965700540557, 33.7822212861923], [-84.3965911517766, 33.7822248318493], [-84.3965994315809, 33.7821904842458], [-84.3966404333132, 33.7821973758011], [-84.3966373085043, 33.7822103392552], [-84.3966684905729, 33.7822155810459], [-84.3966691580349, 33.7822128108308], [-84.3967012691381, 33.7822182077689], [-84.3967235616472, 33.7822219549493], [-84.3967558045532, 33.7822273750705], [-84.3967551370916, 33.7822301443844], [-84.3967863096589, 33.7822354619018], [-84.3967894333592, 33.7822224957412], [-84.39681166105, 33.7822262295017], [-84.3968304426728, 33.7822293845141], [-84.3968221662158, 33.7822637393396], [-84.3968445959297, 33.7822675069801], [-84.3968490777983, 33.7822488164057], [-84.3968555688978, 33.7822219594341], [-84.3968588864157, 33.7822225167776], [-84.3968651604903, 33.7821964734997], [-84.3968496326542, 33.7821938651354], [-84.3968578823958, 33.7821596212606], [-84.3968990245558, 33.7821665314027], [-84.3969066335218, 33.7821349476897], [-84.3968654913739, 33.7821280366484], [-84.3968711313798, 33.7821051377091], [-84.3968738134918, 33.7820938088669], [-84.3968891384459, 33.7820960641595], [-84.396895634446, 33.7820702404684], [-84.3968922510841, 33.7820696895602], [-84.3968987302962, 33.7820428389194], [-84.3969032177432, 33.7820242240707], [-84.3969096582357, 33.7819974330103], [-84.3969129757453, 33.7819979903524], [-84.3969192764877, 33.7819718370197], [-84.3969037486906, 33.7819692286619], [-84.3969119983897, 33.7819349847824], [-84.3969531404464, 33.7819418949072], [-84.3969573854262, 33.7819242741285], [-84.3970351572617, 33.7819373381574], [-84.3970307295636, 33.7819548655081], [-84.3970720543752, 33.7819618699253], [-84.3970637780398, 33.781996224768], [-84.397048250234, 33.7819936164285], [-84.3970419762292, 33.7820196597163], [-84.3970452948203, 33.7820202170529], [-84.3970406493857, 33.7820395003252], [-84.3970517967014, 33.7820413729817], [-84.3970493137956, 33.7820516789833], [-84.3970437083156, 33.7820749520517], [-84.3970326084699, 33.7820730657811], [-84.3970278877757, 33.7820924727196], [-84.3970245702618, 33.7820919153805], [-84.3970182962428, 33.7821179586668], [-84.3970338240703, 33.7821205670099], [-84.3970255477047, 33.7821549218493], [-84.396984405538, 33.7821480108478], [-84.3969767966019, 33.7821795954671], [-84.3970179387831, 33.782186506471], [-84.3970096891027, 33.7822207503562], [-84.3969945055201, 33.7822180710387], [-84.3969878872208, 33.7822441852943], [-84.3969912047404, 33.7822447426342], [-84.3969866469422, 33.7822640996758], [-84.396997650612, 33.7822659491622], [-84.3969956129418, 33.7822735719187], [-84.3969895300686, 33.7822996319774], [-84.396961457736, 33.7822947920108], [-84.3969547607421, 33.782322574466], [-84.3969334966211, 33.7823190012306], [-84.3969251571387, 33.7823535987243], [-84.3968839889483, 33.7823466796234], [-84.3968874829914, 33.7823337082613], [-84.3968560049822, 33.7823284580617], [-84.3968553236353, 33.7823312833044], [-84.3968288191024, 33.7823268280932], [-84.396827486308, 33.7823323540946], [-84.3968064220389, 33.7823288138257], [-84.3967981359004, 33.7823631894051], [-84.3967570681786, 33.7823562863043], [-84.3967601993785, 33.7823432948843]]]}}, {"type": "Feature", "properties": {"name": "Family Housing Deck", "aka": [], "doors": [[-84.394799, 33.782562, false]]}, "geometry": {"type": "Polygon", "coordinates": [[[-84.3948219447127, 33.782609544789], [-84.3948219651274, 33.7826025840035], [-84.3948219211399, 33.7825957685029], [-84.3948218690509, 33.7825875266049], [-84.3948216810235, 33.782568333502], [-84.3947754132155, 33.7825692188033], [-84.3947703108593, 33.7817809505414], [-84.3948074006879, 33.7817790660502], [-84.3948067143479, 33.7817539680493], [-84.3951075337502, 33.781754719832], [-84.3951077089626, 33.7818190883997], [-84.3951143955428, 33.781818895691], [-84.3951143149545, 33.7818467000636], [-84.3951707863187, 33.7818474421576], [-84.3951700540608, 33.7818827539845], [-84.3951710280801, 33.7819275002363], [-84.3951744410826, 33.7824844511485], [-84.3951749119133, 33.7825580583815], [-84.3951272040469, 33.7825582711446], [-84.3951275200007, 33.7826077243282], [-84.3950216105741, 33.7826084748784], [-84.3949312636105, 33.7826085996582], [-84.3949213362519, 33.7826091013065], [-84.3948800335467, 33.7826092624535], [-84.3948219447127, 33.782609544789]]]}}, {"type": "Feature", "properties": {"name": "Ferst Center for the Arts", "aka": ["Ferst Center For The Arts"], "doors": [[-84.399727, 33.775131, true], [-84.399223, 33.77478, true], [-84.39901, 33.775337, true]]}, "geometry": {"type": "Polygon", "coordinates": [[[-84.3989945298202, 33.7754096490894], [-84.3989952353867, 33.7753546460739], [-84.3989950465567, 33.775330691333], [-84.3989972354781, 33.7751988377037], [-84.3989984995034, 33.7751003334217], [-84.3989990722311, 33.7750557176878], [-84.3989993987168, 33.7750302742493], [-84.3990008118261, 33.7749202041901], [-84.3990011223158, 33.7748960348159], [-84.3990025433938, 33.7747853182546], [-84.3991698622095, 33.7747868154701], [-84.3991911521301, 33.7747870061822], [-84.3991910263752, 33.7747968082813], [-84.3992333341302, 33.7747971866008], [-84.3992334598828, 33.7747873854033], [-84.3992544766327, 33.7747875730127], [-84.3994220675463, 33.77478907298], [-84.399420498659, 33.7748900483723], [-84.3994202215446, 33.7749329035262], [-84.399439929909, 33.7749331539822], [-84.3994374059996, 33.7753169542354], [-84.3994344006576, 33.7753171555624], [-84.3994333743046, 33.7753971629025], [-84.3993580421645, 33.7753962608498], [-84.3993577138563, 33.7754217899478], [-84.3993576175847, 33.775429311712], [-84.399233976837, 33.7754282049173], [-84.3992058601027, 33.7754277259247], [-84.39916218726, 33.7754273348402], [-84.399133311628, 33.7754273044803], [-84.3990688345849, 33.7754267271361], [-84.3990690450812, 33.7754103166694], [-84.3989945298202, 33.7754096490894]]]}}, {"type": "Feature", "properties": {"name": "Fitten Residence Hall", "aka": [], "doors": [[-84.403656, 33.778316, true], [-84.403763, 33.778118, true]]}, "geometry": {"type": "Polygon", "coordinates": [[[-84.4036096828499, 33.7783381345561], [-84.4036105257374, 33.7783038764855], [-84.4036111685005, 33.7782930121519], [-84.4035685226393, 33.7782920327817], [-84.4035729516983, 33.7781574942401], [-84.4036156283702, 33.7781575313238], [-84.4036171140151, 33.7781124089182], [-84.4036708752867, 33.7781136428306], [-84.4036937975923, 33.7781142525035], [-84.4038176227921, 33.7781170117016], [-84.4038167090123, 33.778141970275], [-84.4038548629698, 33.7781429022908], [-84.4039098206887, 33.7781441644555], [-84.4039078718966, 33.7781990445273], [-84.4039046059813, 33.7782661237728], [-84.4039040371616, 33.7783198551912], [-84.4038511027006, 33.778318963321], [-84.4038109478042, 33.7783179927718], [-84.4038100895705, 33.7783427348413], [-84.4036557409255, 33.7783391930162], [-84.4036096828499, 33.7783381345561]]]}}, {"type": "Feature", "properties": {"name": "Floyd Field Residence Hall", "aka": ["Field Residence Hall"], "doors": [[-84.391655, 33.77438, true], [-84.391724, 33.774063, true], [-84.391609, 33.774055, true]]}, "geometry": {"type": "Polygon", "coordinates": [[[-84.3915914891733, 33.7740496076232], [-84.3915915071309, 33.7740217744765], [-84.3916602874395, 33.7740218059916], [-84.3916782048257, 33.7740218139], [-84.3917187966962, 33.7740218327557], [-84.3917187280798, 33.7741268988504], [-84.3917186273568, 33.7742795587324], [-84.39171854087, 33.7744095844009], [-84.3916792077379, 33.7744095668572], [-84.3916098235712, 33.7744095346506], [-84.3915967377198, 33.7744095287466], [-84.3915912507312, 33.7744095261238], [-84.3915912354128, 33.7742760013268], [-84.391591234605, 33.7742657765882], [-84.391591232947, 33.7742490292965], [-84.3915912194102, 33.7742322811247], [-84.3915912088058, 33.7742195471048], [-84.3915914390185, 33.7741254403041], [-84.3915914564173, 33.7740994591531], [-84.3915914891733, 33.7740496076232]]]}}, {"type": "Feature", "properties": {"name": "Folk Residence Hall", "aka": [], "doors": [[-84.404718, 33.77893, false]]}, "geometry": {"type": "Polygon", "coordinates": [[[-84.4047573208073, 33.7790453722608], [-84.404757692441, 33.7790263223516], [-84.4047128275869, 33.7790254378242], [-84.4047069337835, 33.7790256313267], [-84.4047083466773, 33.778953240408], [-84.4047085283003, 33.7789439539483], [-84.4047087599016, 33.7789320471927], [-84.4047089415245, 33.7789227607329], [-84.4047110229408, 33.7788160796158], [-84.4047617814722, 33.7788167697379], [-84.4047621531043, 33.778797719828], [-84.4049309677377, 33.7788000169115], [-84.4049305961431, 33.7788190668217], [-84.4049813546799, 33.7788197577552], [-84.4049772661808, 33.7790293094721], [-84.404944939517, 33.7790288768877], [-84.4049252463626, 33.7790286137592], [-84.4049248531387, 33.779047651989], [-84.4047573208073, 33.7790453722608]]]}}, {"type": "Feature", "properties": {"name": "Ford ES&T", "aka": ["Brock Football Practice Facility", "Coffee Lab", "For Environmental Science and Technology Building", "Ford Environmental Science and Technology Building"], "doors": [[-84.3964, 33.779423, true], [-84.396118, 33.778999, true], [-84.395866, 33.779034, true], [-84.396027, 33.778664, true], [-84.395294, 33.778416, true], [-84.396118, 33.778999, true], [-84.395866, 33.779034, true], [-84.396027, 33.778664, true], [-84.395294, 33.778416, true], [-84.395904, 33.778547, false], [-84.396032, 33.778346, false], [-84.396146, 33.778779, false], [-84.395968, 33.778292, false]]}, "geometry": {"type": "Polygon", "coordinates": [[[-84.3963860528168, 33.7795530578601], [-84.3963659485735, 33.7795226050296], [-84.3963377122694, 33.7795344602045], [-84.3963059312089, 33.7795418957612], [-84.3962764958911, 33.7795458853408], [-84.3962429328398, 33.7795479142868], [-84.3962099383422, 33.7795420743535], [-84.396177532081, 33.7795357419172], [-84.3961504147352, 33.7795254648293], [-84.3961114830244, 33.7795019328811], [-84.396138399714, 33.7794369684186], [-84.3961626414344, 33.7794370432584], [-84.3961604533843, 33.779419861846], [-84.3961535353238, 33.779419828727], [-84.3961535844867, 33.7794216634968], [-84.3961382075451, 33.7794215920079], [-84.3961381659408, 33.779419757224], [-84.396111857448, 33.7794196330247], [-84.3960876739378, 33.7794195201974], [-84.396087679907, 33.7794213541459], [-84.3960723018857, 33.7794212826507], [-84.3960723045524, 33.7794194477846], [-84.3960219442812, 33.7794192113878], [-84.39602177533, 33.7794210456614], [-84.3960113404739, 33.7794209965292], [-84.3960063973064, 33.7794209732564], [-84.3960064530487, 33.7794127185315], [-84.3960096664302, 33.7794127332975], [-84.3960098836667, 33.7793925539286], [-84.3959935003873, 33.7793924770786], [-84.3959929004796, 33.7793954761854], [-84.3959906829277, 33.7794000300408], [-84.3959868145063, 33.7794042055653], [-84.3959817708295, 33.7794073887518], [-84.3959758729914, 33.7794093274425], [-84.395969672786, 33.7794100368419], [-84.3959634826818, 33.7794092693167], [-84.3959576099975, 33.7794072758568], [-84.3959529558114, 33.7794042684794], [-84.3959487977453, 33.7793998328654], [-84.3959464771931, 33.779394907847], [-84.3959456957339, 33.7793901503812], [-84.3959458425468, 33.779360149451], [-84.3959459792868, 33.7793397412119], [-84.3959023179135, 33.7793395328943], [-84.3959023132749, 33.7793402235681], [-84.3958869352681, 33.7793401520498], [-84.3958869461094, 33.7793385470896], [-84.3958364401175, 33.7793383099861], [-84.3958364076803, 33.7793399149864], [-84.3958210296712, 33.7793398425582], [-84.395821040533, 33.7793382448112], [-84.3957705982271, 33.7793380003493], [-84.3957704907701, 33.7793414394484], [-84.3957628017678, 33.7793414041321], [-84.3957628078781, 33.7793404546815], [-84.3957551189575, 33.7793404500207], [-84.3957551314423, 33.7793386503007], [-84.3957518359092, 33.7793386005161], [-84.3957517898082, 33.7793379126414], [-84.395746348873, 33.7793378866756], [-84.3957045680631, 33.7793383528391], [-84.3957045913696, 33.7793402129034], [-84.3956969024442, 33.7793402064357], [-84.3956968972498, 33.7793410945723], [-84.3956894825053, 33.779341059644], [-84.3956895033652, 33.779337943497], [-84.395689538278, 33.779332804919], [-84.3956928336429, 33.77933279159], [-84.3956930169946, 33.7793055325147], [-84.3956790124518, 33.7793054665363], [-84.3956791136218, 33.7792903321243], [-84.3956483585259, 33.7792901214045], [-84.3956483416597, 33.7792927100779], [-84.3956384553394, 33.7792926635029], [-84.3956385421024, 33.779279822018], [-84.3956407391749, 33.7792797394977], [-84.3956407780738, 33.7792509388657], [-84.3956387362405, 33.7792509291295], [-84.3956388230034, 33.7792380876445], [-84.3956410926673, 33.7792380987612], [-84.3956412105864, 33.7792097785629], [-84.3956390140436, 33.7792096537023], [-84.3956391008065, 33.7791968122171], [-84.3956412980233, 33.7791967846973], [-84.395641604696, 33.7791683884098], [-84.3956392929239, 33.7791683773711], [-84.3956393786094, 33.7791555367895], [-84.3956413383775, 33.7791555457764], [-84.3956418160216, 33.7791268831842], [-84.3956395722768, 33.779126872921], [-84.3956396579599, 33.7791140314376], [-84.3956495442597, 33.7791140780126], [-84.3956495247397, 33.779116886694], [-84.3956802816045, 33.7791169738841], [-84.3956803843242, 33.7791016104492], [-84.3956938403149, 33.7791016738389], [-84.395694009623, 33.7790764408001], [-84.3956907157627, 33.7790762043688], [-84.3956907715353, 33.7790679496434], [-84.3957061494934, 33.7790680211864], [-84.39570613707, 33.7790698443494], [-84.3957160233959, 33.7790699026404], [-84.3957569107164, 33.7790700945344], [-84.3957569511832, 33.7790682604996], [-84.3957723291414, 33.7790683320344], [-84.3957723081127, 33.7790701669347], [-84.3958228970873, 33.7790704039108], [-84.39582285549, 33.7790685691267], [-84.3958382334506, 33.7790686415549], [-84.3958382005437, 33.7790704755757], [-84.3958464596378, 33.7790705143368], [-84.3958890227501, 33.7790707147964], [-84.3958890351384, 33.779068879912], [-84.3959044132192, 33.7790689974143], [-84.3959044502656, 33.7790634485806], [-84.3959067609551, 33.7790634596163], [-84.3959070139795, 33.7790210373325], [-84.3959047356834, 33.7790210262366], [-84.3959048270524, 33.7790074967822], [-84.395914438001, 33.7790075420441], [-84.3959145716641, 33.7790102945387], [-84.3959270504575, 33.7790103534067], [-84.3959272362872, 33.7789828364528], [-84.3959258628321, 33.7789828299879], [-84.3959259300581, 33.7789728034953], [-84.3958444153188, 33.7789568595181], [-84.3957759207564, 33.7789107121281], [-84.3957381373886, 33.7788442565967], [-84.3957386319467, 33.7787708522056], [-84.3957390500594, 33.778770135518], [-84.3957772589529, 33.7787048381932], [-84.3958464139472, 33.7786592800568], [-84.3959281424163, 33.7786441004196], [-84.3959282080301, 33.7786342795061], [-84.3959295814796, 33.7786342859711], [-84.3959297677755, 33.7786065390934], [-84.3959171368099, 33.7786064850164], [-84.3959171182127, 33.7786092314824], [-84.3959075073085, 33.7786091862204], [-84.3959075975997, 33.7785956576687], [-84.3959098251345, 33.7785956679572], [-84.3959100803169, 33.7785532456662], [-84.3959078830158, 33.7785532353215], [-84.3959079201819, 33.7785477315697], [-84.3958925423143, 33.7785476591498], [-84.3958925548779, 33.7785458900856], [-84.3958505414523, 33.7785456290968], [-84.3958417535805, 33.7785456823845], [-84.395841742014, 33.7785474207908], [-84.3958269126643, 33.7785473518524], [-84.3958270395107, 33.7785455185586], [-84.395776013542, 33.7785452787882], [-84.3957758370242, 33.7785471112725], [-84.3957604591592, 33.7785470397378], [-84.3957604707298, 33.7785453022332], [-84.3957096709802, 33.7785448645537], [-84.3957096577795, 33.7785468013263], [-84.3956942809918, 33.7785467288798], [-84.3956943356867, 33.7785384750573], [-84.3956977066794, 33.7785384904408], [-84.395697803056, 33.7785130366304], [-84.3956843471574, 33.7785129732407], [-84.3956844509561, 33.7784976098022], [-84.3956536943343, 33.7784975307271], [-84.3956536766477, 33.7785002167808], [-84.3956437915006, 33.7785001711055], [-84.3956449941087, 33.7783215390173], [-84.3956548792354, 33.7783215846925], [-84.3956548616039, 33.7783242914842], [-84.3956856178471, 33.7783242515418], [-84.3956857193205, 33.7783092316366], [-84.3956997269404, 33.7783092976089], [-84.3956998931026, 33.7782816661787], [-84.3956966138972, 33.778281650625], [-84.3956966696667, 33.7782733949969], [-84.3957040843192, 33.7782734299251], [-84.3957040757345, 33.7782746670074], [-84.3957117654837, 33.7782746130627], [-84.3957117528828, 33.7782763695039], [-84.3957150484904, 33.7782764625689], [-84.3957150413766, 33.7782774408744], [-84.3957589774636, 33.7782776189951], [-84.3957589835715, 33.7782766686427], [-84.3957625534048, 33.7782767512791], [-84.3957625667027, 33.7782748514739], [-84.395770357107, 33.7782748875039], [-84.3957702607266, 33.7782739698012], [-84.3957776753791, 33.7782740047249], [-84.395777651567, 33.7782776330163], [-84.3958281948374, 33.7782779115521], [-84.3958281899513, 33.7782760766996], [-84.3958435677703, 33.7782761491277], [-84.3958435543325, 33.7782779957357], [-84.3958458412132, 33.7782779941937], [-84.3958941546873, 33.778278220941], [-84.3958940936538, 33.7782763861928], [-84.3959094714704, 33.7782764577111], [-84.3959094591786, 33.7782783286615], [-84.3959599860037, 33.7782785134021], [-84.3959599984338, 33.7782766947472], [-84.3959753751732, 33.7782767671609], [-84.3959753205102, 33.778285022787], [-84.3959719657209, 33.7782850064793], [-84.3959718899243, 33.7783051864907], [-84.3959883647739, 33.7783052631738], [-84.3959887021519, 33.7783026143954], [-84.3959910893414, 33.7782977103831], [-84.3959949577131, 33.7782935348579], [-84.3959996876484, 33.7782905497153], [-84.3960059044817, 33.778288412067], [-84.3960118445515, 33.77828776356], [-84.3960185645727, 33.7782884732941], [-84.3960238968229, 33.7782902829175], [-84.3960294363407, 33.7782936970957], [-84.396033249324, 33.778297908838], [-84.3960354037148, 33.7783024825203], [-84.3960364039927, 33.7783079140153], [-84.3960360667252, 33.7783580005015], [-84.3960794846485, 33.7783582047173], [-84.3960794595272, 33.7783572868824], [-84.3960948373608, 33.7783573592791], [-84.3960948249768, 33.7783591941637], [-84.3961453519407, 33.7783594130908], [-84.3961453643716, 33.7783575962392], [-84.3961607422053, 33.7783576686277], [-84.3961607289811, 33.7783595927773], [-84.3962112838283, 33.7783597403951], [-84.3962112805181, 33.7783560706782], [-84.3962189694348, 33.7783561068686], [-84.3962189633151, 33.7783570509094], [-84.3962266521597, 33.7783570600499], [-84.3962266389346, 33.7783589832979], [-84.3962299351829, 33.778358910444], [-84.3962299282434, 33.7783599518648], [-84.3962739029902, 33.7783600350567], [-84.396273871386, 33.7783591163323], [-84.3962771658069, 33.7783591679085], [-84.3962771791705, 33.778357296956], [-84.396284804383, 33.7783573332608], [-84.3962848742784, 33.7783564161508], [-84.3962925631951, 33.7783564523366], [-84.3962925384333, 33.7783601212041], [-84.3962988539052, 33.7783601509285], [-84.3963268626809, 33.7783602818427], [-84.3963421033864, 33.7783603535621], [-84.3963418011611, 33.7784052978626], [-84.3963439984584, 33.7784053081996], [-84.3963439133491, 33.778417920664], [-84.3963439309702, 33.7784212864975], [-84.3963428357496, 33.7785781182488], [-84.3963403024154, 33.7786281862791], [-84.3961590654138, 33.7786273359739], [-84.3961585286798, 33.7787070592219], [-84.3961582093562, 33.7787545353897], [-84.3961579659897, 33.7787908156056], [-84.3961652234828, 33.7787889906906], [-84.3961696620763, 33.7788018580236], [-84.396176155674, 33.7788265593209], [-84.3961804364513, 33.7788515054743], [-84.3961817366938, 33.7788641415091], [-84.3961817866865, 33.7788646679808], [-84.396182789104, 33.778877373095], [-84.3961829567119, 33.7788892060612], [-84.3961829694595, 33.7788895324354], [-84.3961829621779, 33.7788900409806], [-84.3961825889875, 33.7789027414399], [-84.3961813971829, 33.7789153794045], [-84.3961799240876, 33.778927808709], [-84.3961778966206, 33.7789404698672], [-84.3961754715103, 33.7789522102769], [-84.3961721246778, 33.7789653084849], [-84.3961639086637, 33.778990326568], [-84.3961566368918, 33.7789884231794], [-84.3961566143366, 33.7789917070371], [-84.3961563762986, 33.7790271514105], [-84.3961555366329, 33.7791519965748], [-84.3963367747371, 33.7791528459788], [-84.3963384586254, 33.7792291126631], [-84.3963374878425, 33.779415176612], [-84.3964479569312, 33.7794158545855], [-84.3964524487242, 33.7794243551087], [-84.3964889778169, 33.7794934870481], [-84.3964583732601, 33.7795096475396], [-84.3964631091498, 33.7795189816355], [-84.3963860528168, 33.7795530578601]]]}}, {"type": "Feature", "properties": {"name": "Forth Street Apartments", "aka": [], "doors": []}, "geometry": {"type": "Polygon", "coordinates": [[[-84.3917010496635, 33.7753332447446], [-84.3916108600231, 33.7753315715992], [-84.3916105218096, 33.7753442755965], [-84.3916086203635, 33.7753442402912], [-84.3915800965163, 33.7753437116138], [-84.3915779229727, 33.775343671394], [-84.391578261191, 33.7753309673969], [-84.3914880704776, 33.7753292950654], [-84.3914864050211, 33.7753919079408], [-84.3913929555466, 33.7753901747541], [-84.3913919465293, 33.7752489489705], [-84.3914249787722, 33.7752489113579], [-84.3914253159331, 33.7752362073629], [-84.3914666265504, 33.7752362926151], [-84.3914970518052, 33.7752368566259], [-84.3915079184319, 33.7752370586353], [-84.3915075808928, 33.7752504397722], [-84.3915868865521, 33.77525191463], [-84.3915867409847, 33.7752573590726], [-84.3916060286004, 33.775257716138], [-84.3916061741665, 33.7752522716954], [-84.3916857761014, 33.7752534997986], [-84.3916861250486, 33.7752403629882], [-84.3916969916761, 33.775240564981], [-84.3917274169336, 33.7752411289349], [-84.3917686911628, 33.7752425747459], [-84.3917683529752, 33.7752552796453], [-84.3917966046969, 33.7752558033657], [-84.3917928349272, 33.7753975905748], [-84.3916993854417, 33.7753958576202], [-84.3917010496635, 33.7753332447446]]]}}, {"type": "Feature", "properties": {"name": "Fourth St Apts - Stein House", "aka": ["Fourth Street Houses"], "doors": [[-84.391739, 33.774807, true], [-84.391596, 33.775338, false], [-84.391479, 33.775248, false], [-84.39171, 33.775253, false]]}, "geometry": {"type": "MultiPolygon", "coordinates": [[[[-84.3916912078051, 33.7749378980158], [-84.3916800022824, 33.7749377309031], [-84.391680385122, 33.7749239295125], [-84.3915984956345, 33.7749227082794], [-84.3915986159224, 33.7749170934703], [-84.3915787249915, 33.774916797012], [-84.391578605782, 33.7749224118192], [-84.3914965259228, 33.7749210574208], [-84.3914962276135, 33.7749349902982], [-84.3914850173054, 33.7749350576062], [-84.3914536411969, 33.7749345899976], [-84.3914110797942, 33.7749330183902], [-84.3914113597763, 33.7749199177716], [-84.3913822241285, 33.7749194830325], [-84.3913855158543, 33.774773407533], [-84.3914817210539, 33.7747747029139], [-84.3914803403539, 33.7748392727637], [-84.3915733478111, 33.774840659555], [-84.3915736277683, 33.7748275589359], [-84.3915758634349, 33.7748278262591], [-84.3916052787038, 33.7748282649511], [-84.3916072453727, 33.774828060298], [-84.3916069643409, 33.7748411609192], [-84.3916999670161, 33.7748427820534], [-84.3917013534189, 33.7747779786632], [-84.3917977209505, 33.7747794150611], [-84.3917945954896, 33.7749256327277], [-84.3917654609181, 33.7749251980771], [-84.3917651809922, 33.774938299598], [-84.3917338048791, 33.774937831159], [-84.3917337905205, 33.7749385335725], [-84.391722583918, 33.7749383664656], [-84.3916912078051, 33.7749378980158]]], [[[-84.3916108600231, 33.7753315715992], [-84.3916105218096, 33.7753442755965], [-84.3916086203635, 33.7753442402912], [-84.3915800965163, 33.7753437116138], [-84.3915779229727, 33.775343671394], [-84.391578261191, 33.7753309673969], [-84.3914880704776, 33.7753292950654], [-84.3914864050211, 33.7753919079408], [-84.3913929555466, 33.7753901747541], [-84.3913919465293, 33.7752489489705], [-84.3914249787722, 33.7752489113579], [-84.3914253159331, 33.7752362073629], [-84.3914666265504, 33.7752362926151], [-84.3914970518052, 33.7752368566259], [-84.3915079184319, 33.7752370586353], [-84.3915075808928, 33.7752504397722], [-84.3915868865521, 33.77525191463], [-84.3915867409847, 33.7752573590726], [-84.3916060286004, 33.775257716138], [-84.3916061741665, 33.7752522716954], [-84.3916857761014, 33.7752534997986], [-84.3916861250486, 33.7752403629882], [-84.3916969916761, 33.775240564981], [-84.3917274169336, 33.7752411289349], [-84.3917686911628, 33.7752425747459], [-84.3917683529752, 33.7752552796453], [-84.3917966046969, 33.7752558033657], [-84.3917928349272, 33.7753975905748], [-84.3916993854417, 33.7753958576202], [-84.3917010496635, 33.7753332447446], [-84.3916108600231, 33.7753315715992]]]]}}, {"type": "Feature", "properties": {"name": "Freeman Residence Hall", "aka": [], "doors": [[-84.403915, 33.777615, true], [-84.403915, 33.777694, false]]}, "geometry": {"type": "Polygon", "coordinates": [[[-84.403877546237, 33.777744593714], [-84.4038779489207, 33.7777336054117], [-84.4038537688506, 33.7777330036], [-84.4038555774177, 33.7776468247566], [-84.4038401196755, 33.7776463125726], [-84.4038409364987, 33.7776233964246], [-84.4037866698978, 33.7776220463417], [-84.4037938804621, 33.7774198965819], [-84.4038481469355, 33.7774212466622], [-84.4038489648346, 33.7773983305113], [-84.4038908675765, 33.7773993725266], [-84.4038932031842, 33.7773994302509], [-84.4039029570236, 33.7773996729798], [-84.4039183441845, 33.7774000563556], [-84.4039280991013, 33.7774002981789], [-84.4039286487215, 33.7774003124503], [-84.4040119045921, 33.7774023830431], [-84.4040110867389, 33.7774253000965], [-84.4040655416522, 33.7774268534921], [-84.4040581443689, 33.7776287989502], [-84.4040038619116, 33.7776275743229], [-84.4040031196949, 33.7776505128697], [-84.4039226879485, 33.7776483665133], [-84.4039223281608, 33.7776584629999], [-84.4039337654439, 33.7776587475724], [-84.4039335158707, 33.7776657403617], [-84.4039312584399, 33.7777300703418], [-84.4039310483233, 33.7777349261405], [-84.4039196110301, 33.7777346415677], [-84.403919258552, 33.7777454314103], [-84.403877546237, 33.777744593714]]]}}, {"type": "Feature", "properties": {"name": "French Building", "aka": [], "doors": [[-84.394806, 33.772964, true], [-84.394537, 33.772831, false]]}, "geometry": {"type": "Polygon", "coordinates": [[[-84.3946988962598, 33.7730672783917], [-84.3946994747458, 33.7730370385973], [-84.3945331982841, 33.7730348201808], [-84.3945326197397, 33.7730650599746], [-84.394462517368, 33.7730641245345], [-84.3944630219673, 33.7730377556723], [-84.3944630959371, 33.7730338847409], [-84.394295715287, 33.7730317816506], [-84.3942981649088, 33.7728553588651], [-84.3942986239263, 33.7728313316788], [-84.3945008348247, 33.772834030482], [-84.3945454310723, 33.7728346252878], [-84.3948157024439, 33.7728382311822], [-84.3948118704291, 33.7730385377041], [-84.3947939105288, 33.7730382986041], [-84.394793332076, 33.7730685383987], [-84.3946988962598, 33.7730672783917]]]}}, {"type": "Feature", "properties": {"name": "Fulmer Residence Hall", "aka": [], "doors": [[-84.403885, 33.778751, true]]}, "geometry": {"type": "Polygon", "coordinates": [[[-84.4039078908164, 33.7787424780544], [-84.4039079839857, 33.7787284914555], [-84.4038931891535, 33.7787284225185], [-84.4038931755021, 33.7787305206881], [-84.4038792185608, 33.7787304555485], [-84.4038792246287, 33.7787295232291], [-84.4038151357149, 33.7787292505799], [-84.4037834069832, 33.7787290780209], [-84.4037836901867, 33.7786864780444], [-84.4037444000052, 33.7786862956593], [-84.4037450967039, 33.7785817478145], [-84.4037487257602, 33.7785817642856], [-84.4037487189316, 33.7785828129195], [-84.4037843800094, 33.7785829788335], [-84.4037847417419, 33.7785390974582], [-84.4038140510847, 33.7785394081108], [-84.4039901125125, 33.7785390011263], [-84.4039899797962, 33.7785828847666], [-84.4040292699304, 33.7785830670736], [-84.4040295288547, 33.7785865126881], [-84.404029528984, 33.7785865595738], [-84.4040290921766, 33.7786877320374], [-84.403989283395, 33.7786874326114], [-84.4039891788643, 33.7787031675348], [-84.4039893062263, 33.7787254669375], [-84.4039887917808, 33.7787292052727], [-84.4039459482439, 33.7787286673213], [-84.4039458550807, 33.7787426539202], [-84.40394559487, 33.7787818158547], [-84.4039455017067, 33.7787958024535], [-84.4039064209496, 33.7787956215208], [-84.403906807813, 33.7787816361607], [-84.4039078908164, 33.7787424780544]]]}}, {"type": "Feature", "properties": {"name": "GT at Centergy One", "aka": [], "doors": []}, "geometry": {"type": "Polygon", "coordinates": [[[-84.3889071819861, 33.7773097902133], [-84.3889080863231, 33.7772498178945], [-84.3889059004573, 33.7772496234674], [-84.3889062314405, 33.7772276910834], [-84.3889084228992, 33.7772275428726], [-84.3889093272348, 33.7771675705529], [-84.3889071413711, 33.7771673761259], [-84.388907471274, 33.7771454437435], [-84.3889096627307, 33.7771452955327], [-84.3889105670649, 33.7770853232122], [-84.3889083812032, 33.7770851287852], [-84.3889087121854, 33.7770631964006], [-84.3889182902245, 33.7770631259541], [-84.3889191945521, 33.7770031536328], [-84.3889096221132, 33.7770028814414], [-84.3889098700818, 33.7769864330549], [-84.3889138468046, 33.7769864745826], [-84.3889271320642, 33.7769866147572], [-84.3889295679822, 33.7769866401246], [-84.3889297454641, 33.7769884701589], [-84.3890015618759, 33.7769892253157], [-84.389001794699, 33.7769873999522], [-84.3890280585651, 33.7769876754237], [-84.389028236049, 33.7769895054579], [-84.3891000524624, 33.7769902605574], [-84.3891002852833, 33.7769884351936], [-84.3891265491523, 33.7769887115458], [-84.3891267266383, 33.7769905415799], [-84.389198543053, 33.7769912966221], [-84.3891987758718, 33.7769894712581], [-84.389225039739, 33.7769897466877], [-84.3892252172271, 33.7769915767216], [-84.3892970336432, 33.7769923317065], [-84.3892972664599, 33.7769905063424], [-84.3893169643619, 33.7769907133502], [-84.3893167164711, 33.7770071617372], [-84.389307138441, 33.7770072331163], [-84.3893066241682, 33.7770413309242], [-84.3893062343814, 33.7770672045376], [-84.3893158068285, 33.7770674766981], [-84.3893145673859, 33.7771497240416], [-84.3893142365094, 33.7771716573282], [-84.3893121072357, 33.7771716350218], [-84.3893111695138, 33.7772319491301], [-84.3893133268617, 33.7772319713859], [-84.3893129970644, 33.7772539046702], [-84.3893108094814, 33.7772538815673], [-84.3893104147398, 33.7772799265027], [-84.3893101813292, 33.7772965470784], [-84.389310438312, 33.7772965502214], [-84.3893104024078, 33.7772989486809], [-84.389310154065, 33.777298946424], [-84.3893099015494, 33.7773140252089], [-84.3893098998215, 33.7773141920176], [-84.3893120874177, 33.7773142196288], [-84.3893117565378, 33.7773361520131], [-84.389309565077, 33.7773363002311], [-84.3893095421311, 33.777337864639], [-84.3893086610192, 33.777396272551], [-84.3893108468896, 33.7773964669708], [-84.3893107252577, 33.7774045423871], [-84.3893107226087, 33.7774047705098], [-84.3892995096181, 33.7774043435195], [-84.3889035856426, 33.7774031158867], [-84.3889037506879, 33.7773921857619], [-84.3889059421509, 33.777392037551], [-84.3889068464892, 33.777332065233], [-84.3889046606214, 33.7773318708059], [-84.3889049905253, 33.7773099384242], [-84.3889071819861, 33.7773097902133]]]}}, {"type": "Feature", "properties": {"name": "George Tower-Scheller Tower", "aka": [], "doors": []}, "geometry": {"type": "Polygon", "coordinates": [[[-84.3886068958541, 33.7771726655848], [-84.3886340312638, 33.7771731128492], [-84.3886283242668, 33.7774091822402], [-84.3886050174768, 33.7774087894849], [-84.3886031076585, 33.7774877847797], [-84.3878734753235, 33.777475492894], [-84.3878809286454, 33.7771672954255], [-84.3879062674246, 33.777167721036], [-84.3879064336129, 33.7771608537726], [-84.3879082500064, 33.7771608843867], [-84.3879116833675, 33.7770189207471], [-84.3881091025242, 33.7770222502218], [-84.3881099271776, 33.7769881341134], [-84.3886111529702, 33.776996585113], [-84.3886068958541, 33.7771726655848]]]}}, {"type": "Feature", "properties": {"name": "Georgia Public Broadcasting", "aka": [], "doors": []}, "geometry": {"type": "Polygon", "coordinates": [[[-84.3953301578333, 33.7861851015617], [-84.395326190873, 33.7856592216716], [-84.3953075670005, 33.7856637461347], [-84.3952873225673, 33.7854090334179], [-84.3958974601049, 33.785409765099], [-84.3959070127896, 33.7861576988582], [-84.3955126353119, 33.7861584305328], [-84.3953301578333, 33.7861851015617]]]}}, {"type": "Feature", "properties": {"name": "Georgia Tech Hotel and Conference Center", "aka": ["Hotel and Conference Center and Global Learning Center"], "doors": [[-84.389114, 33.776253, true]]}, "geometry": {"type": "Polygon", "coordinates": [[[-84.3889550142745, 33.7766996479723], [-84.3889633558764, 33.7762443183699], [-84.3889808580017, 33.7762438946237], [-84.3889830654329, 33.7762089777669], [-84.3890322789946, 33.7762095058322], [-84.3890856805051, 33.7761673213702], [-84.3890912422687, 33.7761615380663], [-84.3890897014976, 33.7760996983118], [-84.3889174218441, 33.776098470472], [-84.388919378114, 33.7759901189905], [-84.3890908180889, 33.7759936493584], [-84.389092347958, 33.7759873521659], [-84.3891694874153, 33.7759876251672], [-84.389711024754, 33.7759957344713], [-84.3897103838421, 33.7763641886406], [-84.3897102778677, 33.7763699585052], [-84.3896961288278, 33.7763697784997], [-84.3896966886826, 33.7763391645889], [-84.3893839716652, 33.7763351714895], [-84.3893800967127, 33.776546760211], [-84.3897055361387, 33.7765509160661], [-84.3897023666612, 33.7767240345203], [-84.389246771935, 33.7767182163971], [-84.3890607000681, 33.7767158396835], [-84.3890609716035, 33.7767010016045], [-84.3890194479966, 33.7767002423981], [-84.3889550142745, 33.7766996479723]]]}}, {"type": "Feature", "properties": {"name": "Georgia Tech Research Corporation", "aka": ["505 10th St NW"], "doors": [[-84.403793, 33.781761, true], [-84.404083, 33.781681, true], [-84.403488, 33.781731, true]]}, "geometry": {"type": "Polygon", "coordinates": [[[-84.4037855270675, 33.7817390108119], [-84.4037852930428, 33.7816419422004], [-84.4038143551829, 33.7816418935664], [-84.4038143170442, 33.7816260967108], [-84.4038965677964, 33.7816259584531], [-84.403896563379, 33.7816243562275], [-84.403985394276, 33.7816242070638], [-84.4039853982469, 33.7816260383097], [-84.4040676479183, 33.7816258999401], [-84.4040676892629, 33.7816428418863], [-84.4040951058245, 33.7816427954503], [-84.40409642696, 33.7817357414229], [-84.4040928626194, 33.7817357473792], [-84.4040928640674, 33.781736663454], [-84.4040679158422, 33.7817367051409], [-84.4040679198174, 33.7817385372884], [-84.4040570227176, 33.7817385555471], [-84.4037855270675, 33.7817390108119]]]}}, {"type": "Feature", "properties": {"name": "Georgia Tech Research Institute", "aka": [], "doors": []}, "geometry": {"type": "Polygon", "coordinates": [[[-84.3947973462089, 33.7862177406161], [-84.3947779163073, 33.7862114866213], [-84.3947612704141, 33.7862012295577], [-84.3947484924274, 33.7861876860387], [-84.3947400203676, 33.7861715224773], [-84.3947361586762, 33.7859482339997], [-84.3947262906552, 33.7859480466621], [-84.3947256779384, 33.7858464470786], [-84.3947355425762, 33.7858461772856], [-84.3947344493942, 33.7856651738077], [-84.3947396562807, 33.7856651524624], [-84.3947393998304, 33.7856225905091], [-84.3947391762967, 33.78558552045], [-84.3947339683352, 33.7855855417973], [-84.3947337737412, 33.7855532774835], [-84.3947389806185, 33.7855532552365], [-84.3947380831136, 33.7854045169645], [-84.3947328762453, 33.7854045392114], [-84.3947327412088, 33.7853821136007], [-84.3947346589602, 33.785382105548], [-84.3947623378589, 33.7853819894675], [-84.3951276424961, 33.7853804507778], [-84.3951583362362, 33.7853803218134], [-84.3951588185693, 33.7854602865307], [-84.3951573122546, 33.7854830722334], [-84.3951543649814, 33.7854942978339], [-84.3951503210857, 33.7855052991506], [-84.3951413724646, 33.7855211261674], [-84.3951296746928, 33.7855353632533], [-84.3951201399863, 33.7855447851245], [-84.3951138876527, 33.7855532785294], [-84.3951092832537, 33.7855622224135], [-84.3951063263181, 33.7855718457971], [-84.3951055437939, 33.7855784851992], [-84.3951071928573, 33.7858514217636], [-84.3951077283459, 33.7859400341092], [-84.3951082969056, 33.7860341870363], [-84.3951094088285, 33.7862182885355], [-84.3950367862474, 33.7862185942772], [-84.3949515567032, 33.7862189530549], [-84.3949515351112, 33.7862152923929], [-84.3949424904918, 33.7862153298636], [-84.3949425131656, 33.7862189914253], [-84.3948179585358, 33.7862195157256], [-84.3947973462089, 33.7862177406161]]]}}, {"type": "Feature", "properties": {"name": "Gilbert Memorial Library", "aka": ["Price Gilbert Memorial Library"], "doors": [[-84.396027, 33.774204, true], [-84.395607, 33.774101, true], [-84.396027, 33.774204, true], [-84.395607, 33.774101, true], [-84.395561, 33.774217, false]]}, "geometry": {"type": "Polygon", "coordinates": [[[-84.3953455406893, 33.7742658604836], [-84.3953463578207, 33.7742507526839], [-84.3953751014351, 33.7742512259852], [-84.395379531531, 33.7742512781861], [-84.3953795071628, 33.7742502341177], [-84.3953795205656, 33.7742475579883], [-84.3954060267041, 33.7742478947711], [-84.3954412051746, 33.7742467133195], [-84.3954445609915, 33.7742467693127], [-84.3954895843086, 33.7742473097864], [-84.3954904508092, 33.7742061089732], [-84.395494835561, 33.7742061630573], [-84.3954964670512, 33.7742224384661], [-84.3955402940637, 33.7742229793361], [-84.3955404694102, 33.7742129932098], [-84.3955277059857, 33.7742083589424], [-84.3955173034583, 33.7742027699542], [-84.395505301417, 33.7741933383831], [-84.3954959104692, 33.7741820301389], [-84.3954895400452, 33.774169337667], [-84.3954874851176, 33.7741602960993], [-84.3954864680212, 33.7741558167722], [-84.3954868298464, 33.7741420577861], [-84.3954893510187, 33.7741319446855], [-84.3954955922907, 33.7741192080918], [-84.3954998737791, 33.7741133177724], [-84.3955076174607, 33.7741052624769], [-84.3955135786923, 33.7741004979112], [-84.3955271208477, 33.7740926554722], [-84.3955390223631, 33.7740882432553], [-84.3955550688959, 33.77408508927], [-84.395570877762, 33.774084726338], [-84.3955837619185, 33.7740864525477], [-84.3955992753352, 33.7740911051512], [-84.3956132927271, 33.7740983500739], [-84.3956251989129, 33.7741078710761], [-84.3956344756129, 33.774119250753], [-84.3956415973879, 33.7741347360446], [-84.3956435841424, 33.7741449318514], [-84.3956436364573, 33.7741552619868], [-84.3956407011873, 33.7741688039414], [-84.3956324110897, 33.7741845324198], [-84.3956224336937, 33.7741954861713], [-84.3956132769889, 33.7742024305543], [-84.3956002547615, 33.7742092838272], [-84.3955879143279, 33.7742134885823], [-84.3955875982666, 33.7742135964652], [-84.3955874800935, 33.7742235617476], [-84.3956751744698, 33.7742243881648], [-84.3959846117395, 33.7742284616002], [-84.3960753742966, 33.7742295813806], [-84.3960775811087, 33.774213352944], [-84.3960819658611, 33.7742134070073], [-84.3960771925566, 33.774516801189], [-84.3960472358939, 33.7745169641677], [-84.3955793603576, 33.7745107909844], [-84.3955094285041, 33.7745098684488], [-84.3954850234839, 33.7745095773836], [-84.3954864085543, 33.7744002674899], [-84.3954871821878, 33.7743403792011], [-84.3954383261937, 33.7743399387016], [-84.3954340656418, 33.774339900615], [-84.395372892266, 33.774339348575], [-84.3953514556189, 33.7743391556724], [-84.3953524022662, 33.7742659217048], [-84.3953455406893, 33.7742658604836]]]}}, {"type": "Feature", "properties": {"name": "Glenn Residence Hall", "aka": [], "doors": []}, "geometry": {"type": "Polygon", "coordinates": [[[-84.391489706373, 33.7736929622528], [-84.3914905048074, 33.7736443986881], [-84.3914432990378, 33.7736439824527], [-84.3914441104868, 33.7735797210911], [-84.3914913173008, 33.7735801373243], [-84.3914948288482, 33.7733021270594], [-84.3914735447142, 33.7733019395163], [-84.3914740037718, 33.7732656372403], [-84.3914742694429, 33.7732445822639], [-84.391474597834, 33.7732367931895], [-84.3914951040211, 33.7732371778083], [-84.3914956558941, 33.7731934250063], [-84.3916432788268, 33.7731947257681], [-84.3916450973673, 33.7730507077741], [-84.391685873212, 33.7730510662293], [-84.3917231378848, 33.7730513950079], [-84.391722925015, 33.7730682581056], [-84.3917750430909, 33.7730687166691], [-84.3917729107644, 33.7732375739654], [-84.3917936474739, 33.7732377561439], [-84.3917935384034, 33.7732464158154], [-84.3917933218227, 33.7732635061359], [-84.3917928092627, 33.7733040688194], [-84.3916233589185, 33.7733025763002], [-84.3916198763786, 33.773578307137], [-84.3917901467616, 33.7735798071804], [-84.3917896808051, 33.7736167234935], [-84.3917894250611, 33.7736370039314], [-84.3917893186324, 33.7736454354795], [-84.3917691259949, 33.7736452577181], [-84.391768582189, 33.7736883270503], [-84.3916185031589, 33.7736870047694], [-84.3916176828738, 33.7737519667308], [-84.3916173402064, 33.7737790755419], [-84.3916170753898, 33.7738000313335], [-84.3915393073592, 33.7737993462427], [-84.3915393619098, 33.773795017309], [-84.3915395229114, 33.7737822559259], [-84.3915248691353, 33.7737821266396], [-84.3915112831899, 33.7737820071276], [-84.3914887691504, 33.7737818083034], [-84.3914888151724, 33.7737754533717], [-84.391488830373, 33.7737734192157], [-84.391488850111, 33.7737706420896], [-84.3914889383817, 33.7737585543735], [-84.3914890800104, 33.7737392001416], [-84.3914891850098, 33.7737248366236], [-84.3914891885725, 33.7737245471867], [-84.3914897430934, 33.773695033282], [-84.391489706373, 33.7736929622528]]]}}, {"type": "Feature", "properties": {"name": "Glenn Towers Connector", "aka": [], "doors": []}, "geometry": {"type": "Polygon", "coordinates": [[[-84.391381323051, 33.7737687938759], [-84.3913812374164, 33.7737798293585], [-84.3913469918891, 33.773779757362], [-84.3913465434908, 33.7738085831115], [-84.3912094273383, 33.7738078363326], [-84.3912098310969, 33.7737560879495], [-84.39120818564, 33.7737560792218], [-84.3912072171516, 33.7737560737706], [-84.391196120812, 33.7737558992018], [-84.3911969161107, 33.7736539208396], [-84.3912103540003, 33.7736539946713], [-84.3912104924714, 33.7736363030924], [-84.3913481568348, 33.7736370524793], [-84.3913479416027, 33.7736646199996], [-84.3913822726775, 33.7736648063501], [-84.391381323051, 33.7737687938759]]]}}, {"type": "Feature", "properties": {"name": "Global Learning & Conference Center", "aka": ["Global Learning Center and Hotel and Conference Center"], "doors": [[-84.389748, 33.776344, true]]}, "geometry": {"type": "Polygon", "coordinates": [[[-84.3897790715071, 33.7767292489788], [-84.3897824413145, 33.7765584969981], [-84.3898082493383, 33.7765587442752], [-84.3898110759043, 33.7763654736036], [-84.3897103838421, 33.7763641886406], [-84.389711024754, 33.7759957344713], [-84.3897122554097, 33.7759389930673], [-84.3899260320708, 33.775942223043], [-84.390093522036, 33.7759443607011], [-84.3900933555489, 33.7759534289202], [-84.390046629601, 33.7759528327577], [-84.3900636116379, 33.7760498955496], [-84.3901360097538, 33.7760504335001], [-84.3901352162763, 33.776124907813], [-84.390165985396, 33.7761251370155], [-84.3901651537141, 33.7762031837432], [-84.390168444738, 33.7762032075376], [-84.3901676531594, 33.7762775709421], [-84.3901672780318, 33.7763127306513], [-84.3901663352789, 33.7764012250229], [-84.3901645382192, 33.7765698652038], [-84.3901639684508, 33.7765982610686], [-84.3901637507464, 33.7766437326877], [-84.3902047187458, 33.7766442553809], [-84.3902045533493, 33.7766533235972], [-84.3901968201553, 33.7766532248979], [-84.3901962915338, 33.7766820778256], [-84.3902120105892, 33.7766822783727], [-84.3902118441137, 33.7766913465909], [-84.3901961261363, 33.7766911460418], [-84.3901953308613, 33.7767345629393], [-84.3897790715071, 33.7767292489788]]]}}, {"type": "Feature", "properties": {"name": "Golf Course", "aka": [], "doors": []}, "geometry": {"type": "Polygon", "coordinates": [[[-84.4048626729476, 33.786325204695], [-84.4048451930679, 33.7864400726405], [-84.4048294205018, 33.7865873624393], [-84.4048682960748, 33.7867695569335], [-84.4048867012812, 33.7868223256563], [-84.4049079150504, 33.7868871322975], [-84.4049565848273, 33.786934323569], [-84.4051185410748, 33.7869907524578], [-84.4051454334473, 33.7870253725492], [-84.4051055602148, 33.7870686657078], [-84.4051103767023, 33.7871089259088], [-84.4051550866009, 33.7871127688946], [-84.4051541529838, 33.7872001847987], [-84.4051579073869, 33.7872974791381], [-84.4048235748316, 33.7869597003417], [-84.4037261303673, 33.7876898755562], [-84.4035632595628, 33.7877587155853], [-84.4030232351268, 33.7881289382172], [-84.4025984444056, 33.7886816269474], [-84.4020789734625, 33.7886874249324], [-84.4014250383852, 33.7886873156586], [-84.4014198399261, 33.788687325549], [-84.4014034439633, 33.7885866920027], [-84.4013405322846, 33.7885060499572], [-84.4014620758065, 33.7884115953803], [-84.4014923593685, 33.7883502183194], [-84.401606444537, 33.7881682230421], [-84.4022733435625, 33.7877026321783], [-84.4023024814237, 33.787693210194], [-84.4023090199199, 33.7876979295684], [-84.4023560237199, 33.7877156050114], [-84.4023883215548, 33.787721669127], [-84.4024330776401, 33.7877221967402], [-84.4024748735021, 33.7877135403742], [-84.4025107808166, 33.7876981572164], [-84.4025473804216, 33.7876674572921], [-84.4025634453436, 33.7876398595228], [-84.4025743638131, 33.7876079833418], [-84.402575732813, 33.7875724502908], [-84.4025764032725, 33.7875491702001], [-84.4025770323335, 33.7875111878777], [-84.4025930904986, 33.7874811403328], [-84.4026435356247, 33.7874161079121], [-84.402724632103, 33.7872915953699], [-84.4027813077325, 33.7871852445636], [-84.4028264863214, 33.7870742614151], [-84.4028751672935, 33.7869131406811], [-84.4028894669319, 33.7868204470834], [-84.4028924927993, 33.7865971295187], [-84.4028918963, 33.7863798951034], [-84.4029045442547, 33.7863479686905], [-84.4029391160489, 33.7863494217784], [-84.4029590952229, 33.7863372319765], [-84.4030790870108, 33.7863066192206], [-84.4031954867002, 33.7862927235229], [-84.4032864445168, 33.7862895114738], [-84.4035702653864, 33.7862904861693], [-84.4043198394593, 33.7862920824343], [-84.4048628496414, 33.7862942497913], [-84.4048626729476, 33.786325204695]]]}}, {"type": "Feature", "properties": {"name": "Graduate Living Center", "aka": ["Graduate Student Living", "Graduate Student Living Center", "Tenth and Home Apartments"], "doors": [[-84.396576, 33.7827, true], [-84.396408, 33.782829, true], [-84.396271, 33.782619, true], [-84.396194, 33.782661, true], [-84.395821, 33.782696, true], [-84.395187, 33.78244, true], [-84.39521, 33.781765, true], [-84.395905, 33.781746, true], [-84.39679, 33.782494, true], [-84.396385, 33.781708, true], [-84.396439, 33.781815, true], [-84.396912, 33.782024, true]]}, "geometry": {"type": "Polygon", "coordinates": [[[-84.3963047492031, 33.7823377956601], [-84.3963045861856, 33.7822516305608], [-84.3963367810238, 33.7822515886775], [-84.396336709594, 33.7822139060982], [-84.396317999105, 33.7822139301006], [-84.3963045158496, 33.7822139479794], [-84.3963044794556, 33.7821946472997], [-84.396272284641, 33.7821946900761], [-84.3962719592988, 33.782168265987], [-84.3962718515111, 33.782111282727], [-84.396271846313, 33.7821085254869], [-84.3963040410954, 33.7821084827107], [-84.3963042554225, 33.7820763140982], [-84.3962720606522, 33.7820763568744], [-84.396272047657, 33.7820694637743], [-84.3962761756609, 33.7820694578968], [-84.3962761450853, 33.7820531443765], [-84.3962720170797, 33.7820531493524], [-84.3962720028599, 33.782045797314], [-84.3962761308627, 33.7820457914365], [-84.3962760834655, 33.7820207463561], [-84.3962722308076, 33.7820207517213], [-84.3962722176652, 33.7820133987792], [-84.396276069243, 33.782013393416], [-84.396276039281, 33.7819973098155], [-84.3962721866217, 33.7819973142791], [-84.3962721730131, 33.7819901912589], [-84.3963040924099, 33.7819901498969], [-84.3963040318596, 33.7819577518742], [-84.3962748637555, 33.7819577899203], [-84.3962747007734, 33.7818716257171], [-84.3963038688458, 33.7818715867695], [-84.3963038026307, 33.781836661428], [-84.3962801382014, 33.7818366928399], [-84.3962713336866, 33.781836704714], [-84.3962713283664, 33.7818343063314], [-84.3962713216241, 33.7818293517698], [-84.3962712882767, 33.7818128083329], [-84.396271306448, 33.7818054553323], [-84.3962713684023, 33.7817813288302], [-84.3962714006107, 33.7817739758035], [-84.3962714292768, 33.78175720233], [-84.3962714460494, 33.7817505390952], [-84.3962799762922, 33.7817505277315], [-84.3963039149634, 33.7817504967109], [-84.3963039887068, 33.7817498068104], [-84.3963041857208, 33.7817479688783], [-84.3963066414669, 33.7817371661317], [-84.3963088341063, 33.781732567236], [-84.3963162452443, 33.7817226776567], [-84.396321739844, 33.7817180753207], [-84.3963332849246, 33.7817116259617], [-84.3963390600656, 33.7817097803526], [-84.3963517132382, 33.781707465706], [-84.3963549821943, 33.7817072333069], [-84.3963550145828, 33.7817072314433], [-84.3963547778062, 33.7816877012139], [-84.3963546890726, 33.7816803484121], [-84.3963569279174, 33.7816801161271], [-84.3963635242735, 33.7816801074555], [-84.3963832561136, 33.7816800815452], [-84.3963921469944, 33.7816800695023], [-84.3964207491995, 33.7816800315807], [-84.3964295504588, 33.781680019702], [-84.3964493470854, 33.7816799936604], [-84.3964553204111, 33.7816799861441], [-84.3964581511207, 33.7816802125973], [-84.3964581653585, 33.7816875655377], [-84.3964582017861, 33.7817068662188], [-84.3964970003343, 33.7817068147018], [-84.3964969638981, 33.7816875140207], [-84.3964969490428, 33.7816799311604], [-84.3965052537428, 33.7816799715953], [-84.3965241760645, 33.7816800643848], [-84.3965340972168, 33.7816801126266], [-84.3965341037979, 33.7816837886469], [-84.3965627211208, 33.7816837506642], [-84.3965627139242, 33.7816798447239], [-84.3965715195025, 33.781679832827], [-84.3965715267019, 33.781683739669], [-84.3965913384461, 33.7816837135765], [-84.3965913312457, 33.7816798067345], [-84.3966001368265, 33.7816797957373], [-84.3966001881503, 33.7817066792785], [-84.3966389856183, 33.7817066277189], [-84.3966389359767, 33.7816799740956], [-84.3966760835337, 33.7816799246975], [-84.3966760887446, 33.7816826819376], [-84.3967047060693, 33.7816826448236], [-84.3967047002428, 33.7816796576635], [-84.3967421220625, 33.7816796077342], [-84.3967421734307, 33.7817064912753], [-84.3967809719805, 33.7817064405706], [-84.396780921215, 33.7816797869496], [-84.3968180687717, 33.7816797375087], [-84.3968180739872, 33.7816824947488], [-84.3968466913091, 33.7816824567002], [-84.3968466854801, 33.7816794704418], [-84.3968841083791, 33.7816794204674], [-84.3968841597917, 33.7817063040082], [-84.396906998156, 33.7817062740218], [-84.3969070495757, 33.7817331575624], [-84.3969521767102, 33.7817330977009], [-84.3969521258917, 33.7817064440803], [-84.3969892734595, 33.7817063945878], [-84.3969892786805, 33.7817091518279], [-84.3970178960134, 33.7817091146412], [-84.397017890176, 33.7817061274812], [-84.3970553130861, 33.7817060774548], [-84.3970553640881, 33.7817331909172], [-84.397077652851, 33.7817331610236], [-84.3970778479816, 33.781835869566], [-84.397055559192, 33.7818358994597], [-84.3970556095788, 33.7818627830015], [-84.3970181876778, 33.7818628321245], [-84.3970181799962, 33.7818591561064], [-84.3969981112228, 33.7818591818456], [-84.3969895626134, 33.7818591932934], [-84.3969895702961, 33.7818628702131], [-84.3969524226584, 33.7818629188043], [-84.3969523718395, 33.7818362651843], [-84.3969003653815, 33.7818363342747], [-84.3969003139635, 33.7818094507345], [-84.3968843548391, 33.7818094714925], [-84.3968844062521, 33.7818363550327], [-84.3968467079416, 33.7818364055211], [-84.3968467021101, 33.7818334183611], [-84.3968183600811, 33.7818334558963], [-84.3968183659092, 33.7818364421547], [-84.3967812182849, 33.781836491596], [-84.3967811669042, 33.7818096080556], [-84.3967423683103, 33.7818096596622], [-84.3967424196789, 33.7818365432026], [-84.3966942237582, 33.7818366069048], [-84.3966392317081, 33.7818366787454], [-84.3966391814516, 33.7818097952028], [-84.3966003828573, 33.7818098467647], [-84.3966004341815, 33.7818367303054], [-84.3965646242656, 33.7818347060958], [-84.3965024745, 33.7818368595985], [-84.3965009099006, 33.7818368616109], [-84.3964853440293, 33.7818499005286], [-84.3964719393609, 33.7818611285103], [-84.3964596131409, 33.7818714537326], [-84.3964596122644, 33.781875977319], [-84.3964592429273, 33.7818905135279], [-84.3964595007745, 33.7819575472174], [-84.39642758139, 33.7819575886196], [-84.3964276430667, 33.7819899866401], [-84.3964598378068, 33.781989944725], [-84.3964597256314, 33.7820761094383], [-84.3964278062054, 33.7820761517424], [-84.3964275920726, 33.7821087801968], [-84.3964597868548, 33.78210873738], [-84.3964598010931, 33.7821160903198], [-84.3964553977405, 33.7821160958146], [-84.3964554283502, 33.7821324093346], [-84.3964598317037, 33.7821324038398], [-84.3964598434882, 33.7821388380015], [-84.3964554412142, 33.7821388434943], [-84.3964554838828, 33.7821616939636], [-84.3964554900379, 33.782164807354], [-84.3964598923132, 33.7821648018612], [-84.3964599051752, 33.7821712351193], [-84.3964557771664, 33.782171241003], [-84.3964558083903, 33.7821877844427], [-84.3964599364023, 33.7821877794606], [-84.3964599500266, 33.7821949024804], [-84.3964277552098, 33.7821949443958], [-84.3964277799997, 33.7822082716574], [-84.3964599748191, 33.7822082288403], [-84.3964600573253, 33.7822516558191], [-84.3964919768164, 33.7822516135063], [-84.3964921381792, 33.7823370888448], [-84.3964602186564, 33.7823371311578], [-84.3964602550855, 33.7823564318369], [-84.3963369792477, 33.782356594616], [-84.3963369440712, 33.7823377528749], [-84.3963047492031, 33.7823377956601]]]}}, {"type": "Feature", "properties": {"name": "Grants and Contracts", "aka": [], "doors": []}, "geometry": {"type": "Polygon", "coordinates": [[[-84.4036558939768, 33.7817829277063], [-84.4035515092856, 33.7817829117351], [-84.4035517094688, 33.7817865954976], [-84.4034554790178, 33.7817860904248], [-84.4034551976627, 33.7817403529054], [-84.4034508115928, 33.7817403532067], [-84.4034508072356, 33.781679912831], [-84.4034551943822, 33.7816799125276], [-84.403455191295, 33.7816336677455], [-84.4035516998346, 33.7816336628521], [-84.4035516991222, 33.7816373262623], [-84.4036558849013, 33.7816373218777], [-84.4036558838047, 33.7816318272175], [-84.4037852921462, 33.7816318211675], [-84.4037852930428, 33.7816419422004], [-84.4037855270675, 33.7817390108119], [-84.4037853036755, 33.7817939109776], [-84.4036558950878, 33.781793916127], [-84.4036558939768, 33.7817829277063]]]}}, {"type": "Feature", "properties": {"name": "Groseclose Building", "aka": [], "doors": [[-84.402, 33.775875, true], [-84.401871, 33.775589, true], [-84.401672, 33.775745, true]]}, "geometry": {"type": "Polygon", "coordinates": [[[-84.4014457276905, 33.7758781242712], [-84.4014455709613, 33.7757787174257], [-84.4014455347285, 33.7757559363526], [-84.4014455269457, 33.7757511044137], [-84.4014887139747, 33.7757510565095], [-84.4016783669969, 33.7757508469774], [-84.4018508333102, 33.7756064407347], [-84.4018617825154, 33.7755131710057], [-84.401894848321, 33.7755131350348], [-84.402013886293, 33.7755130027594], [-84.402014017808, 33.7755958426989], [-84.4020305501867, 33.7755958246952], [-84.4020309318406, 33.775836058349], [-84.4020273493839, 33.7758360624763], [-84.4020274065244, 33.7758719598415], [-84.4020275516582, 33.7758914713156], [-84.4019484649658, 33.7758913759677], [-84.4016772118897, 33.7758916755122], [-84.4016771903856, 33.7758778694565], [-84.4014457276905, 33.7758781242712]]]}}, {"type": "Feature", "properties": {"name": "Guggenheim Building", "aka": [], "doors": []}, "geometry": {"type": "Polygon", "coordinates": [[[-84.3956396949582, 33.7715709082306], [-84.3956397156326, 33.7715648806428], [-84.3956300926168, 33.7715648570196], [-84.3956301669726, 33.7715432920501], [-84.3956302481996, 33.7715194395745], [-84.3956303084393, 33.771501903216], [-84.3956848398929, 33.7715020337634], [-84.395684834818, 33.7715033727273], [-84.3958805080313, 33.7715038408016], [-84.3958805131006, 33.7715025009361], [-84.3959350445543, 33.7715026313728], [-84.3959348148264, 33.771569603869], [-84.3959444425623, 33.7715697780357], [-84.3959254595678, 33.7715695815747], [-84.3959239224888, 33.7716730815535], [-84.3959236469741, 33.7716916525071], [-84.3959233740956, 33.7717099971409], [-84.3957283600873, 33.7717095306172], [-84.395681484395, 33.7717094210481], [-84.3956499129038, 33.7717093434783], [-84.3956499270454, 33.7717053247854], [-84.3956510174207, 33.7715936864182], [-84.3956503871863, 33.7715710651173], [-84.3956396949582, 33.7715709082306]]]}}, {"type": "Feature", "properties": {"name": "Habersham", "aka": [], "doors": []}, "geometry": {"type": "Polygon", "coordinates": [[[-84.4042636164645, 33.7741537450196], [-84.4043125551569, 33.7741020456269], [-84.4043149870726, 33.7740994766449], [-84.4043214640337, 33.7741037524308], [-84.4043371654415, 33.774087166055], [-84.4043226412034, 33.774078058484], [-84.4043017844493, 33.7740649796049], [-84.4042929386438, 33.7740661714902], [-84.4042762919563, 33.7740551817436], [-84.4042749907494, 33.7740472920864], [-84.4042727225161, 33.7740457943007], [-84.4042385724876, 33.7740232493096], [-84.4042203336196, 33.7740112085887], [-84.4041541141905, 33.7740811617897], [-84.4041423389205, 33.7740936020037], [-84.4040651966971, 33.7741750938798], [-84.4040114405926, 33.774139605451], [-84.4039757636956, 33.7741212866631], [-84.4039915943548, 33.7740916405509], [-84.4039399962319, 33.7740575770594], [-84.4040463400614, 33.773946111371], [-84.4040987967781, 33.7738890792344], [-84.4041874629967, 33.7737961547457], [-84.4042448900858, 33.7738340659865], [-84.4042489863319, 33.7738297391864], [-84.4043057655593, 33.7738672224591], [-84.4043016693143, 33.7738715492611], [-84.4043433357172, 33.773899056881], [-84.404337021799, 33.7739057277427], [-84.4043875404937, 33.7739390781378], [-84.4043938544104, 33.7739324072736], [-84.4044346577102, 33.7739593448773], [-84.4044387539501, 33.7739550171693], [-84.4044957496768, 33.7739926442007], [-84.4044916534355, 33.7739969710089], [-84.4045495123765, 33.7740351679992], [-84.4043061412211, 33.7742922651289], [-84.4043016793755, 33.7742893190059], [-84.4042937329158, 33.7742842498896], [-84.4042351130269, 33.7742453744], [-84.4041992755407, 33.7742217145985], [-84.4042516700266, 33.7741663650022], [-84.4042636164645, 33.7741537450196]]]}}, {"type": "Feature", "properties": {"name": "Hanson Residence Hall", "aka": [], "doors": [[-84.390999, 33.774055, true]]}, "geometry": {"type": "Polygon", "coordinates": [[[-84.3908803411025, 33.7740166226244], [-84.3908804278207, 33.7740097085946], [-84.391005178479, 33.7740107974015], [-84.3910048568879, 33.7740365392665], [-84.3910042678176, 33.7740835155365], [-84.3910004108059, 33.7743915649391], [-84.3909647467799, 33.7743912537726], [-84.3909112329254, 33.7743907865851], [-84.3908756595934, 33.7743904752281], [-84.3908771718053, 33.7742696997255], [-84.390877653486, 33.7742312082032], [-84.3908800201451, 33.7740422076005], [-84.3908802221231, 33.7740260730617], [-84.3908803411025, 33.7740166226244]]]}}, {"type": "Feature", "properties": {"name": "Harris Residence Hall", "aka": [], "doors": [[-84.391681, 33.771996, false]]}, "geometry": {"type": "Polygon", "coordinates": [[[-84.3916679879614, 33.7722087215929], [-84.3916680131036, 33.7722059489645], [-84.3914929215067, 33.7722048605677], [-84.391458807858, 33.7722046098333], [-84.3914592306583, 33.7721585571428], [-84.3914393053417, 33.7721584924479], [-84.3914389851167, 33.7721933888006], [-84.3914057784876, 33.7721931760723], [-84.3914062449531, 33.7721423337223], [-84.3914394526421, 33.7721425464485], [-84.3914394248587, 33.7721455508065], [-84.3914593492574, 33.7721456786187], [-84.3914597753351, 33.7720992273912], [-84.3916750770112, 33.7720996808036], [-84.3917392779367, 33.7721000921081], [-84.3917396080228, 33.7720640587521], [-84.3917304786922, 33.7720637508055], [-84.3917309434097, 33.7720131392799], [-84.3917309530794, 33.7720127082722], [-84.3917167368856, 33.7720125863249], [-84.3917177542808, 33.7720152001647], [-84.3916853419147, 33.7720222551887], [-84.3916699583601, 33.771972887985], [-84.3917021851145, 33.7719658738778], [-84.3917126445383, 33.7719996171987], [-84.391741304573, 33.7719998011684], [-84.3917416482594, 33.7719623630118], [-84.3918014202469, 33.7719627453933], [-84.391801395109, 33.7719655180218], [-84.3918179973013, 33.7719656247868], [-84.39181800676, 33.7719647005753], [-84.3918379311148, 33.7719648274249], [-84.3918379394937, 33.7719639032154], [-84.3918578638505, 33.7719640309635], [-84.3918578470932, 33.7719658793825], [-84.3918744503652, 33.7719659861379], [-84.3918742545524, 33.7719872934547], [-84.3918808453791, 33.7719928824957], [-84.3918806083944, 33.7720186729057], [-84.3918739159509, 33.7720241770856], [-84.3918737060183, 33.7720471028949], [-84.3918814548648, 33.7720471518706], [-84.3918812673119, 33.7720674889936], [-84.3918735195409, 33.7720674391142], [-84.3918734833964, 33.7720713685834], [-84.3918768044858, 33.7720713895728], [-84.3918763718101, 33.7721185341845], [-84.3917928003555, 33.7721179995958], [-84.3917926222382, 33.7721374116054], [-84.391797352314, 33.7721374426499], [-84.3918012002897, 33.7721374671885], [-84.3918011196951, 33.7721462809923], [-84.3918009693529, 33.7721626895454], [-84.3918008843999, 33.7721719009861], [-84.3917972987838, 33.7721718777723], [-84.3917840057711, 33.7721717929198], [-84.3917836856858, 33.7722066892727], [-84.3917427291085, 33.7722064267536], [-84.3917427039711, 33.7722092002837], [-84.3916679879614, 33.7722087215929]]]}}, {"type": "Feature", "properties": {"name": "Harrison Residence Hall", "aka": [], "doors": []}, "geometry": {"type": "Polygon", "coordinates": [[[-84.3908951525172, 33.7729918259545], [-84.390895181901, 33.7729861130292], [-84.3908445621101, 33.7729859335897], [-84.3908448068601, 33.7729377181648], [-84.3908491849664, 33.7729377336551], [-84.3908501398584, 33.7727501286313], [-84.3908479502702, 33.7727501208871], [-84.3908480945626, 33.772721785284], [-84.3908363293086, 33.7727217435388], [-84.3908363761681, 33.772712375281], [-84.390829013705, 33.7727073213649], [-84.3908291394565, 33.7726826428991], [-84.3908365534657, 33.7726776414894], [-84.3908366003253, 33.7726682732315], [-84.3908469987006, 33.7726683102463], [-84.3908472913851, 33.7726107256574], [-84.3908415453452, 33.7726107054384], [-84.390841574742, 33.7726049961193], [-84.3908418844068, 33.7725439807099], [-84.3909469563193, 33.7725443533452], [-84.3909472619402, 33.7725468684012], [-84.3909466162595, 33.7726110780756], [-84.390935945814, 33.7726110406619], [-84.3909356521068, 33.7726686243512], [-84.3909799809135, 33.7726685528069], [-84.3909798809733, 33.7726882045116], [-84.3911798988526, 33.7726889137787], [-84.391179384329, 33.7727271781546], [-84.3911820835341, 33.7727271912774], [-84.3911820083597, 33.7727583895026], [-84.3911751675146, 33.7727583649793], [-84.3911749744605, 33.7727965259815], [-84.3909787859537, 33.7727958304851], [-84.3909777942559, 33.7729907479788], [-84.3909320988896, 33.7729905857728], [-84.3909320927459, 33.7729919571978], [-84.3909255541935, 33.7729919339147], [-84.3909009007418, 33.7729918461669], [-84.3908951525172, 33.7729918259545]]]}}, {"type": "Feature", "properties": {"name": "Heffernan House", "aka": [], "doors": []}, "geometry": {"type": "Polygon", "coordinates": [[[-84.3925821301523, 33.7767494895274], [-84.3925825069668, 33.7767313890717], [-84.3925829106309, 33.7767120001059], [-84.3925846451559, 33.7766286941866], [-84.3925848818258, 33.7766168469451], [-84.3925851092858, 33.7766064270359], [-84.3925853825984, 33.7765933201192], [-84.3925890094846, 33.7765933648738], [-84.3926136191879, 33.7765936687586], [-84.3926371642579, 33.7765939601615], [-84.392697019225, 33.7765947008071], [-84.3926958139677, 33.7766541994363], [-84.3926993890493, 33.7766542514957], [-84.3926985712019, 33.7766935262579], [-84.3926949961186, 33.7766934741984], [-84.3926946327507, 33.7767109299485], [-84.3926982078347, 33.776710982008], [-84.392697457124, 33.7767470422569], [-84.3926938809588, 33.7767469901993], [-84.3926934840228, 33.7767660536566], [-84.392581818467, 33.7767644313762], [-84.3925821301523, 33.7767494895274]]]}}, {"type": "Feature", "properties": {"name": "Hefner Residence Hall", "aka": [], "doors": [[-84.403847, 33.779167, true]]}, "geometry": {"type": "MultiPolygon", "coordinates": [[[[-84.4038641292354, 33.7792557894641], [-84.4038149340909, 33.779255158183], [-84.4038150121032, 33.7792509464187], [-84.4038149971718, 33.7792361250995], [-84.4038158093744, 33.779208782759], [-84.4038163825644, 33.7791554408536], [-84.4038186728755, 33.7790520657077], [-84.4038678668241, 33.7790526969899], [-84.4038682068007, 33.779034234119], [-84.4040318191134, 33.7790363341492], [-84.4040314791719, 33.7790547970205], [-84.4040806731231, 33.7790554282178], [-84.4040779932915, 33.7792010546067], [-84.4040780529589, 33.7792203336051], [-84.4040769360366, 33.7792585206962], [-84.4040277419692, 33.7792578894979], [-84.4040274020263, 33.7792763523685], [-84.4038637892573, 33.7792742523344], [-84.4038641292354, 33.7792557894641]]], [[[-84.4037483983149, 33.7791848210574], [-84.4037848800046, 33.7791852892507], [-84.4037844544711, 33.7792083678397], [-84.4037844516567, 33.7792085220275], [-84.4037839482633, 33.7792358682827], [-84.4037838383656, 33.7792418320171], [-84.4037672560638, 33.7792416195306], [-84.4037473577316, 33.7792413638216], [-84.4037474590842, 33.7792358247815], [-84.4037479700814, 33.7792080989165], [-84.4037483983149, 33.7791848210574]]]]}}, {"type": "Feature", "properties": {"name": "Hemphill Avenue Apartments", "aka": ["John Patrick Crecine Residence Hall"], "doors": [[-84.403244, 33.779934, true], [-84.403137, 33.779938, true], [-84.403116, 33.779864, false], [-84.403117, 33.78005, false], [-84.404024, 33.77985, false]]}, "geometry": {"type": "Polygon", "coordinates": [[[-84.4035734779023, 33.7804614220837], [-84.4035644755831, 33.7804515013645], [-84.4035487405816, 33.7804614569484], [-84.4035243107178, 33.7804586456062], [-84.4034833292, 33.780413483901], [-84.4034458532043, 33.7804371980143], [-84.403360762477, 33.7803434281132], [-84.4032893009671, 33.7802646778756], [-84.4032707343356, 33.7802442162338], [-84.4032026856557, 33.7801692265005], [-84.4031743576157, 33.7801380088193], [-84.4031083777103, 33.7800652989505], [-84.4031127356033, 33.7800625414655], [-84.4031458547206, 33.7800415858381], [-84.4031300044374, 33.7800241187632], [-84.4031570227064, 33.7800070230713], [-84.40312664346, 33.7799735443607], [-84.403123157581, 33.7799757501679], [-84.403096575492, 33.779946456853], [-84.4031229922844, 33.779929741916], [-84.4031152696344, 33.7799221963658], [-84.4031147303262, 33.7799208322989], [-84.4031078758799, 33.7799034904448], [-84.4031072648103, 33.7799019452834], [-84.4031085418444, 33.7798896470157], [-84.4031093157257, 33.779888357073], [-84.403118988161, 33.7798722332417], [-84.4031198179314, 33.7798708494201], [-84.4031310635894, 33.7798629844059], [-84.4031325913213, 33.7798625459808], [-84.4031532772199, 33.7798566176552], [-84.4031549096056, 33.7798561492747], [-84.4031671254648, 33.7798567471019], [-84.4031670083673, 33.7798388919223], [-84.4031673625613, 33.7798294752972], [-84.4031785970303, 33.7798293284366], [-84.4031787694101, 33.7798311539505], [-84.4032003688033, 33.7798315219017], [-84.4032002612056, 33.779829695362], [-84.4032115426318, 33.7798297404602], [-84.4032115289178, 33.7798333930766], [-84.4032603204018, 33.779833966764], [-84.4032603154794, 33.7798062572205], [-84.4032865594079, 33.779806416987], [-84.4032869027819, 33.7797671539152], [-84.4033926969221, 33.77976779947], [-84.4033923525167, 33.7798070625439], [-84.4034374590371, 33.7798073384719], [-84.4034378023397, 33.7797680744984], [-84.4035438696634, 33.7797687212028], [-84.4035435253294, 33.7798079851784], [-84.4035886318479, 33.7798082601495], [-84.403588975084, 33.7797689970775], [-84.4036950424091, 33.7797696436519], [-84.4036946981442, 33.7798089076277], [-84.4037398046633, 33.7798091825435], [-84.403740147828, 33.7797699185698], [-84.403846215157, 33.7797705659159], [-84.4038458709585, 33.7798098289901], [-84.4038909774783, 33.7798101038507], [-84.4038913205765, 33.7797708407785], [-84.403999028083, 33.7797714974633], [-84.4039989402499, 33.7797815411279], [-84.4040303768096, 33.7797817331271], [-84.4040300254968, 33.7798219095882], [-84.4040166308865, 33.779821828055], [-84.4040165790872, 33.7798277105287], [-84.4040287922373, 33.7798378946339], [-84.4040288006885, 33.7798409584292], [-84.4040287744785, 33.7798435913019], [-84.4040285935992, 33.7798613947576], [-84.4040285369643, 33.779867089697], [-84.4040161474312, 33.779877124563], [-84.4040160956293, 33.779883006135], [-84.4040294913289, 33.7798830876661], [-84.404029140018, 33.7799232650282], [-84.4039977023269, 33.7799230730309], [-84.4039976144961, 33.7799331175968], [-84.4038899067873, 33.7799324609116], [-84.4038902509633, 33.7798931969364], [-84.4038451444, 33.7798929220758], [-84.4038448012806, 33.7799321851472], [-84.4037387337548, 33.7799315387024], [-84.4037390779999, 33.7798922747273], [-84.4036963458445, 33.7798935749441], [-84.4036964494885, 33.7799312015615], [-84.4035875607245, 33.779930616308], [-84.403587905041, 33.7798913532347], [-84.4035430716612, 33.7798910795425], [-84.403542728404, 33.7799303426136], [-84.4034363876988, 33.7799296946301], [-84.4034367320817, 33.7798904306553], [-84.4033918987025, 33.7798901569081], [-84.4033915553788, 33.7799294208808], [-84.4032854889348, 33.7799287731427], [-84.4032855923458, 33.7799169036047], [-84.4032568332497, 33.7799162139809], [-84.4032332758448, 33.7799549805645], [-84.4032513127914, 33.7799748562534], [-84.403262642426, 33.7799676871412], [-84.4033248869742, 33.7800362808401], [-84.4033554309434, 33.7800699413191], [-84.4033758149016, 33.7800924047355], [-84.4034175110134, 33.78013835225], [-84.403380034039, 33.780162066346], [-84.4034077719009, 33.7801926332179], [-84.4034452488809, 33.7801689191136], [-84.4035089796633, 33.7802391508705], [-84.4034715026705, 33.780262864994], [-84.403498579938, 33.7802927036765], [-84.4035360569386, 33.7802689904466], [-84.4036001181986, 33.7803395857878], [-84.4035626411851, 33.780363299037], [-84.4036027680778, 33.7804086535072], [-84.4035991662938, 33.7804295498816], [-84.4035845210476, 33.780438817221], [-84.4035935244476, 33.7804487379367], [-84.4035910955316, 33.7804634494355], [-84.4035734779023, 33.7804614220837]]]}}, {"type": "Feature", "properties": {"name": "Hinman Addition", "aka": [], "doors": []}, "geometry": {"type": "Polygon", "coordinates": [[[-84.395306816239, 33.774507547139], [-84.3949787331016, 33.7745048021769], [-84.3949790663949, 33.7744896177331], [-84.3949624377493, 33.7744894916071], [-84.3949624183543, 33.774492762838], [-84.3949080729984, 33.7744922727741], [-84.3949090819539, 33.7744248850101], [-84.3949384502118, 33.7744251498777], [-84.3949406407671, 33.774266335071], [-84.3949818123994, 33.7742667070319], [-84.3949806646261, 33.7743554119226], [-84.3950896693635, 33.7743563949885], [-84.3950931989513, 33.7743564272267], [-84.395093272278, 33.7743506970895], [-84.3951111134794, 33.7743508579212], [-84.3951107552173, 33.7743785925126], [-84.3952219161753, 33.7743795949133], [-84.3952222744016, 33.7743518603218], [-84.3952401156033, 33.7743520211348], [-84.3952400412067, 33.7743577512741], [-84.3953088485555, 33.7743585146502], [-84.395306816239, 33.774507547139]]]}}, {"type": "Feature", "properties": {"name": "Hinman Highbay", "aka": ["Hinman Building", "Rich Computer Center"], "doors": [[-84.394943, 33.774525, true], [-84.394943, 33.774525, true], [-84.394897, 33.774757, true], [-84.394676, 33.775261, true], [-84.394897, 33.774757, true], [-84.394676, 33.775261, true]]}, "geometry": {"type": "Polygon", "coordinates": [[[-84.3949073491205, 33.7745482757463], [-84.3949079107774, 33.77450479342], [-84.395010441552, 33.7745056532803], [-84.3950877049078, 33.774505510301], [-84.395306816239, 33.774507547139], [-84.3953114428268, 33.7745075899617], [-84.395310652078, 33.7745793710753], [-84.3953087799107, 33.7747492647938], [-84.3953082456894, 33.7747977151736], [-84.395308135545, 33.7748200628323], [-84.3953072617113, 33.7748869877965], [-84.395225060589, 33.7748863258667], [-84.395168800916, 33.7748859233171], [-84.3951690479778, 33.7748634852399], [-84.3951702862108, 33.7747511767311], [-84.3949059091981, 33.7747491440291], [-84.3949073491205, 33.7745482757463]]]}}, {"type": "Feature", "properties": {"name": "Holland Building", "aka": [], "doors": []}, "geometry": {"type": "Polygon", "coordinates": [[[-84.3948999372734, 33.7734034188622], [-84.3945153046365, 33.7733997628632], [-84.3945152639254, 33.7734027374903], [-84.3942868125744, 33.7733985065161], [-84.3942906954351, 33.7731136699885], [-84.3943819225506, 33.7731145376977], [-84.3945191740507, 33.7731158424341], [-84.3945189401786, 33.7731229334624], [-84.3945172314837, 33.77324830691], [-84.3949025457123, 33.7732523376333], [-84.3948999372734, 33.7734034188622]]]}}, {"type": "Feature", "properties": {"name": "Hopkins Residence Hall", "aka": [], "doors": [[-84.391533, 33.774063, true], [-84.391487, 33.774014, true], [-84.39109, 33.774055, true]]}, "geometry": {"type": "Polygon", "coordinates": [[[-84.3910725302875, 33.774036062786], [-84.3910727854517, 33.7740150808657], [-84.3911636720691, 33.7740158532906], [-84.3912259712448, 33.7740163819263], [-84.3912279287553, 33.7740163982008], [-84.3913003512785, 33.7740170129701], [-84.3913253400515, 33.7740172253567], [-84.3913307677458, 33.7740172713787], [-84.3913983175475, 33.7740178453698], [-84.3914547064002, 33.7740183233399], [-84.3914634045329, 33.774018397662], [-84.3914684683659, 33.7740184407341], [-84.3914787094006, 33.7740185275728], [-84.3914969489146, 33.77401868189], [-84.3915241813234, 33.774018913592], [-84.391529576625, 33.7740189587626], [-84.3915283064362, 33.7741233318729], [-84.3910715147089, 33.7741194539736], [-84.3910719433786, 33.7740842680048], [-84.3910725302875, 33.774036062786]]]}}, {"type": "Feature", "properties": {"name": "Howey Building", "aka": ["Howey Physics", "Howey Physics Building"], "doors": [[-84.398262, 33.777538, true], [-84.398888, 33.777569, true], [-84.398987, 33.777435, true], [-84.398651, 33.77721, true], [-84.398361, 33.777298, true], [-84.398184, 33.777301, false], [-84.398366, 33.777558, false], [-84.398178, 33.777558, false], [-84.397952, 33.777421, false], [-84.397955, 33.777299, false], [-84.397949, 33.77754, false]]}, "geometry": {"type": "MultiPolygon", "coordinates": [[[[-84.398360317036, 33.7775740462781], [-84.3983702510164, 33.7775742223838], [-84.3983707079327, 33.777556247095], [-84.3983711227638, 33.7775398849404], [-84.3983357999216, 33.7775392596885], [-84.3983361982655, 33.7775235891319], [-84.3983431086953, 33.7775232506627], [-84.3983433078678, 33.7775154158352], [-84.3983364091551, 33.7775152935383], [-84.3983368064191, 33.7774996229837], [-84.398372129245, 33.7775002482354], [-84.398372340131, 33.7774919526417], [-84.3983613015458, 33.7774917569702], [-84.3983641921239, 33.7773779161828], [-84.3983752306922, 33.7773781109524], [-84.3983754404979, 33.7773698153606], [-84.3983401177255, 33.7773691901096], [-84.3983405160682, 33.7773535195526], [-84.398347414768, 33.7773536418494], [-84.3983476256536, 33.7773453453539], [-84.3983407269545, 33.7773452230572], [-84.3983411242172, 33.7773295525021], [-84.3983764469733, 33.7773301777528], [-84.3983768746007, 33.777313355731], [-84.3983773187187, 33.7772958412096], [-84.3983673847728, 33.7772956660058], [-84.398367572161, 33.7772882675997], [-84.3983695372404, 33.7772108606957], [-84.3986143138002, 33.7772151940611], [-84.3986131445121, 33.7772612841987], [-84.3986865498808, 33.7772625834448], [-84.398687719132, 33.7772164942084], [-84.3989324957199, 33.7772208269425], [-84.3989323784273, 33.7772249747623], [-84.3989301848114, 33.777297928845], [-84.3989303427248, 33.7773056313604], [-84.3989148889559, 33.7773053583911], [-84.3989144215183, 33.7773237935447], [-84.3989530559527, 33.7773244773169], [-84.398994725642, 33.7773252148719], [-84.398994631942, 33.7773289019031], [-84.3990012552972, 33.7773290192717], [-84.3990013021483, 33.7773271762069], [-84.3990192394096, 33.7773274931787], [-84.3990174847198, 33.7773966279394], [-84.3990108613594, 33.7773965105716], [-84.3990106516148, 33.7774048061642], [-84.3990105227796, 33.7774098763956], [-84.3990022441177, 33.7774097296844], [-84.399000395713, 33.777482551475], [-84.399008674382, 33.7774826981863], [-84.3990085455442, 33.7774877675159], [-84.3990083347219, 33.7774960640121], [-84.399014873599, 33.777496080554], [-84.3990138895486, 33.7775471150031], [-84.3990132033917, 33.777565315237], [-84.3989952660785, 33.7775649973629], [-84.3989953129298, 33.7775631542982], [-84.3989886895565, 33.7775630369294], [-84.3989885958561, 33.7775667239604], [-84.3989218135978, 33.7775655422679], [-84.398908291507, 33.7775653026302], [-84.3989078229897, 33.7775837386868], [-84.3989232768086, 33.7775840116567], [-84.3989228210873, 33.777601986945], [-84.3989217562951, 33.7776439283853], [-84.3983587950485, 33.7776339621018], [-84.398360317036, 33.7775740462781]]], [[[-84.3979663089554, 33.777705861227], [-84.3979596855722, 33.7777057438029], [-84.3979627407394, 33.777585450498], [-84.3979693641133, 33.7775855679219], [-84.3979697731628, 33.7775694366023], [-84.3979529393871, 33.7775691381479], [-84.3979541921405, 33.7775198226526], [-84.3979710259065, 33.7775201211069], [-84.3979728634646, 33.7774477600945], [-84.3979560297152, 33.7774474625422], [-84.3979571066923, 33.7774050594392], [-84.3979739404358, 33.7774053578931], [-84.3979757886282, 33.7773325361153], [-84.397958955981, 33.7773322385612], [-84.3979601959302, 33.7772833838321], [-84.3979770296475, 33.777283681384], [-84.3979774397743, 33.7772675500616], [-84.3979708164248, 33.777267432638], [-84.3979738704848, 33.7771471393263], [-84.397980493825, 33.7771472567498], [-84.3979810211303, 33.777126516864], [-84.3981929571642, 33.777130269739], [-84.3981928176414, 33.7771357998324], [-84.3982259321774, 33.7771363859899], [-84.3982221403272, 33.7772857165897], [-84.3981890257338, 33.7772851304314], [-84.398188183205, 33.7773183146076], [-84.3982212978111, 33.777318900766], [-84.3982156110864, 33.7775428953031], [-84.3981824953143, 33.7775423091456], [-84.3981816527834, 33.7775754942219], [-84.3982147685683, 33.7775760803796], [-84.3982109766816, 33.777725410067], [-84.3981778608393, 33.7777248239085], [-84.3981777213172, 33.777730354903], [-84.397965782726, 33.7777266020104], [-84.3979663089554, 33.777705861227]]]]}}, {"type": "Feature", "properties": {"name": "Human Resources", "aka": ["Office of Human Resources"], "doors": [[-84.402512, 33.773327, true]]}, "geometry": {"type": "Polygon", "coordinates": [[[-84.4026806805829, 33.7735305360862], [-84.4024664829175, 33.7734472604573], [-84.4024612035511, 33.7734442004176], [-84.4024580573469, 33.7734402499777], [-84.4024573983455, 33.7734353751005], [-84.4024588594526, 33.7734307567503], [-84.4025060265113, 33.7733461466291], [-84.4025091684749, 33.7733473677739], [-84.4025105200713, 33.7733449460576], [-84.4024956634858, 33.7733389450974], [-84.4024917513476, 33.773337196154], [-84.4024892065265, 33.7733352164796], [-84.4024872090884, 33.7733328381306], [-84.4024859263326, 33.7733304367762], [-84.4024852805871, 33.773328036008], [-84.4024850900246, 33.7733266568439], [-84.402485157108, 33.7733251329231], [-84.4024855420419, 33.7733229763366], [-84.4024863255865, 33.7733208965306], [-84.4024879188266, 33.7733184004172], [-84.4024895809751, 33.7733166227892], [-84.4024922047609, 33.7733147161907], [-84.4024952455806, 33.7733133056057], [-84.40249857189, 33.7733124553029], [-84.4025007522126, 33.7733122284284], [-84.4025029072531, 33.7733122315235], [-84.4025054896352, 33.7733125520853], [-84.4025087657854, 33.7733134916582], [-84.4025215577916, 33.7733186183529], [-84.4025315756109, 33.7733223798365], [-84.4025326525874, 33.7733206069329], [-84.4025337831327, 33.7733210465819], [-84.4025460504718, 33.7732990083905], [-84.4025449350594, 33.7732985750242], [-84.4025459299483, 33.7732967905559], [-84.4025430199988, 33.7732951325688], [-84.4025414784799, 33.7732936504934], [-84.402540340115, 33.7732919332179], [-84.402539557354, 33.7732895705812], [-84.4025396205645, 33.7732866337784], [-84.4025402696775, 33.7732847471825], [-84.4025897077607, 33.7731960337753], [-84.4025931312913, 33.7731920527468], [-84.4025978929591, 33.7731894072124], [-84.4026036936276, 33.7731888605417], [-84.4026087355136, 33.7731899725586], [-84.4026194332931, 33.7731940465102], [-84.4028239376141, 33.77327355529], [-84.4028286288066, 33.7732763116813], [-84.402831926496, 33.7732807721571], [-84.4028325282217, 33.773285226972], [-84.4028310981655, 33.773289742479], [-84.4028178983835, 33.7733134721794], [-84.4028131030673, 33.7733223491066], [-84.4027688676808, 33.7734022489138], [-84.4027446891796, 33.7734450731638], [-84.4027420530147, 33.7734440404045], [-84.4027402542835, 33.7734464061745], [-84.4027478452191, 33.7734494554689], [-84.4027518045796, 33.7734522781819], [-84.4027549787748, 33.7734569814404], [-84.4027555159596, 33.7734587692912], [-84.4027557860883, 33.7734608137221], [-84.4027556732996, 33.7734629923301], [-84.4027551126574, 33.7734652484353], [-84.4027542412343, 33.7734671715235], [-84.4027529573074, 33.7734690701546], [-84.4027513327571, 33.7734707773853], [-84.4027494095768, 33.7734722516593], [-84.4027472330113, 33.7734734559222], [-84.4027453790959, 33.7734742033318], [-84.4027422791527, 33.7734749215669], [-84.4027395979925, 33.773475198093], [-84.4027378563707, 33.77347516085], [-84.4027345814336, 33.7734746666973], [-84.4027327985459, 33.7734741489524], [-84.4027261730958, 33.773471586506], [-84.4027246964519, 33.773474077891], [-84.4027277130477, 33.7734752505808], [-84.4027001494212, 33.773524660654], [-84.4026967883032, 33.7735285685321], [-84.4026920266173, 33.7735312131686], [-84.4026862259262, 33.7735317598436], [-84.4026806805829, 33.7735305360862]]]}}, {"type": "Feature", "properties": {"name": "ISYE Annex", "aka": ["Industrial and Systems Engineering - ISyE Annex"], "doors": [[-84.401886, 33.775352, true], [-84.401688, 33.7752, true], [-84.40197, 33.775089, true]]}, "geometry": {"type": "Polygon", "coordinates": [[[-84.4015387397262, 33.7752018118766], [-84.4015384833432, 33.7750734423383], [-84.4015985304902, 33.7750733587016], [-84.4017050109314, 33.775073210957], [-84.4017049279275, 33.7750313510099], [-84.4019338336022, 33.7750310311619], [-84.4019340683673, 33.775092425114], [-84.4020094234224, 33.775092320209], [-84.4020094956294, 33.775128598047], [-84.4020131158459, 33.7751285938483], [-84.4020135114282, 33.7753257718004], [-84.4020135848979, 33.7753629053025], [-84.4020137416191, 33.7754411440652], [-84.401966401182, 33.7754412099899], [-84.4018600239406, 33.7754413586661], [-84.401859853526, 33.7753564774575], [-84.4018007610034, 33.7753072949324], [-84.4016737998524, 33.7752016241904], [-84.4015387397262, 33.7752018118766]]]}}, {"type": "Feature", "properties": {"name": "Indoor Football Practice", "aka": [], "doors": []}, "geometry": {"type": "Polygon", "coordinates": [[[-84.3953151509249, 33.7783815414998], [-84.3953236119027, 33.7783978493285], [-84.3953231111336, 33.7784251621931], [-84.3953144812863, 33.7788959378178], [-84.3953068092753, 33.779314356322], [-84.3951592164912, 33.7793125198228], [-84.3951459502348, 33.7793123550385], [-84.3945624854703, 33.7793050945424], [-84.3945778861796, 33.7783646450504], [-84.3952331329982, 33.778372650769], [-84.3953240542977, 33.7783737617807], [-84.3953239089864, 33.7783816533071], [-84.3953151509249, 33.7783815414998]]]}}, {"type": "Feature", "properties": {"name": "Institute of Paper Science and Technology", "aka": ["Paper Tricentennial Building"], "doors": [[-84.404739, 33.781036, true], [-84.404661, 33.780759, false], [-84.404877, 33.780762, false], [-84.404787, 33.781083, false]]}, "geometry": {"type": "Polygon", "coordinates": [[[-84.4042396837166, 33.7812058475114], [-84.4042262897615, 33.7812056902615], [-84.4042258643282, 33.7812193781463], [-84.4041717010856, 33.7812187430495], [-84.4041188504184, 33.7811733456321], [-84.4041205324348, 33.7810738623108], [-84.4041601657017, 33.7810743297366], [-84.4041601314193, 33.7810763837641], [-84.4042175381444, 33.7810766041745], [-84.4042183985781, 33.7810257061076], [-84.4042193566346, 33.7809691022031], [-84.4041879308461, 33.7809682754698], [-84.4041914481347, 33.7807603470102], [-84.4042324472099, 33.7807608307189], [-84.4042477581998, 33.7807607832093], [-84.4043844261929, 33.7807621664284], [-84.4044183153914, 33.7807627945107], [-84.4045771200023, 33.7807646668395], [-84.4045798540671, 33.7807646994377], [-84.4046490057951, 33.7807655146348], [-84.4046643120173, 33.7807656952004], [-84.4048687631954, 33.7807681057577], [-84.4048840657308, 33.780768514421], [-84.4049250637302, 33.780768997], [-84.4049248142777, 33.7807838062023], [-84.4049218861313, 33.7809246515883], [-84.4049226953684, 33.7809704539099], [-84.4049018609892, 33.7809703850339], [-84.404900271835, 33.7809903723003], [-84.4049377331076, 33.7809898653779], [-84.404936988128, 33.781033951251], [-84.4049533882416, 33.781034144095], [-84.4049535959792, 33.7810218190229], [-84.404969996093, 33.7810220127663], [-84.4049979081721, 33.781029799621], [-84.4050056831234, 33.7810358608324], [-84.4050115872727, 33.7810432510841], [-84.4050152988299, 33.7810515742712], [-84.4050166286914, 33.7810603889501], [-84.4050155021211, 33.7810692218983], [-84.4050119772017, 33.7810776023417], [-84.4050062427404, 33.7810850854012], [-84.4049986096781, 33.7810912692413], [-84.404989476627, 33.7810958275957], [-84.4049793417582, 33.7810985133512], [-84.4049358997827, 33.7810983150215], [-84.4049356688408, 33.7811120097464], [-84.4049292601768, 33.7811119337585], [-84.4048979500539, 33.7811115650217], [-84.4048511499154, 33.7811113442923], [-84.4048238847346, 33.7811102355885], [-84.4048242364813, 33.7810894653733], [-84.4047534272505, 33.7810879456768], [-84.4047291329868, 33.7810873911454], [-84.4046673352109, 33.7810869224713], [-84.4046661596454, 33.7811584734696], [-84.4046657918362, 33.7811808675891], [-84.4045750311734, 33.7811792122495], [-84.4045743286362, 33.7812207517746], [-84.4042391820817, 33.7812193110318], [-84.4042396837166, 33.7812058475114]]]}}, {"type": "Feature", "properties": {"name": "Instructional Center", "aka": [], "doors": [[-84.401535, 33.775326, true], [-84.401344, 33.775646, true], [-84.40127, 33.775697, false], [-84.401437, 33.775464, false]]}, "geometry": {"type": "Polygon", "coordinates": [[[-84.4010460261167, 33.7757019807791], [-84.4010450005991, 33.7755375195737], [-84.4010435859097, 33.7754945982081], [-84.4010573370285, 33.7754827135628], [-84.4012084694251, 33.7753551167525], [-84.4011212138026, 33.7752835308719], [-84.4012363635164, 33.7751863619088], [-84.4012422405987, 33.7751912187584], [-84.4012622211703, 33.7752077315064], [-84.401345966449, 33.7751370630842], [-84.4014642938651, 33.7752348331844], [-84.4014787718416, 33.7752468102356], [-84.40152108895, 33.775281790458], [-84.4015308466013, 33.7752898506922], [-84.40157695321, 33.77532709765], [-84.4015647219319, 33.7753392039718], [-84.4015216827031, 33.7753755341039], [-84.4015220949011, 33.7754415198308], [-84.4014829604828, 33.7754416898734], [-84.4014830332848, 33.7754533354741], [-84.4014833321995, 33.7755011594368], [-84.4014843051511, 33.7756571280763], [-84.4014826698593, 33.7756838110739], [-84.4014525312938, 33.7756839297275], [-84.4013588977699, 33.7756837778217], [-84.4013542874405, 33.7756837820808], [-84.4013149387867, 33.7756838262465], [-84.4013156651638, 33.7757047179483], [-84.4013165895422, 33.7757313059116], [-84.4012844645595, 33.7757315193679], [-84.4010828427273, 33.7757324074323], [-84.4010472346396, 33.7757322343225], [-84.4010460261167, 33.7757019807791]]]}}, {"type": "Feature", "properties": {"name": "John Lewis Student Center", "aka": [], "doors": [[-84.399063, 33.77409, true], [-84.398621, 33.77401, true], [-84.39905, 33.774027, true]]}, "geometry": {"type": "Polygon", "coordinates": [[[-84.3985931210144, 33.7744767696646], [-84.3985995053411, 33.7739121829351], [-84.3986004790989, 33.7738853961306], [-84.3986470504099, 33.7738853639685], [-84.39865256613, 33.7737278527738], [-84.3990535192756, 33.7737310143655], [-84.3990450499591, 33.7744803329579], [-84.3985931210144, 33.7744767696646]]]}}, {"type": "Feature", "properties": {"name": "Kappa Alpha", "aka": [], "doors": []}, "geometry": {"type": "Polygon", "coordinates": [[[-84.3916356251511, 33.7766459065073], [-84.391639933097, 33.7765376426816], [-84.3916408945612, 33.776517601708], [-84.3915831334943, 33.7765161381169], [-84.3914706016699, 33.7765130160596], [-84.3914739893748, 33.7763855369987], [-84.3918457671735, 33.7763933004671], [-84.3918423858006, 33.7764792467185], [-84.3918813282059, 33.7764826659533], [-84.3918767389612, 33.7765980208941], [-84.3918763472054, 33.7766034540636], [-84.3918534785831, 33.7766029584096], [-84.3918417023262, 33.7766026282528], [-84.3918297441342, 33.7766029160587], [-84.3918295741927, 33.7766138957878], [-84.3918247793846, 33.7766734063687], [-84.3916369617713, 33.7766681838969], [-84.3916356251511, 33.7766459065073]]]}}, {"type": "Feature", "properties": {"name": "Kappa Alpha Theta", "aka": [], "doors": []}, "geometry": {"type": "Polygon", "coordinates": [[[-84.3915368526628, 33.7771916343707], [-84.3915675669607, 33.777191849416], [-84.3915690761304, 33.7770420762368], [-84.3916269402111, 33.7770424831808], [-84.3916270237544, 33.7770342322976], [-84.3916264066118, 33.777034233791], [-84.3916264991383, 33.777025073443], [-84.3916271153826, 33.7770250779232], [-84.3916272357568, 33.777013169768], [-84.3916432778712, 33.777013281771], [-84.3916433569229, 33.7770054953241], [-84.3916916225048, 33.7770058343197], [-84.3916915452497, 33.7770136207667], [-84.3917075873641, 33.7770137335163], [-84.3917074867528, 33.7770238100497], [-84.391708102997, 33.7770238137831], [-84.3917080104705, 33.7770329748779], [-84.3917073942263, 33.7770329711445], [-84.3917072469026, 33.777047627102], [-84.3917078631468, 33.7770476315821], [-84.3917077715187, 33.7770567859542], [-84.3917071534778, 33.7770567874476], [-84.3917067663039, 33.7770952619335], [-84.3917066746757, 33.7771044215273], [-84.3917063315193, 33.7771385443095], [-84.3917062380945, 33.7771477053921], [-84.3917056550879, 33.7772057594082], [-84.3917055625614, 33.7772149204836], [-84.3917045726179, 33.7773132804586], [-84.3915663551334, 33.7773123097695], [-84.3915666776286, 33.7772802486515], [-84.3915315750605, 33.7772800022457], [-84.3915317484354, 33.7772628262684], [-84.3915224239227, 33.7772627605602], [-84.3915229683018, 33.7772087140399], [-84.3915322919161, 33.7772087790015], [-84.391532465291, 33.7771916037566], [-84.391533562134, 33.7771916112235], [-84.3915368526628, 33.7771916343707]]]}}, {"type": "Feature", "properties": {"name": "Kappa Sigma", "aka": [], "doors": []}, "geometry": {"type": "Polygon", "coordinates": [[[-84.393187042433, 33.7780099939011], [-84.3931334090634, 33.7780088714993], [-84.392972550704, 33.7780053643216], [-84.3929758161787, 33.7778909477119], [-84.3929767173738, 33.7778608299807], [-84.3930475126199, 33.7778613971102], [-84.3931979377611, 33.7778646862084], [-84.3931976716656, 33.7778735273947], [-84.3932038523921, 33.7778736549034], [-84.3932048665226, 33.7778343779823], [-84.3933978284522, 33.7778371406242], [-84.3934029578546, 33.7778373962858], [-84.3934024775207, 33.7778591720641], [-84.3934015527994, 33.7778844019858], [-84.3934335505971, 33.7778855973906], [-84.3934282170921, 33.7779693318894], [-84.3933983949821, 33.7779685670823], [-84.3933970307184, 33.7780142544912], [-84.393187042433, 33.7780099939011]]]}}, {"type": "Feature", "properties": {"name": "Ken Byers Tennis Complex", "aka": [], "doors": [[-84.39389, 33.780888, true]]}, "geometry": {"type": "Polygon", "coordinates": [[[-84.3948075238961, 33.7810261048163], [-84.3948133830738, 33.7810531083644], [-84.3948100947952, 33.7811331964241], [-84.3948078755665, 33.7811872500249], [-84.3948008193205, 33.7813591448885], [-84.3938108679704, 33.7813340711853], [-84.3938165993743, 33.7811581709708], [-84.3937521477383, 33.7811561544816], [-84.3937579175028, 33.7810074308727], [-84.3937506416859, 33.7810073126207], [-84.3937522653714, 33.7809540130107], [-84.3937603316393, 33.7809541550543], [-84.393761593584, 33.7809172165767], [-84.3938723425688, 33.7809201207105], [-84.3938724262218, 33.7809129533284], [-84.3939118839341, 33.7809136353557], [-84.3939120776741, 33.7809048150436], [-84.3940259851739, 33.7809077934701], [-84.394025577125, 33.7809237705855], [-84.3941191335787, 33.7809265114157], [-84.3941174472993, 33.7809699335531], [-84.3943719823795, 33.7809766521059], [-84.3943712264329, 33.7810129269412], [-84.3948075925128, 33.7810242914683], [-84.3948075238961, 33.7810261048163]]]}}, {"type": "Feature", "properties": {"name": "Kendeda Bldg ISD", "aka": ["Kendeda Building for Innovative Sustainable Design"], "doors": [[-84.399574, 33.778748, true], [-84.399535, 33.778556, false], [-84.399602, 33.778885, false]]}, "geometry": {"type": "Polygon", "coordinates": [[[-84.3993559752036, 33.7784925538924], [-84.3994558031764, 33.7784923656213], [-84.399455775298, 33.7784820597943], [-84.3994560495506, 33.778482059277], [-84.3994560498604, 33.7784821737862], [-84.3994957473899, 33.7784820988959], [-84.3994957497148, 33.7784829581656], [-84.399496709599, 33.7784829563546], [-84.3994968903725, 33.7785497711133], [-84.3995145796816, 33.7785497377377], [-84.399514508421, 33.7785234015262], [-84.399565588539, 33.7785233051358], [-84.3995656598152, 33.7785496413472], [-84.3995832811008, 33.7785496080901], [-84.3995832795512, 33.7785490355442], [-84.3996057272548, 33.7785489931745], [-84.3996057288046, 33.7785495657204], [-84.3996402846637, 33.7785495004887], [-84.3996402831137, 33.7785489279428], [-84.3996748108994, 33.7785488627545], [-84.3996748124496, 33.7785494353004], [-84.3996929822408, 33.778549400992], [-84.3996930734034, 33.7785830666925], [-84.3996937590358, 33.7785830653979], [-84.3996938371779, 33.7786119226141], [-84.3996931860969, 33.7786119238435], [-84.3996932078223, 33.7786127695518], [-84.3996918505863, 33.7786127694097], [-84.3996919224569, 33.7786401082561], [-84.3996932278587, 33.7786401057912], [-84.3996933078247, 33.7786696365375], [-84.3996939934578, 33.7786696352428], [-84.3996940715979, 33.778698491557], [-84.3996933859646, 33.7786984928517], [-84.399693388411, 33.7786993963021], [-84.3996920452176, 33.7786993988384], [-84.3996921192382, 33.7787267340738], [-84.3996934624321, 33.7787267315374], [-84.3996935422446, 33.7787562054796], [-84.3996942278784, 33.7787562041849], [-84.3996943060188, 33.7787850604987], [-84.3996936203848, 33.7787850617934], [-84.3996936227922, 33.7787859508174], [-84.3996922795974, 33.7787859533537], [-84.3996923536208, 33.7788132894904], [-84.399693696816, 33.778813286954], [-84.399693789689, 33.7788475838061], [-84.3996265975862, 33.7788477395193], [-84.3996267043016, 33.7788871595301], [-84.3995951651, 33.7788872190644], [-84.3995952052374, 33.7789020475523], [-84.3995954794914, 33.7789020470347], [-84.3995954824371, 33.7789031353227], [-84.3995967846037, 33.7789031328649], [-84.3995969409739, 33.778960902295], [-84.3995967358232, 33.7789609026823], [-84.399596804013, 33.7789860947016], [-84.3995970091638, 33.7789860943144], [-84.39959717158, 33.7790460971235], [-84.3995955951569, 33.7790461000991], [-84.3995956859756, 33.7790796521896], [-84.3993543408977, 33.7790801074947], [-84.3993537887508, 33.7788763091065], [-84.399328799254, 33.7788763562227], [-84.3993285433723, 33.7787817139318], [-84.3993535339213, 33.7787816668136], [-84.3993526928734, 33.7784833992995], [-84.3993559504334, 33.7784833931572], [-84.3993559752036, 33.7784925538924]]]}}, {"type": "Feature", "properties": {"name": "Klaus Building", "aka": ["Klaus Advanced Computing", "Klaus Advanced Computing Building"], "doors": [[-84.396164, 33.776894, true], [-84.396065, 33.776516, true], [-84.396065, 33.776516, true], [-84.396523, 33.776978, true], [-84.39595, 33.776466, true], [-84.396645, 33.777058, true], [-84.395935, 33.777454, true], [-84.396042, 33.776981, true], [-84.396415, 33.777805, false], [-84.396261, 33.77684, false], [-84.39606, 33.776906, false]]}, "geometry": {"type": "Polygon", "coordinates": [[[-84.3958455333002, 33.7773226999392], [-84.395826098923, 33.7772649743971], [-84.3958153113989, 33.777226860859], [-84.3958047044756, 33.7771819575444], [-84.3957973480877, 33.777143346233], [-84.3957931113934, 33.7771162278974], [-84.3957891718904, 33.7770737980562], [-84.3957853995741, 33.7770191360923], [-84.3957853922989, 33.7770188367573], [-84.3957847732245, 33.7769943553483], [-84.3957847019526, 33.7769915125716], [-84.395784646987, 33.7769749222756], [-84.3957851923504, 33.776946166677], [-84.3957860216694, 33.776927546022], [-84.3957855767163, 33.7769177720379], [-84.3957856555657, 33.7769149443106], [-84.3957868682769, 33.7768983859237], [-84.3957875878138, 33.7768908467764], [-84.3957890468089, 33.7768755457368], [-84.3957924082212, 33.7768480598453], [-84.3957978704128, 33.7768139528286], [-84.3958078561766, 33.77676224077], [-84.3958242012541, 33.7767027437591], [-84.3958355979757, 33.7766667683167], [-84.3958509635519, 33.7766242395082], [-84.3958693790383, 33.7765795807407], [-84.3958864234307, 33.7765426859384], [-84.3959080134302, 33.7765005287629], [-84.3959362055009, 33.7764513444646], [-84.3959458505686, 33.7764553875871], [-84.395966911258, 33.7764642162062], [-84.3960230749201, 33.7764877603716], [-84.3960532935292, 33.7764997385579], [-84.3960728309713, 33.7764673302249], [-84.3961152460847, 33.7764841834978], [-84.3961132681179, 33.7764874502544], [-84.3960898767605, 33.7765233461355], [-84.3961251207473, 33.7765378882768], [-84.3961286724154, 33.7765319947863], [-84.3962879094268, 33.776598955543], [-84.3962504309831, 33.7766655897379], [-84.3962682503914, 33.7766719709396], [-84.3962625410749, 33.7766841989475], [-84.3962496734681, 33.7767135166611], [-84.3962395204395, 33.7767388521361], [-84.3962303862851, 33.7767664759113], [-84.3962671924835, 33.7767671585159], [-84.3962668687656, 33.7767797786408], [-84.3962630823971, 33.7769271724381], [-84.3961985903289, 33.7769229969348], [-84.396011023413, 33.776910853263], [-84.3960002005836, 33.7769101520541], [-84.3959979389226, 33.7769803814282], [-84.395998398303, 33.7770069053748], [-84.3961962481758, 33.7770002304949], [-84.39619801596, 33.7770254346934], [-84.39619926965, 33.7770432967936], [-84.3961999240173, 33.7770526285769], [-84.3962370854518, 33.7770532681518], [-84.3964130872245, 33.7770562983731], [-84.3964324864096, 33.7770566319341], [-84.3964664749111, 33.7770570050485], [-84.3964667148456, 33.7770477933245], [-84.3964671948229, 33.7770294104505], [-84.3964678149416, 33.7770056877321], [-84.3965652793635, 33.7770073374597], [-84.3965648141144, 33.7770251630856], [-84.3965644914929, 33.7770406026745], [-84.396657139454, 33.7770423045812], [-84.3966564217727, 33.7770686909622], [-84.3966562261906, 33.7770759063463], [-84.3966555409997, 33.7771011178139], [-84.3966554024099, 33.777106225931], [-84.3966544675022, 33.7771406175832], [-84.3966127316596, 33.77713973149], [-84.3966110538905, 33.7772084738611], [-84.3966523720617, 33.7772692114917], [-84.3966337969794, 33.7772782914799], [-84.3966574097066, 33.7773115013037], [-84.3966480606173, 33.7773164453533], [-84.3966462802799, 33.7773148779933], [-84.3966066030077, 33.7773344582673], [-84.396612927545, 33.7773447785132], [-84.3965141618008, 33.7773937112198], [-84.3964056270544, 33.7774472739836], [-84.396388463644, 33.777455744495], [-84.3963242503148, 33.7774881972499], [-84.3962723654831, 33.7775130387314], [-84.3962590245294, 33.7775203867693], [-84.396211161089, 33.7775417800395], [-84.3962349631373, 33.7775703046071], [-84.3962731337545, 33.7776111929387], [-84.3963025515606, 33.7776389244105], [-84.3963306139653, 33.7776636892576], [-84.3963366179173, 33.7776687886473], [-84.3963490029505, 33.777679100332], [-84.3963710539973, 33.7776967920783], [-84.396402000199, 33.7777202675888], [-84.3964313351422, 33.7777411980228], [-84.3964199340638, 33.7777520435807], [-84.3964546644716, 33.7777746031672], [-84.3964348104522, 33.7777944503289], [-84.3964119434779, 33.7778193703803], [-84.3964200787746, 33.7778240420215], [-84.3964082947423, 33.7778370459442], [-84.3963419419466, 33.7779102699799], [-84.3963124665623, 33.7778913477654], [-84.3962825577666, 33.7778710423145], [-84.3962577554184, 33.7778533069823], [-84.3962198155406, 33.7778244787149], [-84.3961860870228, 33.7777970077042], [-84.3961552699706, 33.777770124557], [-84.3961259831859, 33.7777429374049], [-84.3960898271899, 33.77770684658], [-84.39605792964, 33.777672360884], [-84.3960146702836, 33.7776209208939], [-84.3959752404854, 33.7775681555571], [-84.3959596306811, 33.7775454007174], [-84.3959434493113, 33.7775204703495], [-84.3959170174323, 33.7774762420296], [-84.3959071932472, 33.7774585040464], [-84.395907040269, 33.7774582275235], [-84.3958930028104, 33.7774315033869], [-84.3958761091661, 33.7773965524707], [-84.3958606492674, 33.7773611417516], [-84.3958455333002, 33.7773226999392]]]}}, {"type": "Feature", "properties": {"name": "L. W. Robert Alumni House", "aka": ["Alumni/Faculty"], "doors": [[-84.393578, 33.770878, true]]}, "geometry": {"type": "Polygon", "coordinates": [[[-84.3934178109513, 33.7708389919716], [-84.3935925700165, 33.7708386707751], [-84.393592683178, 33.7708815964638], [-84.3935939408482, 33.7710425013422], [-84.3936273750985, 33.7710432206949], [-84.3936269671606, 33.7710543406297], [-84.3936269649046, 33.7710821485134], [-84.3936267290896, 33.7711180112926], [-84.3936267585074, 33.7711340823011], [-84.3936277278446, 33.7711770064132], [-84.3935582100557, 33.7711777194055], [-84.3935587172064, 33.771212427604], [-84.3934536332913, 33.7712126207437], [-84.393453388363, 33.7711778462421], [-84.3933844366345, 33.7711774535714], [-84.3933840861521, 33.7710443837599], [-84.3934174673879, 33.7710442412865], [-84.3934182255593, 33.7709963864642], [-84.3934178109513, 33.7708389919716]]]}}, {"type": "Feature", "properties": {"name": "Lambda Chi Alpha", "aka": [], "doors": []}, "geometry": {"type": "Polygon", "coordinates": [[[-84.3922384627308, 33.7762722740524], [-84.39223590085, 33.776252606486], [-84.3922335249187, 33.7762330296466], [-84.3924158427528, 33.7762164791582], [-84.3924116181529, 33.776185314964], [-84.3923924706086, 33.7761869855848], [-84.3923811175128, 33.7761878367715], [-84.3923739791173, 33.776134155533], [-84.3923838647557, 33.77613325744], [-84.3924045989025, 33.7761313729318], [-84.3924841459675, 33.7761212515212], [-84.3924958547633, 33.7761197622059], [-84.3925267656535, 33.776367788944], [-84.3922542660469, 33.7763923849177], [-84.3922384627308, 33.7762722740524]]]}}, {"type": "Feature", "properties": {"name": "Landscape & Construction", "aka": [], "doors": []}, "geometry": {"type": "Polygon", "coordinates": [[[-84.3972772654516, 33.7807424313748], [-84.3972777701455, 33.7807248689658], [-84.3974344011408, 33.7807280060412], [-84.3975149086896, 33.7807296181913], [-84.3975122557397, 33.7808197901044], [-84.3974739566408, 33.7808191088646], [-84.3972751826026, 33.7808149623086], [-84.3972752832952, 33.7808114384664], [-84.3972753989059, 33.7808074376228], [-84.397276659077, 33.7807635518906], [-84.3972769444706, 33.7807536043381], [-84.3972772654516, 33.7807424313748]]]}}, {"type": "Feature", "properties": {"name": "Landscape Offices", "aka": [], "doors": []}, "geometry": {"type": "Polygon", "coordinates": [[[-84.3968383711904, 33.7808850805633], [-84.3968387973767, 33.7807436782749], [-84.3970138657763, 33.7807445192494], [-84.3970122907916, 33.7808350200467], [-84.3970116223995, 33.7808866444476], [-84.3968383711904, 33.7808850805633]]]}}, {"type": "Feature", "properties": {"name": "Lettie Pate Whithead Evans Administration", "aka": ["Evans Administration"], "doors": [[-84.394684, 33.772663, true], [-84.394889, 33.772386, false]]}, "geometry": {"type": "Polygon", "coordinates": [[[-84.3946560461196, 33.7726751197004], [-84.3946562329725, 33.7726592493656], [-84.3946218059517, 33.7726589676252], [-84.3946227287546, 33.7725805762323], [-84.3946230513234, 33.7725531671965], [-84.3944869985646, 33.7725520497077], [-84.394487131765, 33.7725407797042], [-84.3944878259107, 33.7725166826548], [-84.3944876639886, 33.7724954814909], [-84.3944883641679, 33.7724642821114], [-84.3944772498194, 33.7724641772977], [-84.3944550377072, 33.7724457560541], [-84.3944553870418, 33.7724198734668], [-84.3944781048055, 33.7724021302879], [-84.3945145163058, 33.7724024724223], [-84.3945146209415, 33.7723946882607], [-84.3945147699288, 33.7723836733955], [-84.3945153148636, 33.77234318277], [-84.394612451358, 33.7723440944019], [-84.3946125633279, 33.7723358215309], [-84.3946697998662, 33.7723363595846], [-84.3946699477109, 33.7723253284915], [-84.3946787536637, 33.7723254114047], [-84.3947318592998, 33.7723259101755], [-84.3947406684916, 33.7723259930783], [-84.3947405431153, 33.7723353136947], [-84.394797756111, 33.7723375603646], [-84.3947976452409, 33.7723458341353], [-84.3948125039388, 33.7723459734746], [-84.3948125662541, 33.7723413776353], [-84.3948136674624, 33.7723413593698], [-84.3948139088673, 33.772340378827], [-84.3948146901324, 33.7723394090077], [-84.3948158761144, 33.7723387873799], [-84.3948174369105, 33.7723386375252], [-84.3948175684268, 33.7723377464491], [-84.3948219714039, 33.7723377879006], [-84.3948219598061, 33.7723387076078], [-84.3948659874156, 33.7723391212158], [-84.3948660000926, 33.7723382015065], [-84.3948704030697, 33.7723382429563], [-84.3948706548014, 33.7723391216022], [-84.394871694732, 33.7723392026314], [-84.3948729387882, 33.7723397169781], [-84.3948735979064, 33.77234032167], [-84.3948740577636, 33.7723411061593], [-84.3948742057573, 33.7723419507343], [-84.3948753059768, 33.7723419667329], [-84.3948752447445, 33.7723465625703], [-84.39489450642, 33.7723467433491], [-84.394894342216, 33.7723589231783], [-84.3948937144643, 33.7724055740496], [-84.3948970172389, 33.7724056049098], [-84.3948972493158, 33.7724068072854], [-84.3948964366487, 33.7724407244566], [-84.3948965283341, 33.772441913567], [-84.3948668087458, 33.772441634911], [-84.3948665273333, 33.7724625474635], [-84.3948663658502, 33.7724745334321], [-84.3948658652968, 33.7725117473697], [-84.3948656803224, 33.7725254609483], [-84.394865599976, 33.7725313993818], [-84.3948654259567, 33.7725443582567], [-84.3947823230797, 33.7725435777741], [-84.3947807506102, 33.7726603194629], [-84.3947463537094, 33.7726599962257], [-84.3947461400178, 33.7726759180043], [-84.3947267393353, 33.7726917589266], [-84.3946748304514, 33.7726911190888], [-84.3946571368863, 33.7726760490926], [-84.3946560461196, 33.7726751197004]]]}}, {"type": "Feature", "properties": {"name": "Love / MRDC II", "aka": ["Love Manufacturing", "Love Manufacturing Building"], "doors": [[-84.401993, 33.776581, true], [-84.401703, 33.776505, true], [-84.401711, 33.777069, true]]}, "geometry": {"type": "Polygon", "coordinates": [[[-84.4019078502328, 33.7770414762449], [-84.4018225047437, 33.7770403161768], [-84.4018224081705, 33.7770452781513], [-84.4018186268428, 33.7770452267492], [-84.4018186996625, 33.7770402648199], [-84.4017277079461, 33.7770389720822], [-84.4017273074353, 33.7770595521483], [-84.4017186650153, 33.7770594342633], [-84.4017196101391, 33.7770109443282], [-84.4016901715115, 33.7770105441596], [-84.4016897762083, 33.7770358019858], [-84.4016885981983, 33.7770357898028], [-84.4016884220065, 33.7770448111658], [-84.4016527725742, 33.7770443263392], [-84.4016529392036, 33.7770357558205], [-84.4016518679268, 33.777035289903], [-84.4016529011845, 33.7769822888358], [-84.4016396693598, 33.7769819524676], [-84.4016393635256, 33.7769976706462], [-84.4016328817172, 33.7769975829042], [-84.4016334623065, 33.7769678128589], [-84.4016348120076, 33.7769678310271], [-84.4016354210736, 33.7769504685596], [-84.4015868106949, 33.7769495828109], [-84.4015867133442, 33.7769423986336], [-84.4015886129838, 33.7768571122691], [-84.401635337435, 33.7768577473422], [-84.4016370165499, 33.7767715922033], [-84.4015902932252, 33.7767709571285], [-84.4015920955077, 33.7766784865841], [-84.4016404394989, 33.7766791438187], [-84.4016408125655, 33.7766599730859], [-84.4016394628692, 33.7766599549177], [-84.4016399022791, 33.7766374010603], [-84.4016463840629, 33.7766374897038], [-84.4016463623068, 33.7766386168102], [-84.4016938953781, 33.7766392629449], [-84.4016945024805, 33.7766081394675], [-84.4015845895643, 33.7766061937939], [-84.4015846681001, 33.7766021344072], [-84.4015943913091, 33.776602266474], [-84.4016075741222, 33.7765913945047], [-84.4016332487392, 33.7765740077581], [-84.4016557365089, 33.7765615437827], [-84.4016754281246, 33.7765523590263], [-84.4016946613012, 33.7765445231095], [-84.4016948061727, 33.7765370805981], [-84.4016929155189, 33.7765370544443], [-84.4016931182454, 33.7765266796504], [-84.4016499053411, 33.7765260929133], [-84.4016507236744, 33.7764841428978], [-84.4015699698599, 33.7764830451411], [-84.4015054220916, 33.7764821671531], [-84.4015056985966, 33.7764679583947], [-84.4014381793569, 33.7764670409434], [-84.4014379028407, 33.7764812497017], [-84.401291237223, 33.7764799327023], [-84.4012915147746, 33.7764379756018], [-84.4012785512401, 33.7764377991787], [-84.4012786574123, 33.7764323863598], [-84.401291620946, 33.7764325627829], [-84.4012921939654, 33.776417003688], [-84.4012343979549, 33.7764162182149], [-84.401234538082, 33.7764090011258], [-84.4012596590749, 33.7764091337057], [-84.4012626777176, 33.7762541727551], [-84.4012375637601, 33.7762538318806], [-84.4012377038867, 33.7762466147914], [-84.401295500863, 33.7762474002613], [-84.4012955340079, 33.7762318349792], [-84.4012825705044, 33.7762316585564], [-84.4012826755965, 33.7762262457394], [-84.4012964499906, 33.776226432342], [-84.4012971673707, 33.7761846177662], [-84.4014079858971, 33.7761866647629], [-84.4014071807162, 33.7762279376133], [-84.401438779661, 33.7762283680033], [-84.4014395251655, 33.7762040129635], [-84.4014408748572, 33.7762040320355], [-84.4014409762354, 33.7761988446384], [-84.4015136273238, 33.7761998316685], [-84.40151352595, 33.7762050190656], [-84.4015146057028, 33.7762050341423], [-84.4015141312356, 33.7762293922733], [-84.4015460001153, 33.7762298248271], [-84.4015468052296, 33.776188551976], [-84.4015775932643, 33.776188970349], [-84.4015910977166, 33.776189153826], [-84.4016488935768, 33.7761899391327], [-84.401649066933, 33.776194905102], [-84.4016809358029, 33.7761953385227], [-84.4017352213961, 33.7761960763745], [-84.4017363331214, 33.7761390150109], [-84.4017366626604, 33.7761221002925], [-84.4017453060635, 33.7761222172729], [-84.4017446193766, 33.7761574010437], [-84.4018548195783, 33.7761584001957], [-84.4018550514195, 33.7761460435143], [-84.4018604631292, 33.7761461161529], [-84.4018583666485, 33.7762536980555], [-84.4019026626982, 33.7762540103565], [-84.401903031877, 33.7762346241342], [-84.4019084426629, 33.7762347517732], [-84.4019042678565, 33.7764490111833], [-84.4019039250846, 33.776466603067], [-84.4018985132389, 33.7764664880531], [-84.4018988743279, 33.7764484867844], [-84.4018559239957, 33.7764483549531], [-84.4018552118962, 33.7764848912489], [-84.4018173914627, 33.7764848289732], [-84.4018168972981, 33.7765240761209], [-84.4018319837042, 33.7765243025412], [-84.4018643011113, 33.7765272281272], [-84.4018806852436, 33.7765297909536], [-84.4019122720607, 33.7765368033046], [-84.4019278007815, 33.7765412386832], [-84.4019428084647, 33.7765466335093], [-84.4019575979793, 33.7765523984267], [-84.4019750655776, 33.7765606738451], [-84.4019870616538, 33.7765667542535], [-84.4019896857627, 33.7765680845964], [-84.4019997437645, 33.7765674577035], [-84.4020000255433, 33.7765706066365], [-84.4019574995235, 33.7765732556279], [-84.4019568386638, 33.7766071923632], [-84.4020130119349, 33.7766079562476], [-84.4020129323396, 33.7766120156366], [-84.4019567505835, 33.7766117034959], [-84.4019561520608, 33.776642376132], [-84.4020101791047, 33.7766424336078], [-84.4020097387121, 33.7766649874682], [-84.4020083794513, 33.7766654201483], [-84.4020080234334, 33.7766836882959], [-84.4020563589453, 33.7766847962097], [-84.4020545571615, 33.7767772667587], [-84.4020078338316, 33.7767766318422], [-84.4020061635725, 33.7768623361423], [-84.4020528784646, 33.7768634219015], [-84.4020510766745, 33.7769558924478], [-84.4020027325257, 33.7769552353747], [-84.4020023982547, 33.7769723755135], [-84.4020040104923, 33.7769728485112], [-84.4020037329888, 33.7769870572712], [-84.4020034300337, 33.7770026194593], [-84.4019969482222, 33.7770025308347], [-84.4019972644453, 33.7769862923824], [-84.4019837476801, 33.7769867852127], [-84.4019827146261, 33.7770397862818], [-84.4019816337855, 33.7770397721129], [-84.4019814587042, 33.7770487934741], [-84.401973186645, 33.7770486812123], [-84.4019458081894, 33.7770483087343], [-84.4019459832745, 33.7770392873731], [-84.4019449035136, 33.777039273202], [-84.401945395909, 33.777014012485], [-84.4019227090309, 33.777013704091], [-84.4019217592416, 33.7770624203509], [-84.4019131168212, 33.7770623024796], [-84.4019135212269, 33.7770415835512], [-84.4019078502328, 33.7770414762449]]]}}, {"type": "Feature", "properties": {"name": "Luck Building", "aka": [], "doors": []}, "geometry": {"type": "Polygon", "coordinates": [[[-84.3923551540033, 33.7801601309648], [-84.3923838028482, 33.7801846503783], [-84.3924172290552, 33.7802122329728], [-84.3924381534155, 33.7802297949333], [-84.3924326058195, 33.7802344071128], [-84.3924086033366, 33.7802544063777], [-84.3923809717018, 33.7802542134752], [-84.3923211623183, 33.7803027063868], [-84.3923655859363, 33.7803376957891], [-84.3923489960971, 33.7803511490182], [-84.3923480867127, 33.7803518873308], [-84.3923395692925, 33.7803587942308], [-84.3923243105205, 33.7803457914645], [-84.3922969053497, 33.7803224401079], [-84.3922376973582, 33.7803705432673], [-84.3922383381151, 33.7803933719159], [-84.3922134429546, 33.7804131031804], [-84.3922097922964, 33.7804159969413], [-84.3921160140059, 33.7803353586754], [-84.3921173795206, 33.7801608838761], [-84.3921174839531, 33.7801475798146], [-84.3922752868634, 33.7801484410235], [-84.3922791125131, 33.7801484619805], [-84.392341644551, 33.7801488029747], [-84.3923548052373, 33.7801601297994], [-84.3923551540033, 33.7801601309648]]]}}, {"type": "Feature", "properties": {"name": "Lutheran Center", "aka": [], "doors": []}, "geometry": {"type": "Polygon", "coordinates": [[[-84.3930945293521, 33.7767590447877], [-84.3930947272372, 33.7767464357208], [-84.3930612676567, 33.7767459579188], [-84.3930653730983, 33.7766073646445], [-84.3931053246325, 33.7766081271775], [-84.3931038734381, 33.7766507843], [-84.3931867502396, 33.7766523660837], [-84.3931923121512, 33.7766532953961], [-84.3931888563402, 33.7767481925155], [-84.3931250070973, 33.7767469328733], [-84.3931248120193, 33.7767593760312], [-84.3930945293521, 33.7767590447877]]]}}, {"type": "Feature", "properties": {"name": "Lyman Hall", "aka": [], "doors": []}, "geometry": {"type": "Polygon", "coordinates": [[[-84.3941786754453, 33.7731485459899], [-84.3940932882783, 33.77314728056], [-84.394053141893, 33.7731473545338], [-84.3940531279608, 33.773142080793], [-84.3940567210732, 33.7729520274269], [-84.3940263554295, 33.7729516586924], [-84.3940263310284, 33.7729530481841], [-84.3940106623389, 33.7729528579466], [-84.3940108601771, 33.772941510283], [-84.3940114777855, 33.7729059614875], [-84.3940128416462, 33.7728275683868], [-84.3940606864318, 33.7728276858193], [-84.3940607086338, 33.7728254641061], [-84.3940757403744, 33.7728256843638], [-84.3941468793173, 33.7728267281152], [-84.3942013247287, 33.7728270749697], [-84.3942012844239, 33.7728293904881], [-84.3942491122248, 33.7728304338762], [-84.3942489219195, 33.7728531937447], [-84.3942476287508, 33.7729157744335], [-84.3942471610262, 33.7729426391364], [-84.3942469343411, 33.7729557234367], [-84.3942312656532, 33.7729555341289], [-84.3942312881325, 33.7729542357075], [-84.3942009244061, 33.7729537759455], [-84.3941975336275, 33.7731487745068], [-84.3941786754453, 33.7731485459899]]]}}, {"type": "Feature", "properties": {"name": "Lyman Hall/Emerson Addition", "aka": ["Lyman Hall"], "doors": [[-84.393967, 33.772942, true]]}, "geometry": {"type": "MultiPolygon", "coordinates": [[[[-84.3938683148384, 33.7729473801604], [-84.3939199536385, 33.7729483093633], [-84.3939203342009, 33.7729427806298], [-84.3939212257842, 33.7729386061394], [-84.3939236607289, 33.7729321719703], [-84.3939259421009, 33.7729280932008], [-84.3939302889515, 33.7729224047844], [-84.3939347173181, 33.7729181480422], [-84.3939407721553, 33.7729132580495], [-84.3939515704594, 33.7729101833643], [-84.3939617179864, 33.7729072090585], [-84.3939728587187, 33.7729062445098], [-84.3939812395224, 33.77290680523], [-84.393992054531, 33.7729092387069], [-84.3939996375071, 33.7729122705222], [-84.394006880246, 33.7729164751122], [-84.3940067970358, 33.7729197167069], [-84.3940062465997, 33.7729410472172], [-84.3940108601771, 33.772941510283], [-84.3940106623389, 33.7729528579466], [-84.3940263310284, 33.7729530481841], [-84.3940263554295, 33.7729516586924], [-84.3940567210732, 33.7729520274269], [-84.3940531279608, 33.773142080793], [-84.3939466575063, 33.7731406214781], [-84.3939508987868, 33.7729747411314], [-84.3938676390226, 33.7729735798254], [-84.3938683148384, 33.7729473801604]]], [[[-84.3940932882783, 33.77314728056], [-84.3941786754453, 33.7731485459899], [-84.3941775846862, 33.7731794800969], [-84.3941873838901, 33.7731774693798], [-84.3942054944754, 33.7732391910832], [-84.3942009094174, 33.7732401291404], [-84.3941731282183, 33.7732458138815], [-84.3941682375024, 33.7732291459296], [-84.3940902337851, 33.773227742459], [-84.3940932882783, 33.77314728056]]]]}}, {"type": "Feature", "properties": {"name": "MRDC", "aka": ["Bobby Dodd Stadium", "Manufacturing Complex"], "doors": [[-84.400787, 33.77718, true], [-84.400604, 33.777176, true], [-84.400902, 33.776939, true], [-84.400787, 33.776981, true], [-84.400215, 33.776966, true], [-84.400101, 33.776775, true], [-84.400078, 33.776531, true], [-84.400597, 33.776703, true], [-84.400463, 33.776826, false]]}, "geometry": {"type": "Polygon", "coordinates": [[[-84.4005779241532, 33.777243719171], [-84.4005990682502, 33.7772190360439], [-84.4006030992081, 33.7772207523612], [-84.4006034349551, 33.7771663180968], [-84.4005693304024, 33.777166171755], [-84.4005691556079, 33.7771944217426], [-84.4004643660733, 33.7771939693179], [-84.4004645123507, 33.7771703123993], [-84.4004612126778, 33.7771702988141], [-84.4004611953299, 33.7771730542953], [-84.4004402927107, 33.777172964055], [-84.4004404455942, 33.777148159321], [-84.4004613492871, 33.7771482495592], [-84.4004613319417, 33.7771510059419], [-84.4004646326936, 33.7771510195251], [-84.4004648523395, 33.7771154200875], [-84.4004615515866, 33.7771154056027], [-84.4004615353208, 33.7771181619834], [-84.4004406316352, 33.7771180717453], [-84.400440785596, 33.7770932661073], [-84.4004616881958, 33.7770933563475], [-84.4004616719301, 33.7770961127283], [-84.4004649716026, 33.7770961272151], [-84.4004651953953, 33.7770600670252], [-84.4004618946469, 33.777060053442], [-84.400461877299, 33.7770628089232], [-84.4004409747066, 33.777062718683], [-84.40044112759, 33.7770379139484], [-84.4004620312561, 33.7770380041866], [-84.4004620139106, 33.7770407605695], [-84.4004653146583, 33.7770407741526], [-84.4004655358388, 33.7770049447902], [-84.40046223509, 33.7770049303054], [-84.4004622188243, 33.7770076866863], [-84.4004413151656, 33.7770075964481], [-84.4004414691261, 33.7769827908096], [-84.4004623716991, 33.7769828810498], [-84.4004623554334, 33.7769856374307], [-84.4004656551017, 33.7769856519175], [-84.4004658773617, 33.7769498225527], [-84.4004625766176, 33.7769498089696], [-84.4004625592697, 33.7769525644508], [-84.400441656704, 33.7769524742106], [-84.4004418106669, 33.7769276694736], [-84.4004627132266, 33.7769277597138], [-84.4004626958811, 33.7769305160967], [-84.4004659966245, 33.7769305296798], [-84.4004662178048, 33.7768947003168], [-84.40046291814, 33.77689468583], [-84.4004629007946, 33.7768974422129], [-84.4004419982423, 33.7768973519727], [-84.4004421511229, 33.7768725463358], [-84.4004630536692, 33.7768726365761], [-84.4004630374035, 33.7768753929569], [-84.4004663370675, 33.7768754074437], [-84.4004664435893, 33.776858181181], [-84.4004665103585, 33.7768473864772], [-84.4004666724458, 33.7768212030984], [-84.4004667565603, 33.7768076520115], [-84.4004370522086, 33.7768075802485], [-84.4003808362528, 33.7768074432776], [-84.400398081844, 33.7768266419515], [-84.4004124115258, 33.7768559284183], [-84.40041706689, 33.7768875874211], [-84.4004123181639, 33.7769189495594], [-84.4003976091633, 33.7769483811905], [-84.4003743927056, 33.7769737182998], [-84.4003440619831, 33.7769931035466], [-84.4003086785434, 33.7770050777563], [-84.4002707774501, 33.7770091952183], [-84.4002329060146, 33.7770047478207], [-84.4001979560083, 33.7769922314097], [-84.4001678821397, 33.7769725908271], [-84.4001442705001, 33.7769458176658], [-84.400130645375, 33.7769175126359], [-84.4001259983354, 33.7768860979542], [-84.4001313166247, 33.7768545030245], [-84.4001460349255, 33.7768252878034], [-84.4001640797054, 33.7768063730705], [-84.400070978669, 33.776805944179], [-84.4000710935204, 33.7767873807507], [-84.4000566658857, 33.7767856299791], [-84.4000362449656, 33.7767831692178], [-84.4000013259845, 33.7767709015476], [-84.3999709819169, 33.7767515147911], [-84.3999480480482, 33.7767261820513], [-84.3999337146298, 33.776696645779], [-84.3999287826256, 33.7766652298239], [-84.3999341642984, 33.7766334950255], [-84.3999488036023, 33.7766042033358], [-84.3999720497913, 33.776579070022], [-84.4000026327343, 33.7765599458678], [-84.4000377342228, 33.7765479695734], [-84.4000628780935, 33.7765453757579], [-84.4000753485624, 33.7765440889583], [-84.4000908828014, 33.7765458159951], [-84.4001131824191, 33.7765482939318], [-84.4001484166352, 33.7765605735977], [-84.4001784961629, 33.7765799671233], [-84.4002014198818, 33.776605527958], [-84.4002157375216, 33.7766347919304], [-84.400220404761, 33.7766664815756], [-84.4002153365832, 33.7766979191493], [-84.4002006715808, 33.7767272623128], [-84.4001828917213, 33.7767467094263], [-84.4002192333121, 33.7767468660683], [-84.4005664143923, 33.7767483643899], [-84.4005667558506, 33.7766932421501], [-84.4006063603632, 33.7766934123301], [-84.4006065331539, 33.7766656212849], [-84.4007110467137, 33.7766660723104], [-84.4007109198326, 33.7766865139033], [-84.4007142205692, 33.7766865283815], [-84.4007142379065, 33.7766837719985], [-84.4007285400138, 33.7766838332355], [-84.400728386136, 33.7767086388752], [-84.4007140840221, 33.7767085767365], [-84.400714101362, 33.7767058212552], [-84.4007108006247, 33.776705806777], [-84.4007105795463, 33.7767416361412], [-84.4007138792053, 33.7767416506214], [-84.4007138965427, 33.7767388942384], [-84.4007281986616, 33.776738956377], [-84.4007280447812, 33.7767637611148], [-84.4007137437403, 33.7767636998758], [-84.400713759998, 33.7767609434948], [-84.4007104603384, 33.7767609290146], [-84.4007102381826, 33.7767967592821], [-84.4007135389233, 33.7767967737603], [-84.4007135562607, 33.7767940173774], [-84.4007278573066, 33.7767940786164], [-84.4007277045083, 33.7768188842536], [-84.4007134023761, 33.7768188221149], [-84.400713419716, 33.7768160666336], [-84.4007101189745, 33.7768160521555], [-84.4007098978959, 33.7768518815189], [-84.400713197559, 33.7768518959992], [-84.4007132148964, 33.7768491396162], [-84.4007275170336, 33.7768492017549], [-84.4007273631531, 33.7768740064922], [-84.4007130610142, 33.7768739452552], [-84.4007130783516, 33.7768711888723], [-84.400709777608, 33.7768711743941], [-84.4007095565317, 33.7769070046589], [-84.4007128572766, 33.7769070191371], [-84.4007128735343, 33.7769042627563], [-84.4007271756783, 33.7769043239933], [-84.4007270228798, 33.77692912963], [-84.4007127207293, 33.7769290674914], [-84.4007127380692, 33.7769263120101], [-84.4007094373235, 33.7769262975319], [-84.4007092151648, 33.7769621268968], [-84.4007125159119, 33.776962141375], [-84.4007125332493, 33.7769593849921], [-84.4007268354048, 33.7769594471308], [-84.4007266815216, 33.7769842509661], [-84.4007123793644, 33.776984189729], [-84.4007123967019, 33.7769814333461], [-84.400709095954, 33.776981418868], [-84.4007090006793, 33.7769968075424], [-84.4007528432907, 33.7769969966871], [-84.4008080144745, 33.7769972346522], [-84.4008051192558, 33.7769938814917], [-84.4008351651057, 33.7769757887396], [-84.4008702593064, 33.7769642891969], [-84.4009079662247, 33.7769606506966], [-84.4009438746927, 33.7769654767007], [-84.4009676327295, 33.7769737502375], [-84.4009869972509, 33.7769827678599], [-84.401008199718, 33.7769970341117], [-84.4010314071882, 33.7770227808928], [-84.4010454329468, 33.777051784743], [-84.401050391464, 33.7770832628142], [-84.4010450304002, 33.7771144944971], [-84.4010306612003, 33.777143347598], [-84.4010071592703, 33.777168875616], [-84.4009779745738, 33.7771876015373], [-84.4009434383106, 33.7771998195695], [-84.4009037285831, 33.7772047151784], [-84.4008688148871, 33.7772004490042], [-84.4008338558532, 33.7771886459979], [-84.4008069316231, 33.7771722897236], [-84.400806622889, 33.7772223184657], [-84.4008106610323, 33.7772199277382], [-84.4008317865804, 33.7772448021002], [-84.4008447170533, 33.7772736538681], [-84.400848537221, 33.7773042432745], [-84.4008426252908, 33.7773350341836], [-84.4008276388799, 33.7773632762096], [-84.4008047128989, 33.7773874280764], [-84.4007946324286, 33.7773937254034], [-84.4007749335067, 33.7774058863854], [-84.4007404038223, 33.7774173902399], [-84.4007036226971, 33.7774212766911], [-84.4006671704841, 33.7774170737886], [-84.4006327868906, 33.7774052732413], [-84.4006278808381, 33.7774021790567], [-84.4006032368032, 33.7773865586719], [-84.4005806259761, 33.7773622262743], [-84.4005659768432, 33.7773338411855], [-84.4005604771803, 33.7773030232289], [-84.4005646170329, 33.7772725016788], [-84.400572853345, 33.7772546874595], [-84.4005779241532, 33.777243719171]]]}}, {"type": "Feature", "properties": {"name": "Machine Shop", "aka": [], "doors": []}, "geometry": {"type": "Polygon", "coordinates": [[[-84.3966747763052, 33.7806799001215], [-84.3966757812124, 33.7806022083477], [-84.3967785526752, 33.7806031356999], [-84.3967767404896, 33.7807431186717], [-84.3968387973767, 33.7807436782749], [-84.3968383711904, 33.7808850805633], [-84.3966721386644, 33.7808835799944], [-84.3966747763052, 33.7806799001215]]]}}, {"type": "Feature", "properties": {"name": "Management Building", "aka": ["Barnes and Noble Bookstore", "Scheller College of Business"], "doors": [[-84.388618, 33.776001, true], [-84.387802, 33.776398, true], [-84.388588, 33.776691, true]]}, "geometry": {"type": "Polygon", "coordinates": [[[-84.3878438982844, 33.7765712762335], [-84.387842484159, 33.7765369438476], [-84.387814691075, 33.7765377420267], [-84.3878155961939, 33.7765597145734], [-84.3878058934981, 33.7765599934393], [-84.3878014339106, 33.7764602651584], [-84.3877911676908, 33.7762307093407], [-84.3876768689319, 33.7762234042233], [-84.3874786174389, 33.7762107338331], [-84.3874786925356, 33.7762063372417], [-84.3874747439054, 33.776206289306], [-84.3874798897432, 33.7759638681474], [-84.3884136078892, 33.7759784579657], [-84.3886133772585, 33.7759815792334], [-84.3886127985061, 33.7760087822249], [-84.388608027087, 33.7760087114605], [-84.388607485977, 33.7760341832116], [-84.3886193319287, 33.7760343593693], [-84.3886190420123, 33.7760479604151], [-84.38866379231, 33.7760486246892], [-84.3886636411374, 33.7760557353918], [-84.3886143048042, 33.7760552948604], [-84.3886141506952, 33.7760625245863], [-84.3884975969166, 33.7760607964957], [-84.3884962420911, 33.7761245502618], [-84.388462180225, 33.7761240452453], [-84.388462892811, 33.7760905196279], [-84.3884248642888, 33.7761068483664], [-84.3883930882648, 33.7761063770927], [-84.3883474665789, 33.7761262395004], [-84.388352446978, 33.7761345032145], [-84.3883322667366, 33.7761431358168], [-84.3883271503257, 33.7761474603149], [-84.3883251506237, 33.7761474305454], [-84.3883245660234, 33.7761749139595], [-84.3882964147915, 33.7761732721172], [-84.3882843608975, 33.7761732748291], [-84.3882843651679, 33.7761858348389], [-84.388276777743, 33.7761857222326], [-84.3879256971408, 33.7761805166791], [-84.3879193518759, 33.7762935709168], [-84.3879103543237, 33.7764538936209], [-84.388246097156, 33.7764442467865], [-84.3882469037116, 33.7764593471131], [-84.3882409863606, 33.7764595678224], [-84.3882440582849, 33.7765170732984], [-84.3882448489079, 33.7765318562719], [-84.3882507662662, 33.776531636464], [-84.3882560354668, 33.7766302542403], [-84.388250118104, 33.7766304749501], [-84.3882517799816, 33.7766615816753], [-84.3882419166262, 33.7766619492259], [-84.3882439403918, 33.7766998375298], [-84.388191385024, 33.7766989671117], [-84.3881259320994, 33.7766979710441], [-84.3878305958532, 33.7766929942821], [-84.3878332087981, 33.7765715830179], [-84.3878438982844, 33.7765712762335]]]}}, {"type": "Feature", "properties": {"name": "Manufacturing Research Center", "aka": ["Manufacturing Research Center (TEST)"], "doors": [[-84.401688, 33.777668, true], [-84.401352, 33.777966, true], [-84.401115, 33.777679, true]]}, "geometry": {"type": "Polygon", "coordinates": [[[-84.4011554194675, 33.7779875887142], [-84.401152245002, 33.7779875713031], [-84.401152137874, 33.7780009583307], [-84.4011520984059, 33.778005890441], [-84.4011503568871, 33.7780067169581], [-84.4011525009007, 33.7780109515493], [-84.4011534385896, 33.7780150901526], [-84.4011534526018, 33.7780182513172], [-84.4011528748194, 33.7780213757368], [-84.4011512099022, 33.7780253506764], [-84.4011485905573, 33.778028950539], [-84.4011460682441, 33.7780313086427], [-84.4011431357308, 33.778033306865], [-84.4011387121753, 33.7780353313631], [-84.4011338815029, 33.7780365424431], [-84.4011265339551, 33.7780369558345], [-84.4011214278834, 33.7780357645352], [-84.4011168675838, 33.7780339662888], [-84.4011128537381, 33.7780314150265], [-84.4011095637265, 33.7780282222162], [-84.4011071404565, 33.7780245282442], [-84.4011054865168, 33.778019454185], [-84.4011052719224, 33.7780163835667], [-84.4011077931198, 33.7777068471215], [-84.4011082879251, 33.7776395748398], [-84.4011085239511, 33.7776100858679], [-84.4011086222399, 33.7775978114946], [-84.4011093947923, 33.7775013044258], [-84.4011102712374, 33.777391806158], [-84.4011104364293, 33.7773711940822], [-84.4011118656439, 33.7771927147849], [-84.401112728646, 33.7771872770861], [-84.4011145675285, 33.7771833550135], [-84.4011181674525, 33.7771790409833], [-84.4011219377844, 33.7771762432077], [-84.4011274916102, 33.777173764835], [-84.4011336244261, 33.777172570216], [-84.4011399186073, 33.7771727430961], [-84.4011459454667, 33.7771742698632], [-84.4011522486224, 33.77717773646], [-84.401155597867, 33.7771808849761], [-84.4011585657085, 33.7771855228442], [-84.4011599951813, 33.7771906442158], [-84.4011597892393, 33.7771959003361], [-84.4011584517288, 33.7771999612127], [-84.401158518146, 33.7772037308932], [-84.4011592685952, 33.7772085010091], [-84.4011590571854, 33.7772220532388], [-84.4011682220257, 33.7772221043496], [-84.4013220606398, 33.7772223078379], [-84.4013781645058, 33.7772224193463], [-84.4015292397631, 33.7772232887427], [-84.4015418936379, 33.7772235026962], [-84.4015420344678, 33.7772058706254], [-84.4015437748869, 33.7772050441048], [-84.4015420277081, 33.7772018114015], [-84.4015408310027, 33.7771977192778], [-84.4015406791499, 33.7771935097541], [-84.4015419650847, 33.7771883606777], [-84.4015441195379, 33.7771845525079], [-84.4015480644561, 33.7771804524018], [-84.4015531457925, 33.7771773446545], [-84.4015590164537, 33.7771754409133], [-84.4015640140307, 33.7771748750818], [-84.4015702811148, 33.7771754050456], [-84.4015761685439, 33.7771772710782], [-84.4015803362756, 33.7771796435058], [-84.4015838223746, 33.7771826871582], [-84.4015858961866, 33.7771853322638], [-84.4015874491422, 33.7771882154953], [-84.4015888534967, 33.7771944098755], [-84.4015851015203, 33.7776429770968], [-84.4015846505205, 33.7777091519859], [-84.4015823871399, 33.7780045238981], [-84.4015822294519, 33.7780203283506], [-84.4015814083201, 33.7780244838234], [-84.4015801207529, 33.7780274563153], [-84.4015775706197, 33.7780310894163], [-84.4015732058826, 33.7780348801539], [-84.4015678146308, 33.778037598978], [-84.4015617645449, 33.7780390594483], [-84.4015554688932, 33.7780391624982], [-84.4015493552315, 33.7780379010023], [-84.4015470551809, 33.7780370307778], [-84.4015428432921, 33.7780347143359], [-84.4015393011395, 33.7780317167737], [-84.4015360453296, 33.7780272147114], [-84.4015345184273, 33.7780232007587], [-84.4015340243483, 33.77801900992], [-84.4015348868745, 33.7780138003378], [-84.4015373438677, 33.7780088762495], [-84.4015356172229, 33.7780080301798], [-84.401535645989, 33.7780043279428], [-84.4015357637397, 33.7779897119434], [-84.4015242190468, 33.7779896473562], [-84.4013716913309, 33.7779887960474], [-84.4013187047343, 33.7779885000829], [-84.4011674716448, 33.7779876568799], [-84.4011554194675, 33.7779875887142]]]}}, {"type": "Feature", "properties": {"name": "Mason Building", "aka": ["Mason"], "doors": [[-84.398643, 33.776535, true], [-84.398598, 33.776657, true], [-84.398438, 33.776653, true], [-84.39843, 33.776497, true], [-84.398807, 33.7764, false], [-84.398396, 33.776449, false], [-84.398392, 33.776704, false]]}, "geometry": {"type": "Polygon", "coordinates": [[[-84.3981667045063, 33.7765967276313], [-84.3981479467658, 33.7765963922378], [-84.3981474905352, 33.7766102226329], [-84.39814713933, 33.7766125207011], [-84.3981434443593, 33.7766156653809], [-84.3981411523275, 33.7766181510265], [-84.3981396585747, 33.7766215764995], [-84.3981192765766, 33.7766211079987], [-84.3981186836108, 33.7766182229226], [-84.398114702783, 33.7766134381077], [-84.3981137404403, 33.7766117150521], [-84.3981153036781, 33.7765642689919], [-84.3981332464311, 33.7765646807561], [-84.3981333222956, 33.7765623777944], [-84.3981338997745, 33.7765599061846], [-84.3981370857207, 33.7765573873047], [-84.3981679934276, 33.7765580975372], [-84.3981715561241, 33.7764499890814], [-84.3984194318864, 33.7764556866346], [-84.3984173197714, 33.7765197683089], [-84.3984369178238, 33.7765202183965], [-84.3984385716988, 33.7764784300284], [-84.3984418356163, 33.776467582434], [-84.3984492407144, 33.7764549066262], [-84.3984574434759, 33.7764445456639], [-84.3984636879595, 33.7764387155744], [-84.3984695838447, 33.7764301351989], [-84.398471129924, 33.7764208885577], [-84.3985743656575, 33.7764232607061], [-84.3985759480603, 33.7764339089485], [-84.3985842847247, 33.7764407900189], [-84.3985951537756, 33.7764546505265], [-84.3985997805421, 33.7764651370614], [-84.3986036050336, 33.7764832179159], [-84.3986022606141, 33.7765240183953], [-84.398612466261, 33.7765244834017], [-84.3986174423591, 33.7765243676542], [-84.398617548111, 33.7765211404427], [-84.398664197959, 33.7765222122794], [-84.398664091129, 33.7765254394929], [-84.3986837831259, 33.7765258920696], [-84.3986845562768, 33.7764874721232], [-84.3986855189746, 33.7764624900427], [-84.398686059758, 33.7764492167074], [-84.3986874561745, 33.7764036887671], [-84.3987804242531, 33.7764058248791], [-84.3988335840424, 33.776407046705], [-84.3990111918651, 33.7764111278406], [-84.3990114872774, 33.7764021702727], [-84.3989730956558, 33.7764012876972], [-84.3989693160757, 33.7764006726719], [-84.3989668293213, 33.7763994087284], [-84.3989643328398, 33.7763969410976], [-84.3989618465838, 33.7763966617571], [-84.3989623925213, 33.7763801136106], [-84.3989641178069, 33.7763796775701], [-84.3989653998044, 33.7763782171855], [-84.3989668887903, 33.7763770395301], [-84.3989701033546, 33.7763759343653], [-84.3990301985598, 33.7763773152669], [-84.3990294191789, 33.7764009733798], [-84.3990274928495, 33.7764009292192], [-84.3990271456344, 33.7764114945303], [-84.3990664777507, 33.7764123987608], [-84.3990638572106, 33.7764919402275], [-84.3990578057471, 33.7766755983083], [-84.3990486925719, 33.776952171977], [-84.399008534173, 33.7769512494608], [-84.3990082927256, 33.7769586001824], [-84.3990121432499, 33.7769586885081], [-84.3990112570082, 33.7769855612092], [-84.3989546814888, 33.7769842611349], [-84.3989514741424, 33.7769836486386], [-84.3989439685376, 33.7769798776307], [-84.3989401547252, 33.7769797901354], [-84.3989407145764, 33.7769627938433], [-84.3989444452451, 33.7769628796917], [-84.3989512437975, 33.7769595118484], [-84.398953466503, 33.7769589486405], [-84.3989922859699, 33.7769598412358], [-84.3989925813834, 33.7769508827671], [-84.398669668622, 33.7769434628411], [-84.3986725381389, 33.7768564101584], [-84.398673695873, 33.7768212669962], [-84.3986791353803, 33.7766562156771], [-84.3986617391767, 33.7766554900917], [-84.3986616323465, 33.7766587173051], [-84.3986057234311, 33.7766570903207], [-84.3985545328592, 33.7766562560139], [-84.3985087111346, 33.7766552033182], [-84.3985088179705, 33.7766519761048], [-84.3984894952314, 33.7766515318232], [-84.3984890760173, 33.7766642531178], [-84.3984879882753, 33.7766700924564], [-84.398486108758, 33.7766725980714], [-84.3984818600439, 33.7766769979995], [-84.3984805081499, 33.7766817756881], [-84.398449836868, 33.7766810704998], [-84.3984497041099, 33.7766790835081], [-84.3984467080473, 33.7766739289805], [-84.39844360565, 33.7766701839346], [-84.398442577842, 33.7766670075415], [-84.3984431228205, 33.7766504666128], [-84.3984130346332, 33.7766497747467], [-84.3984110293493, 33.7767106292056], [-84.3981631539327, 33.7767049316368], [-84.3981667045063, 33.7765967276313]]]}}, {"type": "Feature", "properties": {"name": "Matheson Residence Hall", "aka": ["Matheson and Perry Residence Halls"], "doors": [[-84.391296, 33.774548, true]]}, "geometry": {"type": "Polygon", "coordinates": [[[-84.3912658346547, 33.7746019805151], [-84.3912654802239, 33.7745894563049], [-84.3912624278464, 33.7745894221872], [-84.3912660456979, 33.7744846697268], [-84.3913817929594, 33.7744859611782], [-84.3913825039227, 33.774476238266], [-84.3914218904166, 33.7744437557413], [-84.3914605019402, 33.774477107874], [-84.3914603496764, 33.7744866052575], [-84.3915072555592, 33.7744873601513], [-84.3915133624665, 33.7744874283708], [-84.3915297483239, 33.7744876104047], [-84.3915366779796, 33.7744876879438], [-84.3916216153815, 33.7744886349708], [-84.3916218118913, 33.7744886373176], [-84.3916251946608, 33.7744886753325], [-84.3916851796909, 33.7744893441033], [-84.3917254274049, 33.7744897927704], [-84.3917989834607, 33.774490612559], [-84.3918143479037, 33.7744907837953], [-84.3918395086642, 33.7744910642893], [-84.3918390122943, 33.7745221262227], [-84.3918761633794, 33.7745225399161], [-84.391889252855, 33.7745226864416], [-84.391888646273, 33.7745660876908], [-84.391853590163, 33.7745654114043], [-84.3918537969721, 33.7745524308374], [-84.3918385307717, 33.7745522603284], [-84.3918378339328, 33.7745958384658], [-84.3918263197631, 33.7745957097989], [-84.3917516979313, 33.7745948784457], [-84.3915241246696, 33.7745923412803], [-84.3914777214663, 33.7745910201413], [-84.3914198104535, 33.7745911779148], [-84.3913432008568, 33.7745903237867], [-84.3913424453409, 33.7746028346892], [-84.3912702766341, 33.7746020292352], [-84.3912658346547, 33.7746019805151]]]}}, {"type": "Feature", "properties": {"name": "Maulding Residence Hall", "aka": [], "doors": [[-84.405655, 33.77697, true], [-84.405383, 33.77734, false]]}, "geometry": {"type": "Polygon", "coordinates": [[[-84.4057201044324, 33.777372460149], [-84.4057203000041, 33.7773651257347], [-84.4055989789635, 33.7773628730279], [-84.4055638461075, 33.7773622215259], [-84.4054721694002, 33.7773605190179], [-84.405471974887, 33.7773678534298], [-84.4053863373961, 33.7773662635995], [-84.4053867030649, 33.7773525108993], [-84.4053873376817, 33.7773286727037], [-84.4053875577311, 33.7773204212626], [-84.40537108891, 33.7773201159009], [-84.4053715279296, 33.7773036121192], [-84.4053788855588, 33.7773037493649], [-84.4053801535142, 33.7772684562614], [-84.4053810443179, 33.7772349915354], [-84.4053898283296, 33.7772351548742], [-84.4053900228495, 33.7772278204622], [-84.4054202156569, 33.7772283805863], [-84.4054300967247, 33.7772285643411], [-84.4054668772711, 33.7772292469558], [-84.4054756602027, 33.7772294102906], [-84.40547546569, 33.7772367447027], [-84.4055671411858, 33.7772384472109], [-84.4056022750736, 33.7772390996118], [-84.4056500888199, 33.7772399871243], [-84.4056615645912, 33.7772308212499], [-84.4056623192487, 33.7771911389949], [-84.4056626360526, 33.7771792464959], [-84.4056629234996, 33.7771684468556], [-84.4056631004692, 33.7771617995359], [-84.4056644917843, 33.7771095398081], [-84.4056652730035, 33.7770802003487], [-84.4056665782129, 33.7770311497658], [-84.4056490123897, 33.7770308231226], [-84.4056495794348, 33.7770095069756], [-84.4056473831676, 33.7770094661461], [-84.4056391585039, 33.7770093134639], [-84.4056311897478, 33.7770091656956], [-84.4056313784019, 33.7770020594123], [-84.4056320129516, 33.776978222116], [-84.4056322026878, 33.7769711167322], [-84.4056401671214, 33.7769712645089], [-84.4056483971801, 33.7769714171805], [-84.4056505923666, 33.7769714580121], [-84.4056511604908, 33.7769501418628], [-84.4056687262975, 33.7769504685057], [-84.4056701606568, 33.7768966037525], [-84.4056709418726, 33.7768672642921], [-84.4056723331793, 33.7768150045617], [-84.4056731143938, 33.7767856651009], [-84.40567417716, 33.7767457369969], [-84.4056634955213, 33.7767364111604], [-84.4056156820546, 33.7767355236519], [-84.4055805483724, 33.7767348712538], [-84.4054553863888, 33.7767325473956], [-84.4054202537884, 33.7767318949498], [-84.405357123736, 33.7767307231973], [-84.4053403181375, 33.7767304112695], [-84.405328303493, 33.7767301874525], [-84.4053281078914, 33.7767375227687], [-84.405285563721, 33.7767367322384], [-84.4052811722805, 33.7767366505642], [-84.4052504311224, 33.776736080646], [-84.4052460396819, 33.7767359989705], [-84.4052427452918, 33.7767359377154], [-84.4052443324655, 33.7766763426715], [-84.4052355495907, 33.77667617932], [-84.405237453557, 33.7766046656285], [-84.4052462364245, 33.7766048289799], [-84.4052464320328, 33.7765974936636], [-84.4053232858921, 33.7765989211509], [-84.4053320687591, 33.7765990844962], [-84.4053318742353, 33.7766064189088], [-84.4054235490573, 33.7766081215268], [-84.4054586826869, 33.7766087739698], [-84.4055838434083, 33.776611096926], [-84.40561897704, 33.7766117493234], [-84.4057402959423, 33.7766140020175], [-84.405740491511, 33.7766066676023], [-84.4057813878865, 33.7766074269058], [-84.4058165215179, 33.7766080792469], [-84.405826128251, 33.7766082571902], [-84.4058259326896, 33.7766155916056], [-84.4058347166388, 33.7766157549129], [-84.4058345083172, 33.7766235482938], [-84.4058337282361, 33.7766528868524], [-84.4058328120889, 33.7766872686134], [-84.4058240292122, 33.7766871053038], [-84.4058188623609, 33.7767883708198], [-84.4058183554583, 33.7768177151598], [-84.4058169642429, 33.776869975793], [-84.4058159088118, 33.776899309474], [-84.4058144256517, 33.7769550073815], [-84.4058278753503, 33.7769552572228], [-84.4058273611091, 33.7769745779129], [-84.40584008184, 33.7769747705582], [-84.4058471251568, 33.7769748768273], [-84.405846929599, 33.7769822121439], [-84.4058462951089, 33.777006049441], [-84.4058460995511, 33.7770133847575], [-84.4058389784114, 33.7770132497863], [-84.4058263385057, 33.7770130037868], [-84.4058258251959, 33.7770322712774], [-84.4058126497482, 33.7770320263144], [-84.4058115948644, 33.7770716604638], [-84.4058112957349, 33.7770829118547], [-84.405810514563, 33.7771122504131], [-84.4058091233391, 33.7771645110438], [-84.4058083421658, 33.7771938496018], [-84.405805644728, 33.7772951608163], [-84.4058166239414, 33.7772953649534], [-84.4058157088619, 33.7773297467087], [-84.4058156638928, 33.7773314373929], [-84.4058156531559, 33.7773318476653], [-84.4058149276897, 33.777359085266], [-84.4058147204448, 33.7773668786438], [-84.4058059374987, 33.7773667153333], [-84.4058057419367, 33.7773740506493], [-84.4057961351156, 33.7773738718031], [-84.4057560611703, 33.7773731280434], [-84.4057235154645, 33.7773725238703], [-84.4057201044324, 33.777372460149]]]}}, {"type": "Feature", "properties": {"name": "McCamish Pavilion", "aka": ["Heffernan House"], "doors": [[-84.393188, 33.781181, true], [-84.393181, 33.780422, true], [-84.392204, 33.780628, true], [-84.392609, 33.776714, true]]}, "geometry": {"type": "Polygon", "coordinates": [[[-84.3923655859363, 33.7803376957891], [-84.3923211623183, 33.7803027063868], [-84.3923809717018, 33.7802542134752], [-84.3924086033366, 33.7802544063777], [-84.3924367236719, 33.7802309769094], [-84.3924381534155, 33.7802297949333], [-84.3924874940768, 33.7801889995879], [-84.3925383675348, 33.7802969550082], [-84.392540437087, 33.7803013449687], [-84.3925411765276, 33.7803029151941], [-84.3925705514673, 33.7802918017641], [-84.3926107068413, 33.7802766093536], [-84.3926129266712, 33.7801178172164], [-84.3926300929018, 33.7801178894746], [-84.3926300964908, 33.7801209009846], [-84.3926301028808, 33.7801253902967], [-84.392634506251, 33.7801254300211], [-84.3927195513095, 33.7801261885383], [-84.3927201855515, 33.7800934673386], [-84.3927207567421, 33.7800934662923], [-84.3928749878292, 33.7800931412938], [-84.3930096462004, 33.7800928574137], [-84.3930096442495, 33.7800929367626], [-84.3930115931015, 33.7800928926137], [-84.3930134426207, 33.7800928504504], [-84.3930116333487, 33.7801266657068], [-84.3930105074388, 33.7801477078137], [-84.3930104726511, 33.7801480288655], [-84.3930064114203, 33.7802242880941], [-84.3930058700826, 33.7802344074219], [-84.3930086817882, 33.780235229981], [-84.3931824154846, 33.780286059196], [-84.3931086662651, 33.7803614364739], [-84.3931164291977, 33.7803677842828], [-84.3931209662015, 33.78037100387], [-84.3931259765052, 33.7803755921973], [-84.3931900213013, 33.7804279643006], [-84.3932143179603, 33.7804643851949], [-84.3932491255331, 33.7805165602787], [-84.3932494072082, 33.7805165056624], [-84.3933490878166, 33.7804971841394], [-84.3933839032813, 33.7804904362376], [-84.393386613189, 33.780489911006], [-84.3933879137679, 33.780518802944], [-84.3933933571326, 33.7806397936859], [-84.39339058683, 33.7807079654389], [-84.3933748156379, 33.7808148951258], [-84.3933497721238, 33.7808946633594], [-84.3933420838826, 33.7809191528134], [-84.393301720564, 33.7810063237837], [-84.3932855586, 33.7809989689389], [-84.3932360204604, 33.7810689568308], [-84.3932193010919, 33.7810889897644], [-84.3932151710336, 33.7810939392987], [-84.3932031057825, 33.7811083454951], [-84.3931860069236, 33.781120815166], [-84.3931351543255, 33.7811578978538], [-84.3930803463616, 33.7811826288405], [-84.3930789578494, 33.781183068689], [-84.3930256499377, 33.7811935390836], [-84.3930248291156, 33.7811938760036], [-84.3930278079599, 33.78120445142], [-84.3928980739945, 33.7812159049716], [-84.3929017334791, 33.7812311487964], [-84.3927888122919, 33.7812293234431], [-84.3926608605952, 33.78121514674], [-84.392536409243, 33.7811868598641], [-84.3924564441057, 33.7811616517621], [-84.3924665497522, 33.7811390360804], [-84.3924389905369, 33.7811262226425], [-84.3924331955189, 33.7811349134441], [-84.3922498531417, 33.7810817726852], [-84.3921398162294, 33.7809390160302], [-84.3921590988745, 33.7807672296939], [-84.3921709699063, 33.7807664244662], [-84.3921681957032, 33.7807378895575], [-84.3922359100093, 33.7807332990182], [-84.3922373626457, 33.7806625852371], [-84.3922402107638, 33.7806414606452], [-84.3922536245159, 33.7805919597955], [-84.3922571058876, 33.780576386416], [-84.3922649913389, 33.7805561732007], [-84.3922961153106, 33.7804963494176], [-84.3923083684264, 33.7804777944657], [-84.3923209263833, 33.7804626679363], [-84.3922679431791, 33.7804168779542], [-84.3923395692925, 33.7803587942308], [-84.3923489939423, 33.7803511508255], [-84.3923655859363, 33.7803376957891]]]}}, {"type": "Feature", "properties": {"name": "Mechanical Engineering Research Building", "aka": [], "doors": []}, "geometry": {"type": "Polygon", "coordinates": [[[-84.3962911580643, 33.7730845619364], [-84.3962285960651, 33.7730836152732], [-84.3962249411316, 33.7730839295351], [-84.3961406990599, 33.7730832954502], [-84.3961397908667, 33.7729649723618], [-84.3961398091248, 33.7729511671242], [-84.3961432793447, 33.7728260906286], [-84.3963658111162, 33.7728269083173], [-84.3963636881386, 33.773009648407], [-84.3963632077066, 33.7730849084427], [-84.3962911580643, 33.7730845619364]]]}}, {"type": "Feature", "properties": {"name": "Methodist Center / Wesley Foundation", "aka": [], "doors": []}, "geometry": {"type": "Polygon", "coordinates": [[[-84.39330383818, 33.7760410977964], [-84.3933297487233, 33.7760475303852], [-84.3934586255591, 33.7760796782598], [-84.3934387804924, 33.776135409787], [-84.3935043629598, 33.7761516966251], [-84.3934970427025, 33.7761722497181], [-84.3934326357179, 33.7761562555566], [-84.3934216435868, 33.7761871456219], [-84.3931998478214, 33.7761320616646], [-84.3932380098778, 33.7760248933529], [-84.39330383818, 33.7760410977964]]]}}, {"type": "Feature", "properties": {"name": "Molecular Science & Engineering", "aka": ["Molecular Science and Engineering", "Molecular Science and Engineering Building"], "doors": [[-84.396706, 33.779755, true], [-84.396599, 33.779755, true], [-84.396736, 33.779942, true], [-84.396736, 33.779942, true], [-84.396598, 33.779817, false], [-84.3967, 33.779815, false], [-84.397469, 33.779925, false]]}, "geometry": {"type": "Polygon", "coordinates": [[[-84.3965904620156, 33.7800634168469], [-84.3965124381603, 33.780057614901], [-84.3965122074788, 33.7800597810978], [-84.3964503022508, 33.7800551771393], [-84.396455955766, 33.7800021675307], [-84.3964585487829, 33.7800023601639], [-84.3964592313899, 33.7799959652813], [-84.3963999301458, 33.7799956438018], [-84.3963999125006, 33.7799979322264], [-84.3959397718291, 33.7799954581841], [-84.3959403868382, 33.7799486838634], [-84.3959428552002, 33.7799486964088], [-84.3959428708446, 33.7799464629886], [-84.3959430233844, 33.7799226636104], [-84.3959106809092, 33.7799224874635], [-84.3959106383155, 33.7799279804044], [-84.3959029632808, 33.7799279387595], [-84.3959030045622, 33.7799223583608], [-84.3959037593199, 33.7798185993962], [-84.3959038035775, 33.7798125149686], [-84.3959115370935, 33.7798126259321], [-84.3959114799429, 33.7798199501546], [-84.3959437908554, 33.7798200470146], [-84.395944263406, 33.7797635738903], [-84.3959445039747, 33.7797326936774], [-84.3959458742049, 33.7797327010497], [-84.3959460426357, 33.7797112188859], [-84.3959665964705, 33.7797110697931], [-84.3960005876765, 33.7797112545829], [-84.3960008146991, 33.7796821867147], [-84.3960106831971, 33.7796820114873], [-84.3964116892084, 33.7796844195537], [-84.3964643626042, 33.7796847055828], [-84.3964439564001, 33.779641878159], [-84.3965152732136, 33.7796188659367], [-84.396533118334, 33.7796576758512], [-84.3965368901383, 33.7796674589591], [-84.3965434285566, 33.7796862390034], [-84.3965489437037, 33.7796994857139], [-84.3965638206883, 33.7797488342471], [-84.3965695766044, 33.7797681341971], [-84.396573242265, 33.7797850657956], [-84.3965785052842, 33.7798061870981], [-84.3965813845101, 33.779823382542], [-84.3967432176278, 33.7798214327049], [-84.3967423224861, 33.7797123868217], [-84.396798599442, 33.7797116101554], [-84.3968001317805, 33.7796834099459], [-84.3973994919597, 33.7796897807805], [-84.3973992654071, 33.7797188477476], [-84.3974538079114, 33.7797191442859], [-84.3974536394761, 33.7797408870282], [-84.3974550097064, 33.7797408943838], [-84.3974543296437, 33.7798283261079], [-84.3974866720842, 33.7798285018503], [-84.3974867291007, 33.7798211776276], [-84.3974944030463, 33.7798212191761], [-84.3974935063927, 33.7799365745526], [-84.3974858324343, 33.7799365321025], [-84.3974860120585, 33.7799310398066], [-84.3974535324508, 33.7799308643207], [-84.397453329249, 33.7799569557929], [-84.3974560697189, 33.7799569714057], [-84.3974558890827, 33.7799802036983], [-84.397455706894, 33.7800036623084], [-84.3969300032503, 33.7800008105333], [-84.3969300208789, 33.779998521207], [-84.3968401188057, 33.7799980334248], [-84.396840303013, 33.7799744594001], [-84.3967863067148, 33.7799741660807], [-84.3967350519645, 33.7799738874629], [-84.3966908287105, 33.779973648013], [-84.396595197377, 33.7799731283539], [-84.3965936838342, 33.7800257659881], [-84.3965904620156, 33.7800634168469]]]}}, {"type": "Feature", "properties": {"name": "Montag Residence Hall", "aka": [], "doors": [[-84.403923, 33.777752, true]]}, "geometry": {"type": "Polygon", "coordinates": [[[-84.4038304144087, 33.7779908514548], [-84.40383107494, 33.7779680311836], [-84.4037770366576, 33.7779669394324], [-84.4037826319985, 33.7777655763232], [-84.4038369078755, 33.7777667334364], [-84.4038376344708, 33.7777439869728], [-84.403877546237, 33.777744593714], [-84.403919258552, 33.7777454314103], [-84.403999437543, 33.7777467261938], [-84.4039991616458, 33.7777700118808], [-84.4040531732533, 33.7777720458125], [-84.4040473684568, 33.7779724012885], [-84.4039933290897, 33.7779713096341], [-84.4039926686014, 33.7779941299059], [-84.4038304144087, 33.7779908514548]]]}}, {"type": "Feature", "properties": {"name": "Montgomery Knight Aerospace Engineering", "aka": ["Knight Building"], "doors": [[-84.396034, 33.77224, true]]}, "geometry": {"type": "Polygon", "coordinates": [[[-84.3960031378331, 33.7722748345061], [-84.3960034938603, 33.7722508282417], [-84.3959411704107, 33.7722496321319], [-84.3959430526799, 33.772181693608], [-84.3959441984344, 33.7719697940598], [-84.3959458255248, 33.7719698108735], [-84.3959461349493, 33.7719489749058], [-84.3959255247811, 33.7719487616314], [-84.3959254982957, 33.7719505731011], [-84.395923329203, 33.7719505509824], [-84.3959237456493, 33.7719224673307], [-84.3959465249057, 33.7719227036254], [-84.3959469891021, 33.7718914722148], [-84.3959499524189, 33.7716919246288], [-84.3959502279278, 33.7716733536752], [-84.3959239224888, 33.7716730815535], [-84.3959254595678, 33.7715695815747], [-84.3959444425623, 33.7715697780357], [-84.3959444690473, 33.771567966566], [-84.3959553166271, 33.7715680789567], [-84.3959548927582, 33.7715966143519], [-84.3960697624797, 33.7715978038645], [-84.396130350019, 33.7715984314902], [-84.3961289085387, 33.7716955800502], [-84.3961269277867, 33.7718289841694], [-84.3962817753806, 33.7718305869444], [-84.3962803102527, 33.77192933057], [-84.3961254614016, 33.7719277277959], [-84.3961212162984, 33.7722137119977], [-84.3961206543528, 33.7722515878679], [-84.3960588236303, 33.7722509481228], [-84.3960584601875, 33.7722754070308], [-84.3960031378331, 33.7722748345061]]]}}, {"type": "Feature", "properties": {"name": "Moore Student Success Center", "aka": ["Bill Moore Student Success Center"], "doors": [[-84.394058, 33.772438, true]]}, "geometry": {"type": "Polygon", "coordinates": [[[-84.3938662823101, 33.7727422344659], [-84.3938660664061, 33.772660439632], [-84.3938505829706, 33.7726604681346], [-84.3938525753711, 33.7723239712601], [-84.3938700769456, 33.7723240598636], [-84.3938703589027, 33.7722852648314], [-84.3938533661736, 33.7722852961127], [-84.3938539896705, 33.7721693252825], [-84.3938696835529, 33.7721692972938], [-84.3938698566781, 33.7721530798475], [-84.3940456116972, 33.7721535766741], [-84.3940443747446, 33.7723858546317], [-84.3940281015296, 33.7723860667454], [-84.3940270605946, 33.7724003201869], [-84.3940702717832, 33.7724002405753], [-84.394070166999, 33.772497072866], [-84.3940276779908, 33.7724967183539], [-84.3940277182439, 33.7725127749122], [-84.3940442373446, 33.7725128571859], [-84.3940441698541, 33.7727427526122], [-84.3938662823101, 33.7727422344659]]]}}, {"type": "Feature", "properties": {"name": "NARA Combustion Laboratory", "aka": ["Zinn Combustion Laboratory"], "doors": [[-84.402954, 33.770386, true]]}, "geometry": {"type": "Polygon", "coordinates": [[[-84.4028838293429, 33.7705412330265], [-84.4027994661754, 33.7705404269886], [-84.4027828453047, 33.7705404984598], [-84.4026647859126, 33.7705398514631], [-84.4026531938058, 33.7705398492838], [-84.4026128868484, 33.7705391869908], [-84.4024269206613, 33.7705379103754], [-84.4024111103567, 33.7705378927879], [-84.4021973163434, 33.7705361865928], [-84.4021983253182, 33.7704440700081], [-84.4022115684389, 33.7704441664578], [-84.402369766548, 33.7704444252679], [-84.4023710411898, 33.770368964407], [-84.4022123570589, 33.7703685875076], [-84.4021991139499, 33.7703684910579], [-84.4022001122244, 33.770317052561], [-84.4022000752725, 33.7702763213641], [-84.4028865385498, 33.7702813146852], [-84.402885587307, 33.7703725619724], [-84.4029683605241, 33.7703731645175], [-84.4029675527954, 33.7704505864859], [-84.4028847795063, 33.7704499848422], [-84.4028838293429, 33.7705412330265]]]}}, {"type": "Feature", "properties": {"name": "NARA Food Processing Technology Research", "aka": ["Food Processing Technology Building"], "doors": [[-84.403397, 33.770393, true]]}, "geometry": {"type": "Polygon", "coordinates": [[[-84.4034341979951, 33.7705205287174], [-84.403434289434, 33.7704948945522], [-84.4034346586086, 33.7703928159234], [-84.4034347423064, 33.7703694701675], [-84.4034351893308, 33.7702442748112], [-84.4039630198649, 33.7702455954822], [-84.4039627643469, 33.7703170050754], [-84.4040965032349, 33.7703173393533], [-84.4040962357028, 33.770392181561], [-84.4041953872302, 33.77039206201], [-84.4041953147658, 33.7703931892155], [-84.4041949742114, 33.7704908361657], [-84.4041947798014, 33.7705013732546], [-84.4039359932174, 33.7705005528124], [-84.4036074774806, 33.7704999053849], [-84.4036069526316, 33.7706461571833], [-84.4034337488087, 33.7706457231705], [-84.4034341979951, 33.7705205287174]]]}}, {"type": "Feature", "properties": {"name": "NARA Structures Lab", "aka": ["Structural Engineering Materials Research Lab"], "doors": [[-84.404442, 33.770863, true]]}, "geometry": {"type": "Polygon", "coordinates": [[[-84.4039297042686, 33.7711033630575], [-84.4038901759278, 33.7711024769774], [-84.4038894807553, 33.771144439428], [-84.4037527712483, 33.7711432116877], [-84.4037533174962, 33.7711008573049], [-84.4037568648721, 33.7708255587746], [-84.4043839064252, 33.7708311925713], [-84.4044514333638, 33.7708317982389], [-84.4044506181907, 33.7708950994389], [-84.4044503692993, 33.7709144340581], [-84.4044481646107, 33.7709144148627], [-84.4044467744915, 33.7711936467648], [-84.4042146993233, 33.7711915618224], [-84.4042157902897, 33.7711068548603], [-84.4039297042686, 33.7711033630575]]]}}, {"type": "Feature", "properties": {"name": "NARA Substation Control House", "aka": [], "doors": []}, "geometry": {"type": "Polygon", "coordinates": [[[-84.4029652685629, 33.7694166834894], [-84.4029188513458, 33.7694167723488], [-84.4029187961052, 33.769396643953], [-84.4029652133115, 33.7693965550937], [-84.4029652685629, 33.7694166834894]]]}}, {"type": "Feature", "properties": {"name": "NARA Tech Way Building", "aka": ["Tech Way Building"], "doors": [[-84.402382, 33.770813, true], [-84.402992, 33.770966, true]]}, "geometry": {"type": "Polygon", "coordinates": [[[-84.4023616976334, 33.7707958670827], [-84.40236085991, 33.7709236518189], [-84.4023607214446, 33.7709310447345], [-84.4023587482118, 33.7710360621989], [-84.4023601237315, 33.7710360803101], [-84.40236085991, 33.7709236518189], [-84.4023635013754, 33.7707831241855], [-84.4027672702167, 33.7707884151565], [-84.4028082671532, 33.7707890661604], [-84.4028089300271, 33.7707855141834], [-84.4028091891156, 33.7707717301213], [-84.4028094173953, 33.7707715096812], [-84.402809287983, 33.7707664462467], [-84.4028621049566, 33.7707671377323], [-84.4028620097454, 33.7707721790553], [-84.4028617470124, 33.770786205669], [-84.4028616819731, 33.7707896519105], [-84.402902879419, 33.7707901915959], [-84.4030099536986, 33.7707915951491], [-84.4030072037194, 33.7708635099299], [-84.4030068291867, 33.7709579227093], [-84.4030045674729, 33.7710783039953], [-84.4030021513978, 33.7712069555334], [-84.4023028787175, 33.7711977919402], [-84.4023048003143, 33.7710955778164], [-84.4023053656706, 33.7710654651411], [-84.402358182825, 33.7710661568415], [-84.4023616976334, 33.7707958670827]]]}}, {"type": "Feature", "properties": {"name": "Nanotechnology Building", "aka": ["Marcus Nano Technology Building"], "doors": [[-84.398354, 33.778572, true], [-84.398354, 33.778572, true], [-84.398354, 33.778477, false]]}, "geometry": {"type": "Polygon", "coordinates": [[[-84.3983870687447, 33.779269557656], [-84.3983870868082, 33.7792590236257], [-84.398388513163, 33.7792590254556], [-84.3983885690317, 33.7792272448342], [-84.3983819879348, 33.7792272364536], [-84.3983819989912, 33.7792209167562], [-84.3983202500656, 33.7792208406336], [-84.3983211478739, 33.7791584689964], [-84.3983265030815, 33.7787865312183], [-84.3981573453701, 33.7788035409268], [-84.397908044519, 33.778803232003], [-84.3979080550249, 33.7787970962431], [-84.3979007062615, 33.7787970874719], [-84.397900791339, 33.7787491870631], [-84.3978942102785, 33.7787491786563], [-84.3978942190183, 33.7787443944757], [-84.3978944382496, 33.7786210453983], [-84.3978944471413, 33.7786159158847], [-84.3978960937517, 33.7786159173077], [-84.3978961966177, 33.7785577587718], [-84.3983904869764, 33.7785581263903], [-84.3983899178345, 33.7784834995445], [-84.3988329945948, 33.7784810645387], [-84.398832971376, 33.7784940700075], [-84.3989256489564, 33.7784945502164], [-84.3989256829877, 33.7785379637832], [-84.3989640787071, 33.7785380114336], [-84.3989634196489, 33.7788446509059], [-84.3989635987832, 33.7789462099123], [-84.3989636941915, 33.7790003530155], [-84.398845020399, 33.7790003906081], [-84.3988447569893, 33.7791496802783], [-84.3988446265958, 33.779223410384], [-84.3988149031484, 33.7792233734328], [-84.3988148207713, 33.7792700845537], [-84.3988140530655, 33.779270083293], [-84.3987151141462, 33.7792699619121], [-84.3984149274723, 33.7792695919005], [-84.3983870687447, 33.779269557656]]]}}, {"type": "Feature", "properties": {"name": "North Ave Apts", "aka": ["North Avenue Apartments", "North Avenue Dining Hall"], "doors": [[-84.391785, 33.77095, true], [-84.391357, 33.770729, true], [-84.391174, 33.770546, true], [-84.391037, 33.770622, true], [-84.391082, 33.770464, false], [-84.391736, 33.770594, false]]}, "geometry": {"type": "MultiPolygon", "coordinates": [[[[-84.3917509782627, 33.7698399349594], [-84.3917299157683, 33.7698399535329], [-84.3917300148481, 33.7698047591225], [-84.3917256077679, 33.7698047500274], [-84.3917258188559, 33.7697302198892], [-84.3917511590005, 33.7697302701559], [-84.3917512733876, 33.7696897848158], [-84.3917303403293, 33.7696897436441], [-84.3917305740261, 33.7696069317782], [-84.3917371846302, 33.7696069449697], [-84.391737299024, 33.7695664596287], [-84.391730688423, 33.7695664464372], [-84.3917309221222, 33.7694836354713], [-84.3917375327168, 33.7694836486628], [-84.3917376471083, 33.7694431624194], [-84.3917310365192, 33.7694431501296], [-84.391731270216, 33.7693603382604], [-84.3917522031942, 33.7693603794322], [-84.3917523175813, 33.7693198940897], [-84.391731384613, 33.7693198529178], [-84.3917315604879, 33.7692574581896], [-84.3917316183122, 33.7692370419486], [-84.3917382288855, 33.7692370542385], [-84.3917383488139, 33.7691945563949], [-84.3917317382415, 33.7691945432033], [-84.391731779391, 33.7691801374135], [-84.391720865363, 33.7691800951009], [-84.391676589545, 33.7691799251676], [-84.3916656647207, 33.7691798828698], [-84.3916656336019, 33.7691944130695], [-84.3916379875279, 33.7691943588732], [-84.3916382105737, 33.7692119560341], [-84.3915387806888, 33.7692116458308], [-84.3915387964967, 33.7692061249788], [-84.3914903200418, 33.7692060293543], [-84.3914903042308, 33.7692115502063], [-84.391391205684, 33.7692116125649], [-84.3913911907566, 33.7692058943068], [-84.3913657492325, 33.7692058252157], [-84.39133637245, 33.7692057452497], [-84.3913102539954, 33.7692056737728], [-84.3913103615764, 33.76921131973], [-84.391211081733, 33.7692109990713], [-84.3912111311394, 33.7691935168254], [-84.3911834839857, 33.7691934625292], [-84.3911835828098, 33.7691584980371], [-84.3911769722424, 33.7691584857174], [-84.3911772283011, 33.7690683127057], [-84.3912116921866, 33.7690683807498], [-84.391211741593, 33.7690508985034], [-84.3913431236595, 33.7690511580231], [-84.391343107839, 33.7690566788753], [-84.3913915842099, 33.7690567745579], [-84.3913916000273, 33.7690512537058], [-84.391480156496, 33.7690514278484], [-84.3914907573623, 33.769051449113], [-84.3914907415513, 33.7690569699651], [-84.3915392179222, 33.7690570655898], [-84.3915392337301, 33.7690515447377], [-84.3916383899855, 33.7690517400283], [-84.3916383406657, 33.7690692222744], [-84.3916659877816, 33.7690692773705], [-84.3916659176855, 33.7690940918993], [-84.3917211072055, 33.7690942004606], [-84.391732022248, 33.7690942220333], [-84.391732092325, 33.7690694075045], [-84.3917622517339, 33.7690694670143], [-84.3917623408563, 33.7690515266557], [-84.391762517517, 33.7690158659445], [-84.3917896379911, 33.7690155964766], [-84.391790119985, 33.7689984416429], [-84.3918283278316, 33.7689984567015], [-84.3918491192046, 33.7689984647543], [-84.3918893956079, 33.7689984805282], [-84.3918892056194, 33.7690162344289], [-84.391916851636, 33.7690162885692], [-84.3919167156104, 33.7690736438867], [-84.3919030228236, 33.7690736688756], [-84.3919027355794, 33.7691140824029], [-84.3919236684976, 33.7691141235459], [-84.3919234349804, 33.7691969336147], [-84.3919025547688, 33.7691968256532], [-84.3919023877254, 33.769237377815], [-84.3919234638288, 33.7692372527924], [-84.3919230871611, 33.7693202308284], [-84.3919164765791, 33.7693202176468], [-84.3919163622692, 33.7693607029891], [-84.3919229728543, 33.7693607161707], [-84.3919229499036, 33.7694435411801], [-84.3919161287481, 33.7694435139563], [-84.3919160144382, 33.7694839992979], [-84.3919226250327, 33.7694840124795], [-84.3919223915204, 33.7695668243466], [-84.3919157809194, 33.7695668111651], [-84.3919156666095, 33.7696072965058], [-84.3919222772136, 33.7696073096874], [-84.3919222459167, 33.769690245612], [-84.3919156958894, 33.7696898671503], [-84.3919155563622, 33.7697211277222], [-84.3919154600616, 33.7697350746699], [-84.3919152417448, 33.7697576795145], [-84.3919218523604, 33.7697576926961], [-84.3919216188457, 33.7698405036579], [-84.391901078367, 33.7698403211409], [-84.3919006209267, 33.7698635521687], [-84.3918532453313, 33.7698634582853], [-84.3918532246214, 33.7698687483224], [-84.39177390422, 33.769868823592], [-84.3917739499877, 33.7698632053074], [-84.3917507833695, 33.769863256575], [-84.3917509782627, 33.7698399349594]]], [[[-84.390819082239, 33.7701700977918], [-84.3908190851953, 33.769944021772], [-84.3908769600269, 33.7699440221424], [-84.3908773098103, 33.7699245331744], [-84.3908564298921, 33.7699246053664], [-84.3908561484929, 33.769867959514], [-84.3908558585208, 33.769809679881], [-84.3908557117825, 33.7697802817438], [-84.3908551779304, 33.7696921984049], [-84.3908548184814, 33.7695691008467], [-84.3908543633396, 33.7695294803237], [-84.3908536914441, 33.7694062147206], [-84.3908534736136, 33.7693225705431], [-84.3908533062285, 33.7692582964911], [-84.3908528006455, 33.7691993058394], [-84.3908526277177, 33.769159849804], [-84.3908482315322, 33.7691598659041], [-84.3908478619538, 33.7690855234548], [-84.3908522581378, 33.7690855082564], [-84.390852144115, 33.7690554049634], [-84.3908520835847, 33.7690504027006], [-84.3908729632909, 33.7690503305102], [-84.390872848879, 33.7690271275709], [-84.3908959266676, 33.7690270468754], [-84.3908958993697, 33.769021540528], [-84.3909166765052, 33.7690214685165], [-84.3909750241419, 33.7690212660129], [-84.3909750514448, 33.7690267723603], [-84.3910223060713, 33.7690266089289], [-84.3910224211542, 33.769049639651], [-84.3910433008598, 33.7690495674318], [-84.3910437115667, 33.7691321689504], [-84.3910371183669, 33.7691321917561], [-84.3910373475369, 33.7691782820541], [-84.3910374527424, 33.7691995924391], [-84.391044047027, 33.7691995696313], [-84.3910444577361, 33.7692821711478], [-84.3910235779741, 33.7692822433674], [-84.3910237782302, 33.7693226271532], [-84.3910446590793, 33.7693225540299], [-84.3910450697927, 33.7694051564464], [-84.3910384754923, 33.7694051792543], [-84.3910386722817, 33.7694446442608], [-84.3910452655054, 33.7694446214549], [-84.3910456853217, 33.7695290587176], [-84.3910390920938, 33.7695290824252], [-84.3910392878045, 33.7695685474329], [-84.3910458821173, 33.7695685246249], [-84.3910462928321, 33.7696511261364], [-84.3910254129829, 33.7696511992584], [-84.3910256132393, 33.7696915821401], [-84.3910464941803, 33.7696915099177], [-84.3910470816853, 33.7697740074161], [-84.3910403105683, 33.7697741342357], [-84.3910405464327, 33.7698004233102], [-84.3910404582715, 33.7698167190493], [-84.3910409188198, 33.7698413973625], [-84.3910472392855, 33.7698415121035], [-84.3910474247041, 33.7698786833221], [-84.3910476510864, 33.7699241145111], [-84.3910267380761, 33.7699243310565], [-84.3910267883202, 33.7699440230713], [-84.3912119325036, 33.769944024491], [-84.391214838632, 33.7701736387128], [-84.3911989378919, 33.7701736937889], [-84.3911994705756, 33.7702806460165], [-84.3913260580237, 33.7702802064748], [-84.3913260879286, 33.7702862871692], [-84.3913607061996, 33.7702861673457], [-84.3916429349735, 33.7702851870571], [-84.3916429080769, 33.7702773742816], [-84.3917297614956, 33.7702760636189], [-84.3917506870801, 33.7702760822627], [-84.3917507169668, 33.7702528285735], [-84.3917738450117, 33.7702528495083], [-84.3917738521743, 33.770247331378], [-84.3917947766722, 33.7702473500163], [-84.391801655841, 33.7702431150263], [-84.3918095525717, 33.7702411521491], [-84.3918175311087, 33.7702411592342], [-84.3918254630991, 33.7702431834018], [-84.3918322218179, 33.770247383595], [-84.3918531473954, 33.7702474022215], [-84.3918532910113, 33.7702527767138], [-84.3919007786379, 33.7702526927666], [-84.3919004683422, 33.7702760443459], [-84.3919213939265, 33.7702760629608], [-84.3919213558763, 33.770305668811], [-84.3919270023959, 33.7703056738335], [-84.3919328319826, 33.7703174631282], [-84.3919269712235, 33.7703292431033], [-84.3919213257819, 33.7703292380788], [-84.3919212877294, 33.7703588430271], [-84.3919146792458, 33.7703588370549], [-84.39191463964, 33.7703894996451], [-84.3919147120989, 33.7704002742676], [-84.3919145925616, 33.7704263836552], [-84.3919211999708, 33.7704263896293], [-84.3919211619184, 33.7704559945771], [-84.3919268084479, 33.7704559995996], [-84.3919326380472, 33.7704677897956], [-84.3919267783576, 33.7704795697685], [-84.3919211318242, 33.7704795638443], [-84.3919210937742, 33.7705091696936], [-84.3919078778635, 33.770509157747], [-84.3919078250528, 33.7705496285429], [-84.3919210420469, 33.7705496395858], [-84.3919210266111, 33.7705614819258], [-84.3919212517315, 33.7706223440003], [-84.3919209347735, 33.7706324205521], [-84.3919077188438, 33.7706324086056], [-84.3919076671105, 33.7706728784971], [-84.3919208830464, 33.7706728904435], [-84.391920870074, 33.7706827861097], [-84.3919207917399, 33.7707440319395], [-84.3919207768482, 33.7707556696029], [-84.3919141683341, 33.7707556636308], [-84.391914081651, 33.7708232102267], [-84.3919206890907, 33.7708232162007], [-84.3919205828953, 33.7709059962597], [-84.3918996571578, 33.7709059776453], [-84.3918996279388, 33.7709290582133], [-84.3918522691657, 33.7709290156944], [-84.3918522620106, 33.7709345347257], [-84.3917729661542, 33.7709344629827], [-84.3917729733144, 33.7709289439513], [-84.3917498450902, 33.7709289239188], [-84.3917498532323, 33.7709229540591], [-84.3916436408106, 33.7709233226356], [-84.3915243424761, 33.7709238727518], [-84.3915243419983, 33.7709373290229], [-84.3915519561016, 33.7709373292024], [-84.3915519556963, 33.770976846853], [-84.3915585588128, 33.7709768465427], [-84.3915585592055, 33.770978649848], [-84.3915585588929, 33.771018201761], [-84.3915585589419, 33.7710430152525], [-84.3915519925848, 33.7710430371355], [-84.3915516026745, 33.7710623999432], [-84.3915240419597, 33.7710621877779], [-84.3915241354063, 33.7710797752517], [-84.3914820442621, 33.7710797752896], [-84.3914820441461, 33.7710834513293], [-84.3914743408585, 33.7710834509345], [-84.3914743409749, 33.7710797748949], [-84.3914550832991, 33.7710797748066], [-84.3914550831819, 33.7710834508462], [-84.3914473809763, 33.7710834513495], [-84.3914473800142, 33.7710797753118], [-84.391427572798, 33.7710797753184], [-84.3914275726796, 33.771083451358], [-84.391419869392, 33.7710834509599], [-84.3914198695107, 33.7710797749202], [-84.3914006118349, 33.7710797748234], [-84.391400612795, 33.7710834508611], [-84.3913929095074, 33.7710834504613], [-84.3913929092684, 33.771074260814], [-84.3913444903114, 33.7710742606052], [-84.3913444906672, 33.7710797742129], [-84.3913367873823, 33.7710797747112], [-84.3913367870247, 33.7710742602019], [-84.3913169798095, 33.7710742601907], [-84.3913169801659, 33.7710797747], [-84.3913091386844, 33.7710797745465], [-84.3913091394082, 33.7710742600352], [-84.3912806658628, 33.7710742604639], [-84.3912806651349, 33.7710797740735], [-84.3912729629296, 33.7710797745659], [-84.391272962576, 33.7710742600566], [-84.3912531553608, 33.7710742600352], [-84.3912531546311, 33.7710797736448], [-84.391245418797, 33.7710797128843], [-84.3912454520741, 33.7710742596261], [-84.3911970331168, 33.7710742593595], [-84.3911970334655, 33.7710797738689], [-84.3911739236059, 33.7710797735314], [-84.3911739242115, 33.7710779359614], [-84.3911722734286, 33.7710779353577], [-84.3911227543087, 33.7710779352598], [-84.3911211035282, 33.7710779355571], [-84.3911211040011, 33.7710797731251], [-84.3910979941414, 33.7710797727735], [-84.3910979950422, 33.7710623122607], [-84.3910703808982, 33.7710623119797], [-84.3910703809959, 33.7710275613694], [-84.3910409444204, 33.7710275616904], [-84.3910409447408, 33.7710372111808], [-84.3910133306047, 33.771037210887], [-84.3910133306327, 33.7710583483393], [-84.3910056273472, 33.7710583479153], [-84.3910056274836, 33.7710546718756], [-84.3909863698129, 33.7710546717141], [-84.3909863696757, 33.7710583477538], [-84.3909785292757, 33.7710583475774], [-84.3909785294132, 33.7710546715376], [-84.3909588593169, 33.7710546712198], [-84.3909588591785, 33.7710583472595], [-84.3909510878779, 33.7710583478574], [-84.3909510880166, 33.7710546718177], [-84.3909318303459, 33.7710546716477], [-84.3909318302064, 33.7710583476874], [-84.390924196018, 33.7710583471328], [-84.3909241961578, 33.771054671093], [-84.3908821050247, 33.7710546709263], [-84.3908821048873, 33.7710372095135], [-84.3908542845394, 33.7710372095588], [-84.3908542854262, 33.7709384740388], [-84.39086088854, 33.7709384737658], [-84.3908609116647, 33.7709199934425], [-84.3908542857649, 33.7709199495758], [-84.390854287512, 33.7708372968384], [-84.3908542870646, 33.7707960849817], [-84.3908542886694, 33.7707171082826], [-84.390854288774, 33.7707005665546], [-84.3908542884224, 33.7706991879276], [-84.390857865279, 33.7706991877419], [-84.3908578650509, 33.7706733986603], [-84.3908542892728, 33.7706733979424], [-84.390854288715, 33.7706669655501], [-84.3908578655701, 33.7706669653644], [-84.3908578661001, 33.7706393946147], [-84.3908542892461, 33.7706393948004], [-84.3908542900015, 33.7706338811902], [-84.3908578657757, 33.7706338810065], [-84.39085786639, 33.7705976372551], [-84.3908542906174, 33.7705976374388], [-84.3908542929083, 33.7705960297871], [-84.3908543008536, 33.7705912041252], [-84.3908543325797, 33.7705727093588], [-84.3908545110962, 33.7704675582466], [-84.3908544425561, 33.7704412409193], [-84.3908544078306, 33.7704279073358], [-84.3908545111396, 33.7703975160272], [-84.3908546157014, 33.7703667766781], [-84.3908546918567, 33.7703446139053], [-84.3908545878119, 33.7703046636462], [-84.3908544571367, 33.7702511715063], [-84.390854376358, 33.7702180818833], [-84.3908543277431, 33.7701994150459], [-84.3908551169467, 33.7701994109074], [-84.3908542956562, 33.7701700978511], [-84.3908417438055, 33.7701700981089], [-84.390819082239, 33.7701700977918]]], [[[-84.3908543277431, 33.7701994150459], [-84.3908542953542, 33.7701994151047], [-84.3908543189303, 33.7701960311575], [-84.3908543277431, 33.7701994150459]]]]}}, {"type": "Feature", "properties": {"name": "North Ave Apts South Parking Deck", "aka": [], "doors": []}, "geometry": {"type": "Polygon", "coordinates": [[[-84.3917459684804, 33.7688541855003], [-84.3909331194007, 33.7688483383266], [-84.3909265021975, 33.768798524083], [-84.3909586479172, 33.7687985477208], [-84.3909589461418, 33.7685139673331], [-84.3917463222696, 33.7685133968468], [-84.3917511724929, 33.7685842318106], [-84.3918053412647, 33.7685842700642], [-84.3918127668451, 33.7688104786451], [-84.3917509406782, 33.7688081488323], [-84.3917459684804, 33.7688541855003]]]}}, {"type": "Feature", "properties": {"name": "North Avenue Apts - E", "aka": [], "doors": []}, "geometry": {"type": "Polygon", "coordinates": [[[-84.3908769600269, 33.7699440221424], [-84.3908773098103, 33.7699245331744], [-84.3908564298921, 33.7699246053664], [-84.3908561484929, 33.769867959514], [-84.3908558585208, 33.769809679881], [-84.3908557117825, 33.7697802817438], [-84.3908551779304, 33.7696921984049], [-84.3908548184814, 33.7695691008467], [-84.3908543633396, 33.7695294803237], [-84.3908536914441, 33.7694062147206], [-84.3908534736136, 33.7693225705431], [-84.3908533062285, 33.7692582964911], [-84.3908528006455, 33.7691993058394], [-84.3908526277177, 33.769159849804], [-84.3908482315322, 33.7691598659041], [-84.3908478619538, 33.7690855234548], [-84.3908522581378, 33.7690855082564], [-84.390852144115, 33.7690554049634], [-84.3908520835847, 33.7690504027006], [-84.3908729632909, 33.7690503305102], [-84.390872848879, 33.7690271275709], [-84.3908959266676, 33.7690270468754], [-84.3908958993697, 33.769021540528], [-84.3909166765052, 33.7690214685165], [-84.3909750241419, 33.7690212660129], [-84.3909750514448, 33.7690267723603], [-84.3910223060713, 33.7690266089289], [-84.3910224211542, 33.769049639651], [-84.3910433008598, 33.7690495674318], [-84.3910437115667, 33.7691321689504], [-84.3910371183669, 33.7691321917561], [-84.3910373475369, 33.7691782820541], [-84.3910374527424, 33.7691995924391], [-84.391044047027, 33.7691995696313], [-84.3910444577361, 33.7692821711478], [-84.3910235779741, 33.7692822433674], [-84.3910237782302, 33.7693226271532], [-84.3910446590793, 33.7693225540299], [-84.3910450697927, 33.7694051564464], [-84.3910384754923, 33.7694051792543], [-84.3910386722817, 33.7694446442608], [-84.3910452655054, 33.7694446214549], [-84.3910456853217, 33.7695290587176], [-84.3910390920938, 33.7695290824252], [-84.3910392878045, 33.7695685474329], [-84.3910458821173, 33.7695685246249], [-84.3910462928321, 33.7696511261364], [-84.3910254129829, 33.7696511992584], [-84.3910256132393, 33.7696915821401], [-84.3910464941803, 33.7696915099177], [-84.3910470816853, 33.7697740074161], [-84.3910403105683, 33.7697741342357], [-84.3910405464327, 33.7698004233102], [-84.3910404582715, 33.7698167190493], [-84.3910409188198, 33.7698413973625], [-84.3910472392855, 33.7698415121035], [-84.3910474247041, 33.7698786833221], [-84.3910476510864, 33.7699241145111], [-84.3910267380761, 33.7699243310565], [-84.3910267883202, 33.7699440230713], [-84.3910269122594, 33.7699526381424], [-84.3908774523798, 33.7699531567984], [-84.3908769600269, 33.7699440221424]]]}}, {"type": "Feature", "properties": {"name": "North Avenue Apts - N", "aka": [], "doors": []}, "geometry": {"type": "MultiPolygon", "coordinates": [[[[-84.3908543277431, 33.7701994150459], [-84.3908542953542, 33.7701994151047], [-84.3908543189303, 33.7701960311575], [-84.3908543277431, 33.7701994150459]]], [[[-84.3908551169467, 33.7701994109074], [-84.3908786764855, 33.7701992986831], [-84.3908785336915, 33.7701705894037], [-84.390986232914, 33.7701702151788], [-84.3909862602208, 33.7701757224268], [-84.3910280201761, 33.7701755770932], [-84.3910281352662, 33.7701986087127], [-84.3910457104373, 33.7701985190565], [-84.3910457122881, 33.7702008858928], [-84.391045724098, 33.770217428502], [-84.3910457289908, 33.7702238617885], [-84.3910457459268, 33.7702477555666], [-84.3910457508197, 33.770254188853], [-84.3910457626273, 33.7702707305604], [-84.3910457664405, 33.7702771638488], [-84.3910391644572, 33.7702771641295], [-84.3910391636821, 33.7703447971341], [-84.3910457663765, 33.7703446534892], [-84.3910457658712, 33.7703510867854], [-84.3910391638799, 33.7703510861644], [-84.3910391638128, 33.7703676287949], [-84.391045765803, 33.7703676285141], [-84.3910457663774, 33.7703740618083], [-84.391039163307, 33.770374062091], [-84.3910391629673, 33.7703979558999], [-84.3910457660396, 33.7703979556172], [-84.3910457655343, 33.7704043889133], [-84.3910391635412, 33.7704043891941], [-84.3910391623921, 33.7704209309247], [-84.3910457654685, 33.7704209315436], [-84.3910457649609, 33.770427363938], [-84.391039162966, 33.7704273642188], [-84.3910391621086, 33.770446088851], [-84.3910457651845, 33.7704460885683], [-84.3910463151945, 33.7704479269408], [-84.3911004418564, 33.7704479277082], [-84.3911004424199, 33.7704406901374], [-84.3911280563645, 33.7704406904125], [-84.3911280563093, 33.7704195529581], [-84.3911357595375, 33.7704195533748], [-84.3911359310684, 33.7704232291026], [-84.3911550169358, 33.7704232295536], [-84.3911550159863, 33.7704195535155], [-84.3911627192122, 33.7704195530287], [-84.3911627190823, 33.7704232290688], [-84.3911825272298, 33.770423230005], [-84.3911825273588, 33.7704195539649], [-84.391190229505, 33.7704195534784], [-84.3911902293764, 33.7704232295185], [-84.3912094869056, 33.7704232296487], [-84.3912094870334, 33.7704195536087], [-84.3912171902616, 33.7704195540202], [-84.3912171901341, 33.7704232300603], [-84.3912592809578, 33.770423230114], [-84.391259281171, 33.7704406915282], [-84.3912871013256, 33.7704406913924], [-84.3912871009412, 33.7704599903767], [-84.3912937040204, 33.7704599909823], [-84.3912937028616, 33.7705261587988], [-84.3912871008593, 33.7705261590929], [-84.3912871003313, 33.7705656767466], [-84.3912594863445, 33.7705656756056], [-84.3912594865602, 33.770583137921], [-84.3911604478079, 33.7705831368734], [-84.3911604485413, 33.7705776223616], [-84.3911004409935, 33.7705776223968], [-84.3911003071271, 33.7705449124684], [-84.3910457645164, 33.7705448249969], [-84.3910457642245, 33.7705505117237], [-84.3910391611382, 33.7705505111048], [-84.391039160732, 33.7705909475429], [-84.391045763819, 33.7705909472601], [-84.3910457633138, 33.770597380556], [-84.3910391613059, 33.7705973808368], [-84.3910391612368, 33.7706139225649], [-84.3910457632483, 33.7706139231858], [-84.3910457638204, 33.770620355578], [-84.3910391607311, 33.7706203558608], [-84.3910391603918, 33.7706442496688], [-84.3910457634853, 33.7706442502876], [-84.3910457629801, 33.7706506835834], [-84.3910391609658, 33.7706506829626], [-84.3910391598194, 33.7706672255942], [-84.3910457629123, 33.7706672253114], [-84.3910457278493, 33.7706736550634], [-84.391039160391, 33.7706736579864], [-84.3910391599852, 33.7707140944237], [-84.3910457620043, 33.7707140950445], [-84.3910457625765, 33.7707205274366], [-84.3910391594795, 33.7707205277194], [-84.3910391594105, 33.7707370694472], [-84.3910457625111, 33.770737070066], [-84.3910457620036, 33.7707435024601], [-84.3910391599821, 33.7707435018394], [-84.3910391596454, 33.7707673965485], [-84.3910457616664, 33.7707673962676], [-84.3910457622409, 33.7707738295614], [-84.3910391591375, 33.7707738289426], [-84.3910391590708, 33.7707903715719], [-84.3910457610935, 33.770790371291], [-84.3910457616681, 33.7707968045847], [-84.3910391585652, 33.7707968048676], [-84.3910391581574, 33.7708372404024], [-84.3910457612656, 33.7708372410211], [-84.3910457607605, 33.7708436743168], [-84.3910391587314, 33.770843673696], [-84.3910391586649, 33.7708602163251], [-84.3910457606929, 33.7708602160442], [-84.3910457612675, 33.7708666493379], [-84.3910391581569, 33.7708666487191], [-84.3910391578205, 33.7708905434278], [-84.3910457609304, 33.7708905431449], [-84.3910457604254, 33.7708969764405], [-84.3910391583945, 33.7708969767214], [-84.3910391572461, 33.7709135184507], [-84.3910457603578, 33.7709135181678], [-84.3910457598528, 33.7709199514633], [-84.3910391578201, 33.7709199517442], [-84.3910391575157, 33.7709214917682], [-84.3910391570041, 33.7709469760914], [-84.3910703814469, 33.7709469761267], [-84.3910703822029, 33.7709373266343], [-84.3910979963068, 33.7709373269155], [-84.3910979964821, 33.770925385422], [-84.3910979961258, 33.7709198655026], [-84.3911211048628, 33.7709198658563], [-84.3911211053381, 33.7709217043261], [-84.3911227561156, 33.7709217040288], [-84.3911722751457, 33.7709217041271], [-84.3911739259232, 33.7709217038292], [-84.3911739254492, 33.7709198662611], [-84.3911970341862, 33.7709198666007], [-84.3911970345324, 33.7709253802085], [-84.391245453406, 33.7709253804755], [-84.3912454539022, 33.7709251568646], [-84.3912454530566, 33.7709198668677], [-84.3912531563272, 33.7709198663751], [-84.3912531570839, 33.7709251221094], [-84.3912531566795, 33.7709253808846], [-84.3912729638604, 33.7709253809061], [-84.3912729640248, 33.7709250301628], [-84.3912729635069, 33.7709198663967], [-84.3912806667798, 33.770919866804], [-84.3912806672065, 33.7709249954058], [-84.3912806671338, 33.7709253813135], [-84.3913092777443, 33.7709253806355], [-84.3913092774733, 33.7709248630871], [-84.3913092784705, 33.7709198670257], [-84.3913169806638, 33.7709198674327], [-84.3913169806526, 33.7709248274262], [-84.3913169810178, 33.7709253810406], [-84.3913367881986, 33.7709253810518], [-84.3913367886753, 33.770924736369], [-84.391336788923, 33.7709198674421], [-84.391344491114, 33.7709198669458], [-84.3913444918545, 33.7709247007065], [-84.391344491472, 33.7709253814552], [-84.3914253040351, 33.7709253812843], [-84.391425303447, 33.7709243290563], [-84.3914253036742, 33.7709198676765], [-84.3914330069448, 33.7709198671728], [-84.3914330077057, 33.7709242933862], [-84.3914330073085, 33.7709253816822], [-84.3914528144892, 33.7709253816748], [-84.3914528146484, 33.7709242023123], [-84.3914528152062, 33.7709198680651], [-84.3914605173972, 33.7709198675616], [-84.3914605178275, 33.7709241666426], [-84.3914605177627, 33.770925382071], [-84.3914891283752, 33.7709253822529], [-84.3914891280936, 33.7709240342821], [-84.3914891290875, 33.7709198677415], [-84.3914968323604, 33.7709198681354], [-84.3914968323546, 33.7709239995097], [-84.3914968316463, 33.7709253817452], [-84.3915166399066, 33.7709253817256], [-84.3915166392947, 33.770923907524], [-84.3915166395398, 33.7709198681178], [-84.3915243428104, 33.7709198676084], [-84.3915243424761, 33.7709238727518], [-84.3915243419983, 33.7709373290229], [-84.3915519561016, 33.7709373292024], [-84.3915519556963, 33.770976846853], [-84.3915585588128, 33.7709768465427], [-84.3915585592055, 33.770978649848], [-84.3915585588929, 33.771018201761], [-84.3915585589419, 33.7710430152525], [-84.3915519925848, 33.7710430371355], [-84.3915516026745, 33.7710623999432], [-84.3915240419597, 33.7710621877779], [-84.3915241354063, 33.7710797752517], [-84.3914820442621, 33.7710797752896], [-84.3914820441461, 33.7710834513293], [-84.3914743408585, 33.7710834509345], [-84.3914743409749, 33.7710797748949], [-84.3914550832991, 33.7710797748066], [-84.3914550831819, 33.7710834508462], [-84.3914473809763, 33.7710834513495], [-84.3914473800142, 33.7710797753118], [-84.391427572798, 33.7710797753184], [-84.3914275726796, 33.771083451358], [-84.391419869392, 33.7710834509599], [-84.3914198695107, 33.7710797749202], [-84.3914006118349, 33.7710797748234], [-84.391400612795, 33.7710834508611], [-84.3913929095074, 33.7710834504613], [-84.3913929092684, 33.771074260814], [-84.3913444903114, 33.7710742606052], [-84.3913444906672, 33.7710797742129], [-84.3913367873823, 33.7710797747112], [-84.3913367870247, 33.7710742602019], [-84.3913169798095, 33.7710742601907], [-84.3913169801659, 33.7710797747], [-84.3913091386844, 33.7710797745465], [-84.3913091394082, 33.7710742600352], [-84.3912806658628, 33.7710742604639], [-84.3912806651349, 33.7710797740735], [-84.3912729629296, 33.7710797745659], [-84.391272962576, 33.7710742600566], [-84.3912531553608, 33.7710742600352], [-84.3912531546311, 33.7710797736448], [-84.391245418797, 33.7710797128843], [-84.3912454520741, 33.7710742596261], [-84.3911970331168, 33.7710742593595], [-84.3911970334655, 33.7710797738689], [-84.3911739236059, 33.7710797735314], [-84.3911739242115, 33.7710779359614], [-84.3911722734286, 33.7710779353577], [-84.3911227543087, 33.7710779352598], [-84.3911211035282, 33.7710779355571], [-84.3911211040011, 33.7710797731251], [-84.3910979941414, 33.7710797727735], [-84.3910979950422, 33.7710623122607], [-84.3910703808982, 33.7710623119797], [-84.3910703809959, 33.7710275613694], [-84.3910409444204, 33.7710275616904], [-84.3910409447408, 33.7710372111808], [-84.3910133306047, 33.771037210887], [-84.3910133306327, 33.7710583483393], [-84.3910056273472, 33.7710583479153], [-84.3910056274836, 33.7710546718756], [-84.3909863698129, 33.7710546717141], [-84.3909863696757, 33.7710583477538], [-84.3909785292757, 33.7710583475774], [-84.3909785294132, 33.7710546715376], [-84.3909588593169, 33.7710546712198], [-84.3909588591785, 33.7710583472595], [-84.3909510878779, 33.7710583478574], [-84.3909510880166, 33.7710546718177], [-84.3909318303459, 33.7710546716477], [-84.3909318302064, 33.7710583476874], [-84.390924196018, 33.7710583471328], [-84.3909241961578, 33.771054671093], [-84.3908821050247, 33.7710546709263], [-84.3908821048873, 33.7710372095135], [-84.3908542845394, 33.7710372095588], [-84.3908542854262, 33.7709384740388], [-84.39086088854, 33.7709384737658], [-84.3908609116647, 33.7709199934425], [-84.3908542857649, 33.7709199495758], [-84.390854287512, 33.7708372968384], [-84.3908542870646, 33.7707960849817], [-84.3908542886694, 33.7707171082826], [-84.390854288774, 33.7707005665546], [-84.3908542884224, 33.7706991879276], [-84.390857865279, 33.7706991877419], [-84.3908578650509, 33.7706733986603], [-84.3908542892728, 33.7706733979424], [-84.390854288715, 33.7706669655501], [-84.3908578655701, 33.7706669653644], [-84.3908578661001, 33.7706393946147], [-84.3908542892461, 33.7706393948004], [-84.3908542900015, 33.7706338811902], [-84.3908578657757, 33.7706338810065], [-84.39085786639, 33.7705976372551], [-84.3908542906174, 33.7705976374388], [-84.3908542929083, 33.7705960297871], [-84.3908543008536, 33.7705912041252], [-84.3908543325797, 33.7705727093588], [-84.3908545110962, 33.7704675582466], [-84.3908544425561, 33.7704412409193], [-84.3908544078306, 33.7704279073358], [-84.3908545111396, 33.7703975160272], [-84.3908546157014, 33.7703667766781], [-84.3908546918567, 33.7703446139053], [-84.3908545878119, 33.7703046636462], [-84.3908544571367, 33.7702511715063], [-84.390854376358, 33.7702180818833], [-84.3908543277431, 33.7701994150459], [-84.3908551169467, 33.7701994109074]]]]}}, {"type": "Feature", "properties": {"name": "North Avenue Apts - S", "aka": [], "doors": [[-84.391693, 33.769182, false], [-84.391689, 33.769096, false]]}, "geometry": {"type": "Polygon", "coordinates": [[[-84.39177390422, 33.769868823592], [-84.3917739499877, 33.7698632053074], [-84.3917507833695, 33.769863256575], [-84.3917509782627, 33.7698399349594], [-84.3917299157683, 33.7698399535329], [-84.3917300148481, 33.7698047591225], [-84.3917256077679, 33.7698047500274], [-84.3917258188559, 33.7697302198892], [-84.3917511590005, 33.7697302701559], [-84.3917512733876, 33.7696897848158], [-84.3917303403293, 33.7696897436441], [-84.3917305740261, 33.7696069317782], [-84.3917371846302, 33.7696069449697], [-84.391737299024, 33.7695664596287], [-84.391730688423, 33.7695664464372], [-84.3917309221222, 33.7694836354713], [-84.3917375327168, 33.7694836486628], [-84.3917376471083, 33.7694431624194], [-84.3917310365192, 33.7694431501296], [-84.391731270216, 33.7693603382604], [-84.3917522031942, 33.7693603794322], [-84.3917523175813, 33.7693198940897], [-84.391731384613, 33.7693198529178], [-84.3917315604879, 33.7692574581896], [-84.3917316183122, 33.7692370419486], [-84.3917382288855, 33.7692370542385], [-84.3917383488139, 33.7691945563949], [-84.3917317382415, 33.7691945432033], [-84.391731779391, 33.7691801374135], [-84.391720865363, 33.7691800951009], [-84.391676589545, 33.7691799251676], [-84.3916656647207, 33.7691798828698], [-84.3916656336019, 33.7691944130695], [-84.3916379875279, 33.7691943588732], [-84.3916382105737, 33.7692119560341], [-84.3915387806888, 33.7692116458308], [-84.3915387964967, 33.7692061249788], [-84.3914903200418, 33.7692060293543], [-84.3914903042308, 33.7692115502063], [-84.391391205684, 33.7692116125649], [-84.3913911907566, 33.7692058943068], [-84.3913657492325, 33.7692058252157], [-84.39133637245, 33.7692057452497], [-84.3913102539954, 33.7692056737728], [-84.3913103615764, 33.76921131973], [-84.391211081733, 33.7692109990713], [-84.3912111311394, 33.7691935168254], [-84.3911834839857, 33.7691934625292], [-84.3911835828098, 33.7691584980371], [-84.3911769722424, 33.7691584857174], [-84.3911772283011, 33.7690683127057], [-84.3912116921866, 33.7690683807498], [-84.391211741593, 33.7690508985034], [-84.3913431236595, 33.7690511580231], [-84.391343107839, 33.7690566788753], [-84.3913915842099, 33.7690567745579], [-84.3913916000273, 33.7690512537058], [-84.391480156496, 33.7690514278484], [-84.3914907573623, 33.769051449113], [-84.3914907415513, 33.7690569699651], [-84.3915392179222, 33.7690570655898], [-84.3915392337301, 33.7690515447377], [-84.3916383899855, 33.7690517400283], [-84.3916383406657, 33.7690692222744], [-84.3916659877816, 33.7690692773705], [-84.3916659176855, 33.7690940918993], [-84.3917211072055, 33.7690942004606], [-84.391732022248, 33.7690942220333], [-84.391732092325, 33.7690694075045], [-84.3917622517339, 33.7690694670143], [-84.3917623408563, 33.7690515266557], [-84.391762517517, 33.7690158659445], [-84.3917896379911, 33.7690155964766], [-84.391790119985, 33.7689984416429], [-84.3918283278316, 33.7689984567015], [-84.3918491192046, 33.7689984647543], [-84.3918893956079, 33.7689984805282], [-84.3918892056194, 33.7690162344289], [-84.391916851636, 33.7690162885692], [-84.3919167156104, 33.7690736438867], [-84.3919030228236, 33.7690736688756], [-84.3919027355794, 33.7691140824029], [-84.3919236684976, 33.7691141235459], [-84.3919234349804, 33.7691969336147], [-84.3919025547688, 33.7691968256532], [-84.3919023877254, 33.769237377815], [-84.3919234638288, 33.7692372527924], [-84.3919230871611, 33.7693202308284], [-84.3919164765791, 33.7693202176468], [-84.3919163622692, 33.7693607029891], [-84.3919229728543, 33.7693607161707], [-84.3919229499036, 33.7694435411801], [-84.3919161287481, 33.7694435139563], [-84.3919160144382, 33.7694839992979], [-84.3919226250327, 33.7694840124795], [-84.3919223915204, 33.7695668243466], [-84.3919157809194, 33.7695668111651], [-84.3919156666095, 33.7696072965058], [-84.3919222772136, 33.7696073096874], [-84.3919222459167, 33.769690245612], [-84.3919156958894, 33.7696898671503], [-84.3919155563622, 33.7697211277222], [-84.3919154600616, 33.7697350746699], [-84.3919152417448, 33.7697576795145], [-84.3919218523604, 33.7697576926961], [-84.3919216188457, 33.7698405036579], [-84.391901078367, 33.7698403211409], [-84.3919006209267, 33.7698635521687], [-84.3918532453313, 33.7698634582853], [-84.3918532246214, 33.7698687483224], [-84.39177390422, 33.769868823592]]]}}, {"type": "Feature", "properties": {"name": "North Avenue Apts - W", "aka": [], "doors": []}, "geometry": {"type": "Polygon", "coordinates": [[[-84.3917729661542, 33.7709344629827], [-84.3917729733144, 33.7709289439513], [-84.3917498450902, 33.7709289239188], [-84.3917498749763, 33.7709056702321], [-84.3917289492388, 33.7709056515889], [-84.3917289943687, 33.770870469906], [-84.3917245894072, 33.7708704662171], [-84.3917246850451, 33.7707959642535], [-84.3917500167932, 33.7707959865838], [-84.3917500686003, 33.7707555166929], [-84.391729142897, 33.7707554971478], [-84.3917291714335, 33.7707329638838], [-84.3917292492794, 33.7706727179879], [-84.3917358577872, 33.7706727239699], [-84.3917359096013, 33.7706322540782], [-84.3917293021762, 33.7706322480942], [-84.3917294085567, 33.770549468031], [-84.391736017055, 33.770549474013], [-84.3917360688669, 33.7705090032188], [-84.3917294603717, 33.7705089972368], [-84.3917295678322, 33.7704262171699], [-84.3917504934533, 33.7704262358136], [-84.3917505452609, 33.7703857659203], [-84.3917252147108, 33.770385742686], [-84.39172531035, 33.7703112407164], [-84.3917297152829, 33.7703112444054], [-84.3917297614956, 33.7702760636189], [-84.3917506870801, 33.7702760822627], [-84.3917507169668, 33.7702528285735], [-84.3917738450117, 33.7702528495083], [-84.3917738521743, 33.770247331378], [-84.3917947766722, 33.7702473500163], [-84.391801655841, 33.7702431150263], [-84.3918095525717, 33.7702411521491], [-84.3918175311087, 33.7702411592342], [-84.3918254630991, 33.7702431834018], [-84.3918322218179, 33.770247383595], [-84.3918531473954, 33.7702474022215], [-84.3918532910113, 33.7702527767138], [-84.3919007786379, 33.7702526927666], [-84.3919004683422, 33.7702760443459], [-84.3919213939265, 33.7702760629608], [-84.3919213558763, 33.770305668811], [-84.3919270023959, 33.7703056738335], [-84.3919328319826, 33.7703174631282], [-84.3919269712235, 33.7703292431033], [-84.3919213257819, 33.7703292380788], [-84.3919212877294, 33.7703588430271], [-84.3919146792458, 33.7703588370549], [-84.39191463964, 33.7703894996451], [-84.3919147120989, 33.7704002742676], [-84.3919145925616, 33.7704263836552], [-84.3919211999708, 33.7704263896293], [-84.3919211619184, 33.7704559945771], [-84.3919268084479, 33.7704559995996], [-84.3919326380472, 33.7704677897956], [-84.3919267783576, 33.7704795697685], [-84.3919211318242, 33.7704795638443], [-84.3919210937742, 33.7705091696936], [-84.3919078778635, 33.770509157747], [-84.3919078250528, 33.7705496285429], [-84.3919210420469, 33.7705496395858], [-84.3919210266111, 33.7705614819258], [-84.3919212517315, 33.7706223440003], [-84.3919209347735, 33.7706324205521], [-84.3919077188438, 33.7706324086056], [-84.3919076671105, 33.7706728784971], [-84.3919208830464, 33.7706728904435], [-84.391920870074, 33.7706827861097], [-84.3919207917399, 33.7707440319395], [-84.3919207768482, 33.7707556696029], [-84.3919141683341, 33.7707556636308], [-84.391914081651, 33.7708232102267], [-84.3919206890907, 33.7708232162007], [-84.3919205828953, 33.7709059962597], [-84.3918996571578, 33.7709059776453], [-84.3918996279388, 33.7709290582133], [-84.3918522691657, 33.7709290156944], [-84.3918522620106, 33.7709345347257], [-84.3917729661542, 33.7709344629827]]]}}, {"type": "Feature", "properties": {"name": "North Avenue Apts North Deck", "aka": [], "doors": []}, "geometry": {"type": "Polygon", "coordinates": [[[-84.3917729661542, 33.7709344629827], [-84.3917729733144, 33.7709289439513], [-84.3917498450902, 33.7709289239188], [-84.3917528859285, 33.7709229431183], [-84.3916436408106, 33.7709233226356], [-84.3915243424761, 33.7709238727518], [-84.3915166392947, 33.770923907524], [-84.3914968323546, 33.7709239995097], [-84.3914891280936, 33.7709240342821], [-84.3914605178275, 33.7709241666426], [-84.3914528146484, 33.7709242023123], [-84.3914330077057, 33.7709242933862], [-84.391425303447, 33.7709243290563], [-84.3913444918545, 33.7709247007065], [-84.3913367886753, 33.770924736369], [-84.3913169806526, 33.7709248274262], [-84.3913092774733, 33.7709248630871], [-84.3912806672065, 33.7709249954058], [-84.3912729640248, 33.7709250301628], [-84.3912531570839, 33.7709251221094], [-84.3912454539022, 33.7709251568646], [-84.3911970345324, 33.7709253802085], [-84.3911227559959, 33.7709253845769], [-84.3910979964821, 33.770925385422], [-84.3910486124143, 33.7709253886552], [-84.3910485935345, 33.7709214592855], [-84.3910391575157, 33.7709214917682], [-84.3909901409647, 33.7709216620174], [-84.3909172655369, 33.7709219143714], [-84.3908631401469, 33.7709221019675], [-84.390862851791, 33.7708847596276], [-84.3908624139402, 33.7707966508839], [-84.3908607653384, 33.7707966565835], [-84.3908606185198, 33.7707672295983], [-84.3908603253684, 33.7707081475084], [-84.3908602963767, 33.7707024049324], [-84.3908601459827, 33.770672019496], [-84.3908601283704, 33.7706685734098], [-84.3908599741734, 33.7706375568229], [-84.3908578662453, 33.7706357194763], [-84.3908597807559, 33.7705985282176], [-84.3908597677709, 33.7705960297604], [-84.3908597444065, 33.7705912041553], [-84.3908596519732, 33.7705727096144], [-84.3908595365678, 33.7705495400438], [-84.3908658556511, 33.7705495186469], [-84.3908656873121, 33.7705155599909], [-84.3908593682313, 33.7705155813878], [-84.3908590333529, 33.7704483529351], [-84.3908583733083, 33.7703155514451], [-84.3908551169467, 33.7701994109074], [-84.3908542956562, 33.7701700978511], [-84.3908417438055, 33.7701700981089], [-84.390819082239, 33.7701700977918], [-84.3908190851953, 33.769944021772], [-84.3908769600269, 33.7699440221424], [-84.3912119325036, 33.769944024491], [-84.391214838632, 33.7701736387128], [-84.3911989378919, 33.7701736937889], [-84.3911994705756, 33.7702806460165], [-84.3913260580237, 33.7702802064748], [-84.3913260879286, 33.7702862871692], [-84.3913607061996, 33.7702861673457], [-84.3916429349735, 33.7702851870571], [-84.3916429080769, 33.7702773742816], [-84.3917297614956, 33.7702760636189], [-84.3917506870801, 33.7702760822627], [-84.3917507169668, 33.7702528285735], [-84.3917738450117, 33.7702528495083], [-84.3917738521743, 33.770247331378], [-84.3917947766722, 33.7702473500163], [-84.391801655841, 33.7702431150263], [-84.3918095525717, 33.7702411521491], [-84.3918175311087, 33.7702411592342], [-84.3918254630991, 33.7702431834018], [-84.3918322218179, 33.770247383595], [-84.3918531473954, 33.7702474022215], [-84.3918532910113, 33.7702527767138], [-84.3919007786379, 33.7702526927666], [-84.3919004683422, 33.7702760443459], [-84.3919213939265, 33.7702760629608], [-84.3919213558763, 33.770305668811], [-84.3919213257819, 33.7703292380788], [-84.3919212877294, 33.7703588430271], [-84.3919146792458, 33.7703588370549], [-84.39191463964, 33.7703894996451], [-84.3919147120989, 33.7704002742676], [-84.3919145925616, 33.7704263836552], [-84.3919211999708, 33.7704263896293], [-84.3919211619184, 33.7704559945771], [-84.3919211318242, 33.7704795638443], [-84.3919210937742, 33.7705091696936], [-84.3919078778635, 33.770509157747], [-84.3919078250528, 33.7705496285429], [-84.3919210420469, 33.7705496395858], [-84.3919210266111, 33.7705614819258], [-84.3919212517315, 33.7706223440003], [-84.3919209347735, 33.7706324205521], [-84.3919077188438, 33.7706324086056], [-84.3919076671105, 33.7706728784971], [-84.3919208830464, 33.7706728904435], [-84.391920870074, 33.7706827861097], [-84.3919207917399, 33.7707440319395], [-84.3919207768482, 33.7707556696029], [-84.3919141683341, 33.7707556636308], [-84.391914081651, 33.7708232102267], [-84.3919206890907, 33.7708232162007], [-84.3919205828953, 33.7709059962597], [-84.3918996571578, 33.7709059776453], [-84.3918996279388, 33.7709290582133], [-84.3918522691657, 33.7709290156944], [-84.3918522620106, 33.7709345347257], [-84.3917729661542, 33.7709344629827]]]}}, {"type": "Feature", "properties": {"name": "North Avenue Dining", "aka": [], "doors": [[-84.391651, 33.77096, false]]}, "geometry": {"type": "Polygon", "coordinates": [[[-84.3915519561016, 33.7709373292024], [-84.3915658764899, 33.7709412449626], [-84.3916010115306, 33.7709408788797], [-84.3916011085592, 33.7709780105787], [-84.3916191817538, 33.7709779776387], [-84.3916194952063, 33.7710979221674], [-84.3916196246449, 33.7711474524369], [-84.391556977258, 33.7711475666065], [-84.3915433759107, 33.7711475913896], [-84.3915420787265, 33.7711486297524], [-84.3915091803341, 33.7711480549265], [-84.3914942826633, 33.7711477944385], [-84.39149431946, 33.7711618826999], [-84.391466488408, 33.7711619333953], [-84.3914145748264, 33.7711620279413], [-84.3913942343414, 33.7711620649798], [-84.391394213782, 33.7711541899797], [-84.3913941976364, 33.771148005571], [-84.391346519504, 33.7711480923762], [-84.3913465561965, 33.7711621499817], [-84.391319588859, 33.7711621990717], [-84.3912466535363, 33.7711623318097], [-84.3912466455758, 33.7711592806304], [-84.3912466176129, 33.7711485627318], [-84.3911993950892, 33.771148648651], [-84.3911994252688, 33.7711602186078], [-84.3911994287873, 33.7711615674743], [-84.3911001836297, 33.7711617479876], [-84.3911001495304, 33.7711486695724], [-84.3910597665474, 33.7711487430007], [-84.3910597359468, 33.7711481867364], [-84.3910523878937, 33.7711482000959], [-84.3910522621119, 33.7710999474607], [-84.3910522340933, 33.7710891989057], [-84.3910251728492, 33.771089248102], [-84.3909259871542, 33.771089428367], [-84.3909259063711, 33.7710584206655], [-84.3909318301993, 33.7710583449824], [-84.3909510882903, 33.7710580917871], [-84.3909510878779, 33.7710583478574], [-84.3909588591785, 33.7710583472595], [-84.3909588593278, 33.7710579902047], [-84.3909785298326, 33.771057732649], [-84.3909785292757, 33.7710583475774], [-84.3909863696757, 33.7710583477538], [-84.3909863699647, 33.7710576300375], [-84.391005626978, 33.7710573777373], [-84.3910056273472, 33.7710583479153], [-84.3910133306327, 33.7710583483393], [-84.3910133309962, 33.7710473030888], [-84.3910133306047, 33.771037210887], [-84.39101343533, 33.7710372106966], [-84.3910296116842, 33.7710372110455], [-84.3910409447408, 33.7710372111808], [-84.3910409444204, 33.7710275616904], [-84.3910703809959, 33.7710275613694], [-84.3910703807629, 33.7710328558765], [-84.3910708483856, 33.7710623120313], [-84.3910979950422, 33.7710623122607], [-84.3910979948076, 33.7710634645737], [-84.3911009563089, 33.7710634754181], [-84.3911014691485, 33.7710634780921], [-84.3911013745188, 33.771079772938], [-84.3911211040011, 33.7710797731251], [-84.3911211035282, 33.7710779355571], [-84.3911227543087, 33.7710779352598], [-84.3911722734286, 33.7710779353577], [-84.3911739242115, 33.7710779359614], [-84.3911739236059, 33.7710797735314], [-84.3911970334655, 33.7710797738689], [-84.3911970331168, 33.7710742593595], [-84.3911977629575, 33.7710742589334], [-84.3911983459691, 33.771074259676], [-84.391197952282, 33.7710624036548], [-84.3912454099889, 33.7710630945331], [-84.391247117117, 33.7710797260237], [-84.3912531546311, 33.7710797736448], [-84.3912531553608, 33.7710742600352], [-84.391272962576, 33.7710742600566], [-84.3912729629296, 33.7710797745659], [-84.3912806651349, 33.7710797740735], [-84.3912806658628, 33.7710742604639], [-84.3913091394082, 33.7710742600352], [-84.3913091386844, 33.7710797745465], [-84.3913169801659, 33.7710797747], [-84.3913169798095, 33.7710742601907], [-84.3913367870247, 33.7710742602019], [-84.3913367873823, 33.7710797747112], [-84.3913444906672, 33.7710797742129], [-84.3913444903114, 33.7710742606052], [-84.3913454987022, 33.7710742605728], [-84.3913927138531, 33.7710742611698], [-84.3913929092684, 33.771074260814], [-84.3913929094405, 33.7710792893327], [-84.3913930714538, 33.7710834501664], [-84.391400612795, 33.7710834508611], [-84.3914006118349, 33.7710797748234], [-84.3914198695107, 33.7710797749202], [-84.391419869392, 33.7710834509599], [-84.3914275726796, 33.771083451358], [-84.391427572798, 33.7710797753184], [-84.3914473800142, 33.7710797753118], [-84.3914473809763, 33.7710834513495], [-84.3914550831819, 33.7710834508462], [-84.3914550832991, 33.7710797748066], [-84.3914743409749, 33.7710797748949], [-84.3914743408585, 33.7710834509345], [-84.3914820441461, 33.7710834513293], [-84.3914820442621, 33.7710797752896], [-84.3915241354063, 33.7710797752517], [-84.3915240419597, 33.7710621877779], [-84.3915516026745, 33.7710623999432], [-84.3915519925848, 33.7710430371355], [-84.3915585589419, 33.7710430152525], [-84.3915585588929, 33.771018201761], [-84.3915585592055, 33.770978649848], [-84.3915585588404, 33.7709785100925], [-84.3915585588128, 33.7709768465427], [-84.3915519556963, 33.770976846853], [-84.3915519560513, 33.7709674777755], [-84.3915519561016, 33.7709373292024]]]}}, {"type": "Feature", "properties": {"name": "North Avenue Research Area (NARA)", "aka": [], "doors": []}, "geometry": {"type": "Polygon", "coordinates": [[[-84.4062675163286, 33.7722182537752], [-84.4057725387246, 33.7719285885703], [-84.4055600451363, 33.7718042338903], [-84.4056072976045, 33.7717479198707], [-84.4056081803394, 33.7717469894595], [-84.4056129986477, 33.7717496418094], [-84.405699783438, 33.7716454131303], [-84.4056963832842, 33.7716433531278], [-84.4057947208408, 33.7715261578805], [-84.4058879219634, 33.7714150830091], [-84.4059005108598, 33.7714225215864], [-84.4059569311102, 33.7714554685977], [-84.4059455536474, 33.771469029872], [-84.4059847937499, 33.7714919937182], [-84.4060502935034, 33.7714141334164], [-84.4060522750968, 33.7714115715844], [-84.406107189191, 33.7714437090593], [-84.4061063993468, 33.7714446510153], [-84.4066498001717, 33.771762653472], [-84.4066427925911, 33.7717713400937], [-84.4065980508782, 33.7718241277722], [-84.406587693068, 33.7718366718618], [-84.4065839835978, 33.7718344303513], [-84.4065659678256, 33.7718559012593], [-84.4065672082159, 33.7718566273834], [-84.4065501551145, 33.7718768016447], [-84.4065488011446, 33.771875998199], [-84.4065305739191, 33.7718975326283], [-84.4065345948353, 33.7718999547672], [-84.4065326250452, 33.7719021018236], [-84.4064833177746, 33.7719608645677], [-84.4063489042769, 33.7721212573621], [-84.4063460257225, 33.7721200294917], [-84.4063136480254, 33.7721596685993], [-84.4063152431142, 33.7721613741335], [-84.4062836114287, 33.7721990723298], [-84.4062675163286, 33.7722182537752]]]}}, {"type": "Feature", "properties": {"name": "North Campus Parking Deck", "aka": ["North Campus Parking Deck - Visitor Parking Area 5"], "doors": [[-84.397972, 33.779892, true], [-84.398956, 33.780361, true], [-84.398956, 33.780361, true]]}, "geometry": {"type": "Polygon", "coordinates": [[[-84.3979388390133, 33.7803930421915], [-84.3979386965776, 33.7803653563469], [-84.3979620400559, 33.7803456953642], [-84.3979750780791, 33.7803456492866], [-84.397975041246, 33.7803383739295], [-84.3979633345609, 33.7803384157084], [-84.3979622060061, 33.7801186068999], [-84.3979613648528, 33.7799547017464], [-84.3979613169805, 33.7799453273646], [-84.3979612623597, 33.779934647404], [-84.3979544556274, 33.7799346718831], [-84.3979543833711, 33.7799206441232], [-84.3979542087544, 33.7798866107096], [-84.3979541382517, 33.7798728336055], [-84.3980281916481, 33.779872568559], [-84.3980282812937, 33.7798898467404], [-84.3980348148474, 33.7798898236711], [-84.3980347878319, 33.7798845950442], [-84.3980946846659, 33.7798843799418], [-84.3980947116875, 33.7798896094704], [-84.398100156853, 33.7798895893404], [-84.3981001298335, 33.7798843607135], [-84.3981600255897, 33.7798841464831], [-84.3981600526129, 33.77988937511], [-84.3981654977807, 33.7798893558787], [-84.3981654707573, 33.7798841272519], [-84.3982253675903, 33.7798839120862], [-84.3982253946198, 33.7798891416146], [-84.3982308397852, 33.7798891214789], [-84.3982308127578, 33.7798838928521], [-84.398290708513, 33.7798836785582], [-84.398290735544, 33.779888907185], [-84.3982961807118, 33.7798888879481], [-84.3982961536804, 33.7798836593213], [-84.3983560505124, 33.7798834440921], [-84.3983560775498, 33.7798886736205], [-84.3983615227151, 33.779888653479], [-84.3983614956798, 33.7798834248522], [-84.3984213914339, 33.779883210495], [-84.3984214184729, 33.7798884391217], [-84.3984268636406, 33.779888419879], [-84.3984268366013, 33.7798831912522], [-84.3984867334322, 33.7798829759596], [-84.3984867604776, 33.779888205488], [-84.3984922056452, 33.7798881862423], [-84.3984921785995, 33.779882956714], [-84.3985520743526, 33.7798827422933], [-84.3985521013996, 33.77988797092], [-84.3985575465672, 33.7798879516715], [-84.3985575195199, 33.7798827230448], [-84.3986174163498, 33.7798825076888], [-84.3986174434031, 33.7798877372171], [-84.3986228885707, 33.7798877179657], [-84.398622861517, 33.7798824884374], [-84.398682757269, 33.7798822739533], [-84.398682784324, 33.7798875025799], [-84.3986882294915, 33.7798874833256], [-84.3986882024362, 33.779882254699], [-84.3987480992651, 33.7798820392795], [-84.3987481263264, 33.7798872688078], [-84.3987632287538, 33.7798872142564], [-84.398866664615, 33.7798869799997], [-84.3988803392493, 33.7798867946761], [-84.3988872485537, 33.779886769953], [-84.3988873297582, 33.7799024567341], [-84.398887534918, 33.779942469841], [-84.398952876961, 33.7799422359603], [-84.398954947507, 33.7803448672572], [-84.3989617542711, 33.7803448427228], [-84.3989617907413, 33.7803475530186], [-84.3989620164324, 33.7803959577542], [-84.3989620712949, 33.7804066809921], [-84.3988880174451, 33.7804069466008], [-84.3988879234776, 33.7803885314476], [-84.3981707963207, 33.7803911005983], [-84.3981708026189, 33.7803922375691], [-84.3981599122195, 33.780392276032], [-84.3980350602734, 33.7803927229696], [-84.3980275948569, 33.780392750491], [-84.3980275385195, 33.7803818370067], [-84.3980188259875, 33.7803818686691], [-84.3980188822534, 33.7803927560056], [-84.3979955387754, 33.780412416999], [-84.3979623838442, 33.7804125359501], [-84.3979388390133, 33.7803930421915]]]}}, {"type": "Feature", "properties": {"name": "O'Keefe Custodial Services Building", "aka": [], "doors": []}, "geometry": {"type": "Polygon", "coordinates": [[[-84.3922192023552, 33.7794759185616], [-84.3922207040269, 33.7793876621393], [-84.3922780773473, 33.7793883426003], [-84.3922788364003, 33.7793599211478], [-84.3923051896355, 33.7793602336261], [-84.392310825035, 33.779360300864], [-84.3923521322145, 33.7793607906632], [-84.3923544878953, 33.7792223314079], [-84.3923576872921, 33.779222368836], [-84.3924935434816, 33.7792239804069], [-84.3925076162998, 33.7792241476068], [-84.3925563123747, 33.7792247257021], [-84.3925708073874, 33.7792248975319], [-84.3925691119863, 33.7793000929866], [-84.392568694062, 33.7793300953138], [-84.3925672276191, 33.7794353369921], [-84.3924994213738, 33.7794345332975], [-84.3924508148019, 33.779433955918], [-84.3924187624342, 33.7794335763548], [-84.3923542020251, 33.7794328099217], [-84.3923534414244, 33.7794775116018], [-84.3922192023552, 33.7794759185616]]]}}, {"type": "Feature", "properties": {"name": "O'Keefe Gym", "aka": [], "doors": []}, "geometry": {"type": "Polygon", "coordinates": [[[-84.3914634120291, 33.7795739006128], [-84.3914637749735, 33.7795305575499], [-84.3914331170604, 33.7795303789638], [-84.3914354575764, 33.7792507841933], [-84.3914462152906, 33.7792508466492], [-84.3914468490098, 33.7791751653473], [-84.3915269384706, 33.7791756325633], [-84.3917432101472, 33.7791768955354], [-84.3918047888843, 33.7791783773283], [-84.3918043645195, 33.7792291311827], [-84.391879664189, 33.7792295708419], [-84.3918801945017, 33.7792514962433], [-84.3918790571739, 33.7793021080359], [-84.3918131686928, 33.7793017233387], [-84.3918112374592, 33.7795325857905], [-84.3917994053386, 33.7795325172118], [-84.3917991115222, 33.7795675505263], [-84.3917754451096, 33.7795674124677], [-84.391775376146, 33.7795757213147], [-84.3914634120291, 33.7795739006128]]]}}, {"type": "Feature", "properties": {"name": "O'Keefe Main Building", "aka": [], "doors": [[-84.392433, 33.778297, true], [-84.392433, 33.778297, true], [-84.39202, 33.778972, false], [-84.392022, 33.77877, false]]}, "geometry": {"type": "Polygon", "coordinates": [[[-84.3920123645467, 33.7789682228422], [-84.3920125307863, 33.7789574865698], [-84.3920327922443, 33.7789410007345], [-84.3920371664196, 33.778941047747], [-84.3920386744935, 33.7788176494249], [-84.3920144712402, 33.7787971494858], [-84.3920146448942, 33.7787859461439], [-84.3920157632882, 33.7787850370398], [-84.3920378305033, 33.7787670800166], [-84.39203962338, 33.7787656223778], [-84.3920519392906, 33.7787657558708], [-84.3920542184433, 33.7786189222035], [-84.3920561350404, 33.7786189430477], [-84.3920579670691, 33.778500927891], [-84.392047559153, 33.7785008152586], [-84.3920476016326, 33.7784980705525], [-84.3920580095484, 33.778498183185], [-84.3920583180677, 33.7784782858682], [-84.3920476369719, 33.7784781701281], [-84.3920476794514, 33.778475425422], [-84.392058360547, 33.7784755411621], [-84.3920584529461, 33.7784695945989], [-84.3920737384144, 33.7784698479957], [-84.3921329506649, 33.7784704007388], [-84.3921335613058, 33.7784310623523], [-84.392134851283, 33.7783386307525], [-84.3921355583319, 33.7783022964934], [-84.3922062055755, 33.7783026966678], [-84.3922297595869, 33.7783029259169], [-84.3922437328994, 33.7783026740611], [-84.3922536062246, 33.7783027497849], [-84.3923830810153, 33.778304860038], [-84.3924053364351, 33.7783052160568], [-84.3924058896052, 33.7782695366769], [-84.392465923935, 33.7782702933335], [-84.3924702535257, 33.7782702331157], [-84.3924696993026, 33.7783059124976], [-84.3925100131804, 33.7783066168526], [-84.392616502531, 33.7783075002993], [-84.3926138734906, 33.7784769760043], [-84.3926071756466, 33.7784768944955], [-84.392580280995, 33.7784767129101], [-84.3924670699731, 33.7784753882007], [-84.3924665630118, 33.778508093847], [-84.392402199993, 33.7785073974051], [-84.3924027069788, 33.778474691759], [-84.3922654896737, 33.7784732070014], [-84.3922632008032, 33.7786207259484], [-84.392265940186, 33.7786207552034], [-84.3922632255036, 33.7787957203071], [-84.3922970074227, 33.7787961147822], [-84.3922943187632, 33.7789632742338], [-84.3922622742146, 33.7789629270746], [-84.3922595207636, 33.7791404078481], [-84.3922561363891, 33.7791406511693], [-84.3922547885032, 33.7792224785369], [-84.3922527261375, 33.7793604431493], [-84.3921289021166, 33.7793595144232], [-84.3920440246557, 33.7793581429695], [-84.3920450588668, 33.7793040636116], [-84.392045529059, 33.7792543709177], [-84.3920467092056, 33.7791381052668], [-84.3920490196956, 33.7789892139817], [-84.3920367026733, 33.7789890804905], [-84.3920359072732, 33.778988398491], [-84.3920143882131, 33.77896995663], [-84.3920123645467, 33.7789682228422]]]}}, {"type": "Feature", "properties": {"name": "O'Keefe Storage Facility", "aka": [], "doors": []}, "geometry": {"type": "Polygon", "coordinates": [[[-84.3924775148979, 33.7789998410584], [-84.3924793006899, 33.7788874667227], [-84.3925460384655, 33.7788882056629], [-84.3925452656569, 33.7789368557037], [-84.3925445438409, 33.7789823083933], [-84.3925444131792, 33.7789905307957], [-84.392544252763, 33.7790005809008], [-84.3924775148979, 33.7789998410584]]]}}, {"type": "Feature", "properties": {"name": "OIT Planning and Programming", "aka": ["Office of Information Technology (OIT)"], "doors": [[-84.406265, 33.775925, true], [-84.406428, 33.775775, false]]}, "geometry": {"type": "Polygon", "coordinates": [[[-84.4061725803545, 33.7759984301768], [-84.4062008254345, 33.7759692970822], [-84.4062118083833, 33.7759767225079], [-84.4062295930307, 33.7759583790414], [-84.4062463311991, 33.7759411150779], [-84.4062641147521, 33.7759227716084], [-84.4062531318057, 33.7759153461873], [-84.4062813779109, 33.7758862130721], [-84.4062996821031, 33.7758985896723], [-84.4063936719409, 33.7758013695439], [-84.4064042945726, 33.7757906886776], [-84.4064154927832, 33.7757982597348], [-84.4064489689767, 33.7757637317548], [-84.4064377707676, 33.7757561607005], [-84.406463319843, 33.7757298080679], [-84.4065061172823, 33.7756856647762], [-84.4067206035241, 33.7758306833161], [-84.4065141685321, 33.7760436085652], [-84.4065316117161, 33.7760554016318], [-84.4064228153545, 33.7761676189514], [-84.4061725803545, 33.7759984301768]]]}}, {"type": "Feature", "properties": {"name": "ORGT", "aka": ["Campus Recreation Center (CRC)"], "doors": [[-84.404808, 33.775913, true]]}, "geometry": {"type": "MultiPolygon", "coordinates": [[[[-84.405003185109, 33.7758084637022], [-84.4052176911652, 33.7759949301533], [-84.40516040403, 33.7760397592064], [-84.4049487106658, 33.7758521385216], [-84.405003185109, 33.7758084637022]]], [[[-84.4049798335477, 33.7759571443263], [-84.405082046078, 33.7760498224699], [-84.405053150911, 33.776072049009], [-84.4050390841771, 33.7760816959051], [-84.4049372098472, 33.7759918356375], [-84.4049798335477, 33.7759571443263]]]]}}, {"type": "Feature", "properties": {"name": "Old Area 2", "aka": [], "doors": []}, "geometry": {"type": "Polygon", "coordinates": [[[-84.3970276056292, 33.7809578045031], [-84.3970301410031, 33.7808356232918], [-84.3971062914857, 33.7808367244905], [-84.3971065926897, 33.780822190208], [-84.3971827442409, 33.7808232913575], [-84.3971830454319, 33.7808087570748], [-84.3972586516668, 33.7808098501797], [-84.3972555142623, 33.7809611008615], [-84.3970765719216, 33.7809585128504], [-84.3970276056292, 33.7809578045031]]]}}, {"type": "Feature", "properties": {"name": "Old Civil Engineering Building", "aka": ["Hall Building"], "doors": [[-84.394493, 33.774136, true], [-84.393929, 33.774151, true], [-84.394493, 33.774136, true], [-84.393929, 33.774151, true]]}, "geometry": {"type": "Polygon", "coordinates": [[[-84.3947213888865, 33.7743348936241], [-84.3947219257258, 33.7742930117759], [-84.3947196838054, 33.7742928274733], [-84.3947201258116, 33.7742599776531], [-84.39444271177, 33.7742586704326], [-84.3943937660483, 33.7742577599241], [-84.3943941313191, 33.7742346273552], [-84.3944184492295, 33.7742342632956], [-84.3944185950911, 33.7741832998236], [-84.3944545659795, 33.7741837275422], [-84.3944545792473, 33.7741752781321], [-84.3944546198404, 33.7741502283471], [-84.3944732656883, 33.7741496953169], [-84.394474279677, 33.7740787784747], [-84.394560370885, 33.7740801334055], [-84.3945622702019, 33.774080190309], [-84.3945621060992, 33.7741160772839], [-84.3947582477661, 33.7741166995395], [-84.3947599785013, 33.7740816617308], [-84.3948453785083, 33.7740821233009], [-84.3948452613719, 33.7740945482891], [-84.3948447427546, 33.7741493895568], [-84.3948533794297, 33.7741494899015], [-84.394853261276, 33.7741590873092], [-84.3948524126627, 33.7741843441647], [-84.3948528315552, 33.7741941082868], [-84.3948445201658, 33.7741941227521], [-84.3948431691392, 33.774296625105], [-84.3948420170844, 33.7742966146119], [-84.3948404233522, 33.7744175300567], [-84.3947203438436, 33.7744164256768], [-84.3947210131338, 33.7743642241718], [-84.3947213888865, 33.7743348936241]]]}}, {"type": "Feature", "properties": {"name": "Old Rich Building", "aka": [], "doors": []}, "geometry": {"type": "Polygon", "coordinates": [[[-84.3949061685853, 33.7750757707343], [-84.394906368183, 33.7750578013351], [-84.3949442501541, 33.7750580973412], [-84.3949460221336, 33.774987748047], [-84.3949844297841, 33.7749875985538], [-84.3952239008852, 33.7749887412983], [-84.3952321844708, 33.7749887989908], [-84.3952322317854, 33.7750143400099], [-84.3952311159981, 33.7751044234588], [-84.3949834524242, 33.7751022851333], [-84.3949836723442, 33.7750765164036], [-84.3949061685853, 33.7750757707343]]]}}, {"type": "Feature", "properties": {"name": "Parking Office", "aka": [], "doors": [[-84.387894, 33.777142, true]]}, "geometry": {"type": "Polygon", "coordinates": [[[-84.3874329101497, 33.7772428576514], [-84.387436735267, 33.7769047438374], [-84.387871719614, 33.7769120581474], [-84.3878695058123, 33.7770211313824], [-84.3878691540967, 33.7770384608674], [-84.387869094619, 33.7770413651959], [-84.3878687515871, 33.7770582925283], [-84.3878683173934, 33.7770796597598], [-84.3878669534784, 33.7771484645816], [-84.3878664639246, 33.777170977912], [-84.3879013372826, 33.7771715636875], [-84.3879007128015, 33.7771974485374], [-84.3879004415689, 33.7772087025451], [-84.3879244718831, 33.7772095277549], [-84.3879244620758, 33.7772283912386], [-84.3878642566904, 33.7772280005516], [-84.3878641340036, 33.7772411793203], [-84.3876836009581, 33.7772400060323], [-84.3876836368459, 33.7772506166114], [-84.3874359846773, 33.7772472810671], [-84.3874360219591, 33.7772432947959], [-84.3874329101497, 33.7772428576514]]]}}, {"type": "Feature", "properties": {"name": "Pavilion", "aka": ["Campus Center Pavilion"], "doors": [[-84.400681, 33.774807, true], [-84.400764, 33.774776, true]]}, "geometry": {"type": "MultiPolygon", "coordinates": [[[[-84.4003809154969, 33.7748299586239], [-84.4004006754645, 33.77473511517], [-84.4003974037804, 33.7747346389823], [-84.4004076589158, 33.7746854181978], [-84.4007193468185, 33.7747307062495], [-84.400694418149, 33.7748503604023], [-84.4006407674426, 33.7748425654579], [-84.4006356814977, 33.7748669756134], [-84.4003809154969, 33.7748299586239]]], [[[-84.401125755935, 33.7747511840656], [-84.4011312599211, 33.7748747333288], [-84.4008185310993, 33.774884448181], [-84.4008130286386, 33.7747608979985], [-84.401125755935, 33.7747511840656]]]]}}, {"type": "Feature", "properties": {"name": "Perry Residence Hall", "aka": [], "doors": []}, "geometry": {"type": "Polygon", "coordinates": [[[-84.3908463494754, 33.7745845496752], [-84.3908480216986, 33.7744800072385], [-84.3909672661654, 33.774481336907], [-84.3911508523391, 33.7744833852741], [-84.3911515346843, 33.7744407403758], [-84.3911909286781, 33.7744077944614], [-84.3912292551798, 33.7744416070283], [-84.3912288503616, 33.7744842550285], [-84.3912660456979, 33.7744846697268], [-84.3912624278464, 33.7745894221872], [-84.3912563235665, 33.7745891222259], [-84.3912463307308, 33.7745890114742], [-84.3912430008644, 33.7745889742544], [-84.3911888732643, 33.7745883703515], [-84.3911455688098, 33.7745878873968], [-84.391127267504, 33.7745876835494], [-84.39112705048, 33.7745876812392], [-84.3909246239968, 33.7745854227261], [-84.3908853825438, 33.7745849854945], [-84.3908463494754, 33.7745845496752]]]}}, {"type": "Feature", "properties": {"name": "Peters Parking Deck", "aka": [], "doors": [[-84.393112, 33.774266, false], [-84.393145, 33.774369, false]]}, "geometry": {"type": "Polygon", "coordinates": [[[-84.3934392979254, 33.7758228546836], [-84.393208182957, 33.7751635229962], [-84.3933980585278, 33.7751171079834], [-84.3931048824891, 33.7742839648599], [-84.3930956749057, 33.7742576967791], [-84.3930889193399, 33.7742384219241], [-84.3930651769973, 33.7741706882595], [-84.3934562002401, 33.7740751011478], [-84.3935350802953, 33.7743001348731], [-84.393560124792, 33.774294011694], [-84.3935934393338, 33.774390127911], [-84.3935995851245, 33.7744065834899], [-84.3935745395183, 33.774412706679], [-84.3935838639299, 33.7744389970496], [-84.3937468314028, 33.7749027165038], [-84.3937546428522, 33.7749251668004], [-84.3938669167325, 33.7752505621638], [-84.3938752842839, 33.7752742367732], [-84.3939317451359, 33.7754341436453], [-84.3939365104039, 33.7754478417887], [-84.3939446037234, 33.7754710976292], [-84.3939487129495, 33.7754829080186], [-84.3939501241835, 33.7754874290093], [-84.3939648105374, 33.7754838386311], [-84.3939715663938, 33.7755031116297], [-84.3939568800369, 33.7755067020087], [-84.3939583326929, 33.775510553897], [-84.3940177981691, 33.7756804869726], [-84.3938204473964, 33.7757287299188], [-84.3937388850316, 33.7757486685803], [-84.3935963923084, 33.7757844530747], [-84.3934392979254, 33.7758228546836]]]}}, {"type": "Feature", "properties": {"name": "Petit Biotechnology Building", "aka": [], "doors": [[-84.397072, 33.779392, true], [-84.397141, 33.778831, true], [-84.397072, 33.779392, true], [-84.397141, 33.778831, true], [-84.397083, 33.779072, false]]}, "geometry": {"type": "Polygon", "coordinates": [[[-84.3969213338203, 33.779427784715], [-84.3969238934285, 33.7793372135353], [-84.3969247034329, 33.7791669964114], [-84.3969254510903, 33.7791449784846], [-84.3969756445723, 33.7791454880247], [-84.3969763323492, 33.7790982771585], [-84.3970866467327, 33.7790993966592], [-84.39708710012, 33.7790683068611], [-84.3970871766344, 33.7790630095143], [-84.3970872432465, 33.7790584497371], [-84.3970480115969, 33.7790539759538], [-84.397005425526, 33.7790411618291], [-84.3969677886298, 33.7790205328543], [-84.396936215367, 33.7789937604202], [-84.3969132883584, 33.7789616016084], [-84.3968986963802, 33.7789259802274], [-84.3968943916652, 33.7788885336444], [-84.3968997854865, 33.7788511852803], [-84.3969154228082, 33.7788158429139], [-84.396939845022, 33.778784171909], [-84.3969721610104, 33.7787580691955], [-84.3970104041862, 33.7787382020538], [-84.3970534113726, 33.7787264760369], [-84.3970926713813, 33.7787234507282], [-84.3970937949742, 33.7786841798917], [-84.3971510093406, 33.7786571208712], [-84.3971318420683, 33.778627404864], [-84.3971976991297, 33.7785973046391], [-84.3972169989889, 33.7786273350649], [-84.3972745801932, 33.7786002022679], [-84.3972750680969, 33.7785667076969], [-84.3973340925337, 33.7785668462402], [-84.3974542964066, 33.7785682697198], [-84.3975328920877, 33.7785687547675], [-84.3976175930024, 33.7785701840904], [-84.3976163722043, 33.7786540129415], [-84.3976157572982, 33.7786775517118], [-84.3976176856341, 33.7786775201518], [-84.3976175679788, 33.7786855802372], [-84.3976131560286, 33.7786855352965], [-84.3976129982833, 33.7786963599212], [-84.3976130653263, 33.7787020293821], [-84.3976123655624, 33.778731365932], [-84.397611220196, 33.7787362838809], [-84.3976071736799, 33.7787408447949], [-84.3976030820065, 33.7787430633021], [-84.3976004564837, 33.7787440221629], [-84.3975946408406, 33.7787447733019], [-84.397577542634, 33.7787445997197], [-84.3975750277104, 33.7788105178741], [-84.3974249055261, 33.7788085382397], [-84.3972470555994, 33.7788086064912], [-84.3972464178526, 33.7788603291327], [-84.3972460415619, 33.7789278265843], [-84.3974906875905, 33.778929596309], [-84.397574837726, 33.7789304505351], [-84.3975738495781, 33.7789983882356], [-84.3975906724938, 33.7789985596283], [-84.3975969246188, 33.7789995099911], [-84.3976034156437, 33.779003379455], [-84.3976068285161, 33.7790081301827], [-84.397607835608, 33.7790132442699], [-84.3976076703681, 33.779044612141], [-84.3976072065031, 33.7790552317613], [-84.3976781386027, 33.7790557247452], [-84.3976769234855, 33.7791726198524], [-84.3972970812725, 33.7791679862288], [-84.3972806753104, 33.7791678906574], [-84.3972570241168, 33.779167751818], [-84.3972570289307, 33.7791594746463], [-84.3972629200473, 33.7791594771631], [-84.3972631288755, 33.779128211098], [-84.3972145763513, 33.779128004269], [-84.3972146275633, 33.7791930637544], [-84.3972139956089, 33.7792159236091], [-84.3972136106248, 33.7792298079613], [-84.3972124137783, 33.7794033303601], [-84.3971347245934, 33.7794025413639], [-84.3971318836885, 33.7794025124067], [-84.3971316712996, 33.7794171466101], [-84.3971299413954, 33.7794231413162], [-84.3971263469509, 33.7794271919366], [-84.3971208115426, 33.7794301939542], [-84.3971145223277, 33.7794311280886], [-84.397078336043, 33.7794297142443], [-84.3970603118899, 33.7794305774158], [-84.397060258051, 33.7794342625667], [-84.3970489505767, 33.7794341475275], [-84.3970490244724, 33.7794290810088], [-84.3969213338203, 33.779427784715]]]}}, {"type": "Feature", "properties": {"name": "Pettit Building", "aka": [], "doors": [[-84.397377, 33.776951, true], [-84.39743, 33.776791, true]]}, "geometry": {"type": "Polygon", "coordinates": [[[-84.3970218371935, 33.7769095666153], [-84.3970217930693, 33.7766421772691], [-84.3970461763166, 33.7766421741309], [-84.3970461675265, 33.7765884726505], [-84.3970603966955, 33.7765883171506], [-84.397077517089, 33.7765884691245], [-84.3970774966341, 33.776468311397], [-84.3970774920519, 33.7764407893765], [-84.3970774864529, 33.7764060315995], [-84.3970774837894, 33.7763897117011], [-84.3970774692597, 33.7763036264913], [-84.3970913748797, 33.7763036248729], [-84.3971203824429, 33.7763036221024], [-84.3973285337757, 33.7763035974974], [-84.3973285325816, 33.77629509492], [-84.3973883054702, 33.7762950877779], [-84.397420436636, 33.7762950836054], [-84.397420437118, 33.7763009010641], [-84.397617108937, 33.7763008775999], [-84.3976171180823, 33.7763545790812], [-84.3976490041762, 33.7763545753078], [-84.3976490363174, 33.776542754549], [-84.3976490448569, 33.7765913950562], [-84.3976490465889, 33.7766045113857], [-84.3976490655244, 33.7767121388528], [-84.3976171803777, 33.7767121426247], [-84.3976171895246, 33.7767658441025], [-84.3974205166431, 33.7767658675713], [-84.3974205194694, 33.776781418359], [-84.3974205281334, 33.7768297504994], [-84.3974173118282, 33.7768294147872], [-84.3974173144717, 33.7768392599209], [-84.3975006450566, 33.7768392501491], [-84.3975006691266, 33.7769746232391], [-84.3973939642487, 33.7769732935801], [-84.3973394556086, 33.7769732999029], [-84.3973307912078, 33.7769726299406], [-84.3973307808038, 33.7769095305474], [-84.3971060640142, 33.7769095563385], [-84.3970326743462, 33.776909565321], [-84.3970218371935, 33.7769095666153]]]}}, {"type": "Feature", "properties": {"name": "Phi Delta Theta", "aka": [], "doors": []}, "geometry": {"type": "Polygon", "coordinates": [[[-84.3941636078667, 33.7747969001117], [-84.39414710322, 33.7747334154328], [-84.3941119803488, 33.7747397845216], [-84.394095193889, 33.7746758675612], [-84.3940905809722, 33.7746581198203], [-84.3940751370549, 33.7745980522415], [-84.3941064406766, 33.7745923772609], [-84.3940991400799, 33.7745642898145], [-84.3941053507234, 33.7745631621233], [-84.3940971873947, 33.7745317825302], [-84.394324248593, 33.7744926126659], [-84.3943374276409, 33.7745449887887], [-84.3943445513111, 33.774571468901], [-84.3942393291496, 33.7745907527597], [-84.3942543241925, 33.7746484326682], [-84.3942682379935, 33.7746459094316], [-84.3942763534482, 33.7746771222953], [-84.3942630116025, 33.774679540788], [-84.3942676981244, 33.7746944869525], [-84.3943254762543, 33.7746848877866], [-84.3943395923467, 33.7747367951228], [-84.3943455498422, 33.7747624127009], [-84.3941636078667, 33.7747969001117]]]}}, {"type": "Feature", "properties": {"name": "Phi Gamma Delta", "aka": [], "doors": []}, "geometry": {"type": "Polygon", "coordinates": [[[-84.3932679238053, 33.7777687058001], [-84.3932692871887, 33.7776529501119], [-84.3932070143421, 33.7776535828919], [-84.3932052574453, 33.7776457228096], [-84.3931717145801, 33.7776461432368], [-84.3931717076929, 33.7776414753969], [-84.3931393311242, 33.7776415564567], [-84.3931390066101, 33.7776359965642], [-84.3931071962986, 33.7776358484585], [-84.3931063828289, 33.77750847537], [-84.3933089641186, 33.7775098995817], [-84.3933376286524, 33.7775102743184], [-84.3934010691957, 33.7775111045119], [-84.3934019321742, 33.7775550593651], [-84.3934038748538, 33.7777162089646], [-84.3934018790557, 33.7777238225744], [-84.3934011709321, 33.7777697900951], [-84.3932679238053, 33.7777687058001]]]}}, {"type": "Feature", "properties": {"name": "Phi Kappa Psi", "aka": [], "doors": []}, "geometry": {"type": "Polygon", "coordinates": [[[-84.3941096354402, 33.7744881746112], [-84.3941083923165, 33.7744835288837], [-84.3940863310695, 33.7744876395982], [-84.3940773139394, 33.7744538911322], [-84.3940667112165, 33.7744558708616], [-84.3940380018158, 33.7743490310523], [-84.394033058709, 33.7743305283317], [-84.3940201469267, 33.7742815599283], [-84.3941138479181, 33.7742641007947], [-84.394122845403, 33.7742977717532], [-84.3941589280837, 33.7742910501492], [-84.3941526131301, 33.7742674105428], [-84.3942355743629, 33.7742556434087], [-84.3942498540466, 33.7743090345775], [-84.3942688133489, 33.7743045355324], [-84.3942812304854, 33.7743554343579], [-84.3942415124985, 33.7743629814016], [-84.3942140101751, 33.7743681048097], [-84.3942062009934, 33.7743694085708], [-84.3942035663887, 33.7743595448418], [-84.3941885283358, 33.7743623478528], [-84.3942068592792, 33.7744309541555], [-84.3941482372473, 33.774441876644], [-84.3941581878752, 33.7744791272055], [-84.3941408159688, 33.7744825124719], [-84.3941096354402, 33.7744881746112]]]}}, {"type": "Feature", "properties": {"name": "Phi Kappa Sigma", "aka": [], "doors": []}, "geometry": {"type": "Polygon", "coordinates": [[[-84.3917513105472, 33.7760477657733], [-84.3917936474225, 33.7760483188043], [-84.3917937256855, 33.7760547104746], [-84.391794405097, 33.7761043460957], [-84.3917946574839, 33.7761228186874], [-84.3918094866159, 33.7761229647522], [-84.3918414386162, 33.7761234213002], [-84.3918409948572, 33.776154785183], [-84.3917906919681, 33.7761542890778], [-84.3917905234, 33.7761777657057], [-84.391790348446, 33.7761901330876], [-84.3917896596332, 33.7762268856908], [-84.3916159240446, 33.7762251674642], [-84.3916170132613, 33.7761482527358], [-84.3915627639284, 33.7761477168452], [-84.3915631796216, 33.7761183826336], [-84.3916161451305, 33.7761189073394], [-84.3916167441229, 33.776076678264], [-84.3915747433856, 33.7760762634142], [-84.3915751700329, 33.7760461645812], [-84.3917513105472, 33.7760477657733]]]}}, {"type": "Feature", "properties": {"name": "Phi Kappa Tau", "aka": [], "doors": []}, "geometry": {"type": "Polygon", "coordinates": [[[-84.3930385326808, 33.7762150418862], [-84.3928733250416, 33.7761600654178], [-84.3928975199523, 33.7761094140308], [-84.3928649820108, 33.7760979956402], [-84.3929181220272, 33.7759924058148], [-84.3929507323445, 33.7760038502068], [-84.3929730321675, 33.7759564419154], [-84.3929779563454, 33.7759464452831], [-84.3930241572164, 33.7759625073404], [-84.3930536421322, 33.7759728547171], [-84.3931468729539, 33.7760057192955], [-84.3930464480461, 33.7762175033039], [-84.3930385326808, 33.7762150418862]]]}}, {"type": "Feature", "properties": {"name": "Phi Kappa Theta", "aka": [], "doors": [[-84.393955, 33.77655, false]]}, "geometry": {"type": "Polygon", "coordinates": [[[-84.3938305139918, 33.7766263891377], [-84.3938316675743, 33.7765676542936], [-84.3938373448267, 33.776567693434], [-84.393837631324, 33.776544110194], [-84.3939594791821, 33.7765452347101], [-84.3939595529274, 33.7765686603993], [-84.3939595550587, 33.7765694673741], [-84.3939669337409, 33.7765694294394], [-84.3939659770059, 33.776624169603], [-84.3939703049627, 33.7766243401587], [-84.3939692027117, 33.7767081976427], [-84.3940856338974, 33.7767093374202], [-84.3940852184395, 33.7767421132412], [-84.3940845355668, 33.7767958619836], [-84.3940845195343, 33.7767971495724], [-84.3938346090114, 33.7767951925226], [-84.3938349049676, 33.7767653752431], [-84.3938288205524, 33.7767652998843], [-84.3938296444545, 33.7767068343407], [-84.3938356700516, 33.7767067168541], [-84.3938360218702, 33.7766833372678], [-84.393836310638, 33.7766507970114], [-84.3938366091632, 33.7766264527551], [-84.3938305139918, 33.7766263891377]]]}}, {"type": "Feature", "properties": {"name": "Phi Mu", "aka": [], "doors": []}, "geometry": {"type": "Polygon", "coordinates": [[[-84.3948306743262, 33.7768096406214], [-84.3947536824418, 33.7768082943151], [-84.3947534070897, 33.7768192850617], [-84.3947187736696, 33.7768187512714], [-84.394701952705, 33.7768183387414], [-84.3946784968914, 33.7768179366644], [-84.394640437128, 33.7768172540984], [-84.3946409036599, 33.7768030233628], [-84.3946196511794, 33.7768024783501], [-84.3946203094178, 33.7767774653044], [-84.3946415083603, 33.7767777741831], [-84.394641791684, 33.7767653038108], [-84.3946423826918, 33.7767393694005], [-84.3946776554729, 33.7767167494077], [-84.3947035193633, 33.776700162614], [-84.3947558243309, 33.7767010469511], [-84.3948421689362, 33.7767025058021], [-84.3948426567501, 33.7766840976718], [-84.394834760384, 33.7766839508757], [-84.3948348163411, 33.7766818436112], [-84.3948367637991, 33.7766084058538], [-84.3948474355279, 33.7766083329251], [-84.3948475906279, 33.7766008597454], [-84.3948678791131, 33.7766010882183], [-84.3948683653836, 33.7765861721894], [-84.3948940299945, 33.7765864835869], [-84.3948948457185, 33.7765671434431], [-84.3949250361584, 33.7765677349929], [-84.3949530562548, 33.7765682836643], [-84.3949482073041, 33.7767697938524], [-84.3949463953975, 33.7768226583626], [-84.3949072159547, 33.7768219734417], [-84.3948810280151, 33.7768214078473], [-84.3948641892919, 33.7768212207853], [-84.3948303989816, 33.7768206304665], [-84.3948306743262, 33.7768096406214]]]}}, {"type": "Feature", "properties": {"name": "Phi Sigma Kappa", "aka": [], "doors": []}, "geometry": {"type": "Polygon", "coordinates": [[[-84.3919880890065, 33.7772432765778], [-84.3918854412139, 33.777242239433], [-84.3918844872031, 33.777276261358], [-84.3917502654249, 33.7772744088346], [-84.3917544946932, 33.7770315890281], [-84.3918912964329, 33.7770334766511], [-84.3918903424221, 33.7770675031391], [-84.3919916337586, 33.7770689382696], [-84.3919880890065, 33.7772432765778]]]}}, {"type": "Feature", "properties": {"name": "Pi Kappa Alpha", "aka": [], "doors": []}, "geometry": {"type": "Polygon", "coordinates": [[[-84.3952099106298, 33.7767998682726], [-84.395210161178, 33.7767929764816], [-84.3952002777399, 33.7767926873211], [-84.3951656740745, 33.7767923772107], [-84.3951658459318, 33.7767834992259], [-84.3951133275942, 33.7767827912798], [-84.3951142152621, 33.7767218307403], [-84.395115087952, 33.7766641765863], [-84.3951159548479, 33.7766023063171], [-84.3951258250608, 33.7766025026387], [-84.3951260494946, 33.7765943125169], [-84.3951613602218, 33.7765950018266], [-84.3951803760999, 33.7765953732622], [-84.3952275459717, 33.7765962939575], [-84.3952974731367, 33.7765976593685], [-84.3953218414474, 33.7765981344743], [-84.3954098450908, 33.7765998522352], [-84.3954095725259, 33.7766082038425], [-84.3954195734522, 33.7766084251446], [-84.3954195554433, 33.7766097740495], [-84.3954188544112, 33.7766275360926], [-84.3954188334965, 33.7766907545683], [-84.3954184016838, 33.7767078434796], [-84.3954171227278, 33.776789684304], [-84.3953641973161, 33.7767889709076], [-84.3953640473776, 33.7767967443283], [-84.3953291981911, 33.7767962751264], [-84.3953195570323, 33.7767961451189], [-84.3953194324371, 33.7768020800239], [-84.3953191764169, 33.7768142239488], [-84.3953190996963, 33.7768178586506], [-84.3953188756198, 33.7768286148737], [-84.3953074839194, 33.7768283672873], [-84.3952205971076, 33.7768264814817], [-84.3952089516605, 33.7768262289462], [-84.3952093430992, 33.7768154697084], [-84.3952094940684, 33.7768113317473], [-84.3952099106298, 33.7767998682726]]]}}, {"type": "Feature", "properties": {"name": "Pi Kappa Phi", "aka": [], "doors": [[-84.39427, 33.776564, false]]}, "geometry": {"type": "Polygon", "coordinates": [[[-84.3942701555103, 33.776778714793], [-84.3942705262087, 33.7767661928662], [-84.3942373725512, 33.7767654488315], [-84.3942206156382, 33.7767651632507], [-84.3942208098871, 33.7767585916518], [-84.3941836774097, 33.7767578251846], [-84.3941850664808, 33.7767233191013], [-84.3941570132026, 33.7767224890014], [-84.3941592977883, 33.7766493373578], [-84.3941948039765, 33.7766496244468], [-84.3941970620921, 33.7765730078013], [-84.3941992723944, 33.7765726457702], [-84.3941999660951, 33.7765524240398], [-84.3942130933001, 33.7765528380391], [-84.3942229314147, 33.7765531481004], [-84.3942273586208, 33.7765532878079], [-84.3942274219197, 33.7765515015182], [-84.394275235973, 33.7765526882788], [-84.3942745478844, 33.7765656354697], [-84.3942745720852, 33.7765743778444], [-84.3942897365564, 33.7765747303725], [-84.3943001056819, 33.7765749601027], [-84.3943030502811, 33.7765750403283], [-84.3943012139038, 33.7766355382638], [-84.3943430852115, 33.7766363058713], [-84.394342988529, 33.7766528171039], [-84.3944528603264, 33.7766567998239], [-84.3944518517149, 33.7766767300013], [-84.394478226743, 33.7766770176326], [-84.394476671721, 33.7767291414067], [-84.3944489450536, 33.7767285154453], [-84.3944479163178, 33.7767632796404], [-84.3944107827571, 33.7767625132437], [-84.3944105885227, 33.7767690848428], [-84.3943920584467, 33.7767686997692], [-84.3943606779468, 33.7767680543824], [-84.3943602903831, 33.7767811344632], [-84.3943599167353, 33.7767937609874], [-84.3942697649726, 33.7767919003724], [-84.3942701555103, 33.776778714793]]]}}, {"type": "Feature", "properties": {"name": "Police Department", "aka": ["Center for Assistive Technology and Environmental Access"], "doors": [[-84.403557, 33.781265, true]]}, "geometry": {"type": "Polygon", "coordinates": [[[-84.4029716478883, 33.7812555458774], [-84.4029713912801, 33.7811621064441], [-84.4029713158073, 33.7811346242576], [-84.4033366314842, 33.7811339241666], [-84.403336628729, 33.7811329224373], [-84.4033629577859, 33.7811328719385], [-84.4033629605415, 33.7811338736678], [-84.4033827073344, 33.78113383579], [-84.4033827045786, 33.7811328340607], [-84.4034090336355, 33.7811327835521], [-84.4034090363916, 33.7811337852814], [-84.4035768841297, 33.7811334631569], [-84.4035769297006, 33.7811500146817], [-84.4036174749873, 33.781149936835], [-84.4037357574749, 33.7812764385442], [-84.4036683679786, 33.7812765679891], [-84.4036684729271, 33.7813146706673], [-84.4035806746674, 33.7813148392592], [-84.4035806771897, 33.781315755332], [-84.4033371328961, 33.7813162226634], [-84.4033371303765, 33.7813153065906], [-84.4032647253159, 33.7813154454342], [-84.4032647280728, 33.7813164480651], [-84.4031857407325, 33.7813165994825], [-84.4031857379766, 33.7813155968516], [-84.4031659900619, 33.7813156347001], [-84.4031659928176, 33.781316637331], [-84.403139663704, 33.781316687788], [-84.4031396609486, 33.7813156851571], [-84.4029718139295, 33.7813160066864], [-84.4029716478883, 33.7812555458774]]]}}, {"type": "Feature", "properties": {"name": "Presbyterian Center", "aka": [], "doors": []}, "geometry": {"type": "Polygon", "coordinates": [[[-84.3921826373746, 33.7744666936435], [-84.392182887151, 33.7744557083544], [-84.3921849336647, 33.7743726633186], [-84.3923202358317, 33.7743746710352], [-84.392369812176, 33.7743755956391], [-84.392368799883, 33.774420235602], [-84.3924600867476, 33.7744215437241], [-84.3924845323042, 33.7744220715463], [-84.3924846019898, 33.7744268213242], [-84.3924832354411, 33.7744870316714], [-84.3924830874389, 33.7745075751929], [-84.3923241674912, 33.7745054088718], [-84.3923241963348, 33.7745510017798], [-84.3921809424189, 33.7745487552344], [-84.3921826373746, 33.7744666936435]]]}}, {"type": "Feature", "properties": {"name": "President's Cottage", "aka": [], "doors": []}, "geometry": {"type": "Polygon", "coordinates": [[[-84.3967146132133, 33.7810502378151], [-84.3967174407043, 33.7809474920654], [-84.3968404837203, 33.7809498521659], [-84.3968376574584, 33.7810525988174], [-84.3968262134411, 33.7810523794214], [-84.3968075615699, 33.7810520210879], [-84.3967146132133, 33.7810502378151]]]}}, {"type": "Feature", "properties": {"name": "President's House", "aka": [], "doors": [[-84.395752, 33.78104, true]]}, "geometry": {"type": "Polygon", "coordinates": [[[-84.3956847175687, 33.7810271605875], [-84.3956627772163, 33.780958013979], [-84.3956550937683, 33.7809597143252], [-84.3956496655788, 33.7809426056425], [-84.3956573479481, 33.7809409062004], [-84.3956513088881, 33.7809218736254], [-84.3956492726425, 33.7809154576452], [-84.3956458807018, 33.7809047649425], [-84.395643844457, 33.7808983489622], [-84.3956436408326, 33.7808977073642], [-84.3956390260696, 33.7808831659767], [-84.3956464537579, 33.7808815229102], [-84.3956721425682, 33.780875839017], [-84.3956797731311, 33.7808741504894], [-84.3957088881918, 33.7808677091543], [-84.395716439976, 33.780866037902], [-84.3957420597129, 33.7808603694506], [-84.3957496611362, 33.7808586872843], [-84.3957544109476, 33.7808736567014], [-84.3957565147144, 33.780880286246], [-84.3957695765627, 33.7808773965482], [-84.3957812474803, 33.7809141784907], [-84.3958790254054, 33.7808932309772], [-84.3959573910676, 33.7808758918006], [-84.3959813461184, 33.7809513822397], [-84.3957923441492, 33.7809932002634], [-84.3957987229827, 33.7810133024606], [-84.3958015312888, 33.7810221550702], [-84.3958076803604, 33.7810415309624], [-84.3956970450783, 33.7810660106086], [-84.3956908687956, 33.7810465445964], [-84.3956847175687, 33.7810271605875]]]}}, {"type": "Feature", "properties": {"name": "Printing and Copying Services", "aka": [], "doors": [[-84.405647, 33.774597, true]]}, "geometry": {"type": "Polygon", "coordinates": [[[-84.4054518699485, 33.7750071222957], [-84.405414140099, 33.7749810969711], [-84.4053978297995, 33.7749976873642], [-84.4051158245213, 33.7748022801039], [-84.4055195795285, 33.7743954051181], [-84.405560127388, 33.7744234644959], [-84.4056002523016, 33.7744512307406], [-84.4056716317029, 33.7745006256912], [-84.4056180975689, 33.7745547338122], [-84.405608494086, 33.7745641999175], [-84.4056144935222, 33.7745683313935], [-84.4056615078699, 33.7746007052455], [-84.4058364773629, 33.7747219648993], [-84.4058302401711, 33.7747282515839], [-84.4057457150226, 33.7748136539441], [-84.4057338879947, 33.7748054700174], [-84.4055749912631, 33.7749656045756], [-84.405586818298, 33.7749737885173], [-84.4054957979672, 33.7750653002498], [-84.4054637195354, 33.7750432826673], [-84.4054717688409, 33.775035170256], [-84.4054438926147, 33.7750158801493], [-84.4054518699485, 33.7750071222957]]]}}, {"type": "Feature", "properties": {"name": "Psi Upsilon", "aka": [], "doors": []}, "geometry": {"type": "Polygon", "coordinates": [[[-84.3916020086587, 33.7775602917521], [-84.3916033449985, 33.7774998407572], [-84.3916473468368, 33.7775005422794], [-84.3916636265783, 33.7775008020297], [-84.3918796039052, 33.7775042446024], [-84.3918788391634, 33.7775441531191], [-84.3919074477711, 33.7775446094387], [-84.3919063294553, 33.7776028852533], [-84.3919030383092, 33.7776028353577], [-84.3919030753825, 33.7776009111645], [-84.3916012119935, 33.7775962979751], [-84.3916020086587, 33.7775602917521]]]}}, {"type": "Feature", "properties": {"name": "Reck Garage", "aka": [], "doors": []}, "geometry": {"type": "Polygon", "coordinates": [[[-84.3980496420641, 33.7734911198605], [-84.3978757778399, 33.7734914454254], [-84.3978755072395, 33.7733915936036], [-84.3980493714637, 33.7733912680383], [-84.3980496420641, 33.7734911198605]]]}}, {"type": "Feature", "properties": {"name": "Rice Center for Sports Performance", "aka": [], "doors": []}, "geometry": {"type": "Polygon", "coordinates": [[[-84.3924677003101, 33.7738176470876], [-84.3924303435956, 33.7737901762544], [-84.3923871858253, 33.7737903074916], [-84.3923874448961, 33.7735893782376], [-84.3923677883521, 33.7735894141869], [-84.3923668204778, 33.7735204701855], [-84.3923746820156, 33.773519799405], [-84.3923761808585, 33.7732053380794], [-84.3924380164566, 33.773205525226], [-84.3924531133853, 33.7732182244353], [-84.3924530330463, 33.7732365768213], [-84.3926037309178, 33.7732370322714], [-84.3926044597665, 33.7735730958203], [-84.3926054750649, 33.7736201367863], [-84.3926055143039, 33.7736836184695], [-84.3926055418301, 33.7737220730018], [-84.3926057491962, 33.7738183429732], [-84.3924677003101, 33.7738176470876]]]}}, {"type": "Feature", "properties": {"name": "Rich Chiller Plant", "aka": [], "doors": []}, "geometry": {"type": "Polygon", "coordinates": [[[-84.3952239008852, 33.7749887412983], [-84.3949844297841, 33.7749875985538], [-84.3949460221336, 33.774987748047], [-84.3949112992352, 33.7749869881596], [-84.394912316843, 33.7748601643609], [-84.3951690479778, 33.7748634852399], [-84.395168800916, 33.7748859233171], [-84.395225060589, 33.7748863258667], [-84.3952247720385, 33.7748959812948], [-84.3952242079392, 33.7749262868761], [-84.3952240005143, 33.7749425034783], [-84.3952239008852, 33.7749887412983]]]}}, {"type": "Feature", "properties": {"name": "Rich Computer Center", "aka": [], "doors": []}, "geometry": {"type": "Polygon", "coordinates": [[[-84.3946377140286, 33.7755214487493], [-84.3946342188983, 33.7755112088287], [-84.3946326857923, 33.775500637984], [-84.394632581923, 33.7754557169559], [-84.3946111169457, 33.775455531191], [-84.3946121506273, 33.7753721138187], [-84.3946407698463, 33.7753723603034], [-84.39464239672, 33.7752410208152], [-84.3946436590134, 33.7751297906487], [-84.3946783365702, 33.7751301242135], [-84.3946786763057, 33.7751055319192], [-84.3946439987587, 33.7751051983544], [-84.3946440621615, 33.7751006016135], [-84.3946628404022, 33.7751002441319], [-84.3949058766112, 33.7751016559104], [-84.3949061675056, 33.7750757707363], [-84.3949836723442, 33.7750765164036], [-84.3949834524242, 33.7751022851333], [-84.3952311159981, 33.7751044234588], [-84.3952322317854, 33.7750143400099], [-84.3952558971271, 33.7750145450344], [-84.3952564608056, 33.7749690439068], [-84.3953789173764, 33.7749701009803], [-84.3953782221719, 33.7750262157021], [-84.3953771698945, 33.7751141377734], [-84.3953765270386, 33.7751631365565], [-84.3953666205755, 33.7751630512249], [-84.3953556127939, 33.7751629562118], [-84.3953551550584, 33.7751999545605], [-84.3953661628447, 33.7752000495736], [-84.3953760693121, 33.7752001349052], [-84.3953757960965, 33.775210679334], [-84.3953757417087, 33.7752349059313], [-84.3953755065962, 33.7752370360698], [-84.3953750992586, 33.7752442401252], [-84.3953744775424, 33.7752479687081], [-84.3953726237629, 33.7752549004399], [-84.3953699121687, 33.7752616317914], [-84.3953663727971, 33.7752680896728], [-84.3953643037039, 33.7752711942894], [-84.3953596000506, 33.7752771088285], [-84.3953552208625, 33.775281607172], [-84.3953515675373, 33.7752845948043], [-84.3953475613377, 33.7752872467741], [-84.3953432432226, 33.7752895368574], [-84.3953386649383, 33.775291435204], [-84.3953314127018, 33.7752935089171], [-84.3953254271897, 33.7752944523157], [-84.3953187965646, 33.7752947891956], [-84.3952852106316, 33.7752944988714], [-84.3952573558808, 33.7752942583332], [-84.3952306889698, 33.7752944880547], [-84.3952305130281, 33.7753087362906], [-84.3952426210689, 33.7753088409984], [-84.3952424274203, 33.7753156082578], [-84.3952414506742, 33.775322663693], [-84.3952395968799, 33.7753295945212], [-84.3952368852754, 33.7753363267713], [-84.3952343304359, 33.7753411048505], [-84.395231276791, 33.7753458892633], [-84.3952276192917, 33.7753505602846], [-84.3952219099752, 33.7753563062685], [-84.3952165813281, 33.7753606575928], [-84.3952102173403, 33.775364230905], [-84.3952032647427, 33.7753669261957], [-84.3951958939622, 33.7753686809355], [-84.3951867994883, 33.7753694380325], [-84.3950976682416, 33.7753687230305], [-84.395097485938, 33.7753834302189], [-84.3951095939892, 33.7753835349397], [-84.3951091022982, 33.7753955774166], [-84.3951076046949, 33.7754008440349], [-84.3951053187702, 33.7754076854957], [-84.3951021889656, 33.775414288679], [-84.3950982496467, 33.7754205840938], [-84.3950951044526, 33.7754246437442], [-84.3950903474446, 33.7754295854889], [-84.3950855134119, 33.7754339827779], [-84.3950835519913, 33.7754353533131], [-84.3950771901447, 33.7754389239095], [-84.3950726107692, 33.7754408231498], [-84.3950678186842, 33.7754423125318], [-84.3950603466188, 33.7754437419544], [-84.3950508608261, 33.7754443266483], [-84.3948985972791, 33.7754428465023], [-84.3948984149414, 33.7754575536904], [-84.3949105230029, 33.7754576584307], [-84.3949099510995, 33.7754679644727], [-84.3949074976515, 33.7754784128488], [-84.394904786014, 33.77548514419], [-84.3949012466007, 33.7754916029596], [-84.3948969180871, 33.7754977160524], [-84.3948934638814, 33.775501698727], [-84.3948900945617, 33.7755051195151], [-84.3948844808651, 33.7755094776637], [-84.3948781190046, 33.7755130482498], [-84.3948711663869, 33.7755157444236], [-84.394861275453, 33.7755178662676], [-84.394853671177, 33.7755183013997], [-84.394809048179, 33.7755179159414], [-84.3948085696385, 33.7755565228727], [-84.3946989156568, 33.7755555759263], [-84.3946854793663, 33.7755554032904], [-84.3946729590686, 33.7755533454091], [-84.3946659051745, 33.7755508284048], [-84.3946615028528, 33.7755486509327], [-84.3946536325101, 33.7755432077709], [-84.3946501958028, 33.7755399429252], [-84.3946430830598, 33.7755311054456], [-84.3946377140286, 33.7755214487493]]]}}, {"type": "Feature", "properties": {"name": "Rose Bowl Field", "aka": [], "doors": []}, "geometry": {"type": "Polygon", "coordinates": [[[-84.3944525539884, 33.7783677536251], [-84.3944137297934, 33.7792775441907], [-84.3938863442448, 33.7792616717075], [-84.3939238004749, 33.7783518405325], [-84.3944525539884, 33.7783677536251]]]}}, {"type": "Feature", "properties": {"name": "Russ Chandler Baseball Stadium", "aka": ["Baseball Stadium - Russ Chandler Stadium"], "doors": [[-84.39534, 33.777683, true], [-84.394302, 33.777081, true], [-84.39534, 33.777683, true], [-84.394302, 33.777081, true]]}, "geometry": {"type": "MultiPolygon", "coordinates": [[[[-84.3944495014158, 33.7771479909289], [-84.3944490516688, 33.7771163600009], [-84.394447933279, 33.7771164369023], [-84.3944477483466, 33.7771040855118], [-84.394460895773, 33.7771039485378], [-84.3944608407451, 33.7771051866077], [-84.3945266614995, 33.7771050921447], [-84.3945266339816, 33.7771032627434], [-84.3945397814077, 33.777103125761], [-84.3945398089259, 33.7771049551623], [-84.3946055471343, 33.7771042693258], [-84.3946055196148, 33.7771024399246], [-84.3946186670406, 33.7771023029338], [-84.3946186945604, 33.777104132335], [-84.3946844316877, 33.7771034464585], [-84.3946844041664, 33.7771016170573], [-84.3946975515919, 33.7771014800582], [-84.3946975791134, 33.7771033094594], [-84.3947633173213, 33.7771026244405], [-84.394763289796, 33.7771007941377], [-84.3947764372212, 33.7771006571301], [-84.3947764647443, 33.7771024865313], [-84.3948422029507, 33.7771018014704], [-84.3948421754237, 33.7770999711676], [-84.3948553228486, 33.7770998341516], [-84.3948553503759, 33.7771016644544], [-84.3949210874986, 33.7771009784519], [-84.3949210599699, 33.7770991481491], [-84.3949342084743, 33.7770990111227], [-84.3949342349235, 33.7771008414275], [-84.3949599823681, 33.7771005728954], [-84.3949610380721, 33.7771753647845], [-84.3948824287514, 33.7771761746966], [-84.3948709235575, 33.7771763050721], [-84.3947827276555, 33.7771772246161], [-84.3947706739498, 33.7771773505863], [-84.3947701287038, 33.7771773561023], [-84.3946964406534, 33.7771781252418], [-84.3946969025356, 33.7772090041681], [-84.394627066807, 33.7772097327869], [-84.3946155637389, 33.7772098523149], [-84.3944676531255, 33.7772113949586], [-84.3944514922556, 33.7772115636434], [-84.3944505962241, 33.77714797899], [-84.3944495014158, 33.7771479909289]]], [[[-84.3949447871671, 33.7772201483458], [-84.3949436264832, 33.7772201559027], [-84.3949440934714, 33.7772423428925], [-84.3947108933788, 33.7772447757056], [-84.3947100115245, 33.7772065797474], [-84.3949445471071, 33.7772041372527], [-84.3949447871671, 33.7772201483458]]], [[[-84.3951804823241, 33.777513701191], [-84.3951843873739, 33.7775034124222], [-84.3951742749865, 33.7774998831465], [-84.3952066302296, 33.7774303996339], [-84.3950262369679, 33.7772131162469], [-84.3949846246722, 33.7772136314435], [-84.3949829906307, 33.7771003328687], [-84.395096609984, 33.7770991470242], [-84.3951213456303, 33.7771289405094], [-84.3951701230833, 33.7771008313651], [-84.3951789901228, 33.7770956782348], [-84.3954585692521, 33.7774315386532], [-84.3953794470971, 33.7776014573704], [-84.3953747261275, 33.7775996844554], [-84.395259197567, 33.7775624087183], [-84.3951779677938, 33.7777325268663], [-84.3953575975475, 33.7777935867001], [-84.3953383195798, 33.7778348693936], [-84.3951832905529, 33.7781731804608], [-84.3949972613734, 33.7781112161407], [-84.3950915505181, 33.7779139802091], [-84.394964312703, 33.7778725097471], [-84.3950528394937, 33.7776823218915], [-84.3951365292397, 33.7774996527821], [-84.3951804823241, 33.777513701191]]], [[[-84.3939951587157, 33.7782003731403], [-84.3939210287923, 33.7782565761932], [-84.3937871528964, 33.7781337264261], [-84.3938596990349, 33.7780771918554], [-84.3939951587157, 33.7782003731403]]]]}}, {"type": "Feature", "properties": {"name": "Savant Building", "aka": [], "doors": [[-84.395424, 33.772045, true]]}, "geometry": {"type": "Polygon", "coordinates": [[[-84.3951314777185, 33.7722211582065], [-84.3951331806789, 33.7721012875293], [-84.3951335599919, 33.7720745735597], [-84.3951351320152, 33.7719639477683], [-84.3952030236656, 33.7719645632289], [-84.395273730052, 33.771965203193], [-84.3953136854838, 33.7719657991052], [-84.3954103680068, 33.771966674885], [-84.395410545665, 33.7719989943005], [-84.3954086654339, 33.772086545567], [-84.3954084171096, 33.7721040146484], [-84.3954067145325, 33.7722238853278], [-84.3951314777185, 33.7722211582065]]]}}, {"type": "Feature", "properties": {"name": "Sigma Alpha Epsilon", "aka": [], "doors": []}, "geometry": {"type": "Polygon", "coordinates": [[[-84.3944847628541, 33.7760058652665], [-84.3945233504014, 33.7759935604098], [-84.3945534988947, 33.775984096001], [-84.3945660932161, 33.776011638958], [-84.3946268338598, 33.7759922647783], [-84.3946638021551, 33.7760844237881], [-84.3946147796845, 33.7760981401141], [-84.3946518240391, 33.7761904675943], [-84.3945291322771, 33.7762247973821], [-84.3944933009768, 33.7761354845542], [-84.3944437562586, 33.776149347844], [-84.3944029950251, 33.7760477572726], [-84.394453575449, 33.7760336053619], [-84.3944465327781, 33.7760182073208], [-84.3944847628541, 33.7760058652665]]]}}, {"type": "Feature", "properties": {"name": "Sigma Chi", "aka": [], "doors": []}, "geometry": {"type": "Polygon", "coordinates": [[[-84.3921958296218, 33.7757738897302], [-84.3922064379419, 33.7757628431354], [-84.3921812094301, 33.7757463258857], [-84.3922215085557, 33.7757035454761], [-84.3922314677636, 33.7756932475353], [-84.3921773654449, 33.7756580566376], [-84.3921676225956, 33.7756495592356], [-84.3921602057902, 33.7756399620752], [-84.3921552071357, 33.7756298041765], [-84.392152891876, 33.7756185350474], [-84.3921529296028, 33.7756077962989], [-84.3921558743336, 33.775596401246], [-84.3921616670164, 33.7755857132947], [-84.392169037088, 33.7755766517466], [-84.3921785525975, 33.7755688521977], [-84.3921902868319, 33.775562676076], [-84.3922028922118, 33.7755584937178], [-84.3922160196434, 33.7755565834699], [-84.3922295928375, 33.775556674074], [-84.392242472113, 33.7755589506487], [-84.3922551624038, 33.7755636845702], [-84.3923087540158, 33.7755988835814], [-84.3923196105828, 33.7755874064346], [-84.3924056616726, 33.7756441162775], [-84.3923936078489, 33.7756568786728], [-84.3924445001635, 33.7756903748319], [-84.392436822671, 33.7756987183417], [-84.3922955350442, 33.7758479919121], [-84.3921907987717, 33.7757794684301], [-84.3921958296218, 33.7757738897302]]]}}, {"type": "Feature", "properties": {"name": "Sigma Nu", "aka": [], "doors": []}, "geometry": {"type": "Polygon", "coordinates": [[[-84.3942960530456, 33.7749161681181], [-84.3943030405485, 33.7749348374676], [-84.3943349913164, 33.7749276437544], [-84.3943670105392, 33.775023050736], [-84.3944494467916, 33.7750039909604], [-84.3945113982382, 33.7751906042992], [-84.3945075934885, 33.7751914615817], [-84.3944575879197, 33.7752027397898], [-84.3944585790429, 33.7752055799686], [-84.3943569122621, 33.775229201526], [-84.3943560106907, 33.7752267443833], [-84.3943074935728, 33.7752382740505], [-84.3943094876011, 33.7752455548218], [-84.3942675130483, 33.7752561166533], [-84.3942630648062, 33.7752422808865], [-84.3942456953885, 33.7751935822144], [-84.3942282726946, 33.7751447357666], [-84.3941918916548, 33.7751522703296], [-84.3941580676261, 33.7750500339094], [-84.3941958873116, 33.7750414742302], [-84.3941695220639, 33.77494625785], [-84.3942960530456, 33.7749161681181]]]}}, {"type": "Feature", "properties": {"name": "Sigma Phi Epsilon", "aka": [], "doors": []}, "geometry": {"type": "Polygon", "coordinates": [[[-84.3932207375665, 33.7767754035603], [-84.3932218049767, 33.776681315099], [-84.3932476010427, 33.7766815147926], [-84.3932489925051, 33.7765678048815], [-84.3932685671102, 33.7765679664025], [-84.3934090779544, 33.7765691130946], [-84.3934177676915, 33.7765691809822], [-84.393416841069, 33.7766596607758], [-84.3934165769199, 33.7766811151728], [-84.3934283979396, 33.776681216979], [-84.393446216927, 33.7766813699762], [-84.3934461094638, 33.7766901675938], [-84.3934456522418, 33.7767272642073], [-84.3934455214625, 33.7767378669754], [-84.3934448933801, 33.7767773217229], [-84.393382089026, 33.7767767852221], [-84.3932351910126, 33.7767755276019], [-84.3932207375665, 33.7767754035603]]]}}, {"type": "Feature", "properties": {"name": "Sixth Street Apartments", "aka": ["Zbar Residence Hall"], "doors": [[-84.404816, 33.777527, true], [-84.404808, 33.777683, true], [-84.405171, 33.777382, false]]}, "geometry": {"type": "Polygon", "coordinates": [[[-84.4047761557578, 33.7777005811051], [-84.4047762154495, 33.7776987407187], [-84.4047489548675, 33.7776981224848], [-84.4047483487751, 33.7776870630921], [-84.404691486617, 33.7776857734154], [-84.4046562398543, 33.7776849740041], [-84.4045345282827, 33.7776822142769], [-84.4045342894852, 33.7776895722154], [-84.4044929839771, 33.7776886356629], [-84.4044577372148, 33.7776878361949], [-84.4044483753686, 33.7776876243125], [-84.404448614171, 33.7776802654724], [-84.4044398030224, 33.7776800660529], [-84.4044400647534, 33.7776720174051], [-84.40444102213, 33.777642583844], [-84.404442135682, 33.7776083216366], [-84.404450947903, 33.7776085210538], [-84.4044542539275, 33.7775068832013], [-84.4044552112977, 33.7774774496392], [-84.4044577091971, 33.7774006466353], [-84.4044488969974, 33.7774004472185], [-84.4044512307231, 33.7773287027967], [-84.4044600418357, 33.7773289022155], [-84.4044602817185, 33.7773215442745], [-84.4045461954698, 33.7773234921709], [-84.4045459555968, 33.7773308510136], [-84.40461755022, 33.7773324748164], [-84.4046152177127, 33.7774042192386], [-84.4046064055099, 33.7774040189314], [-84.4046060014732, 33.7774164363571], [-84.4046056272853, 33.7774279340405], [-84.4046042073117, 33.777471624512], [-84.4046039077431, 33.7774808219377], [-84.4046029504238, 33.7775102555007], [-84.4046016478112, 33.7775503129903], [-84.4046123091292, 33.7775597137938], [-84.4046602779998, 33.7775608015569], [-84.4046955247116, 33.7775616009673], [-84.404754453517, 33.7775629371477], [-84.4047549321511, 33.7775482203659], [-84.4047813666429, 33.7775488203563], [-84.4047818681974, 33.7775334137665], [-84.4048262013825, 33.7775344192166], [-84.4048257606087, 33.7775479863196], [-84.4048257009156, 33.7775498258044], [-84.4048518600591, 33.7775504190978], [-84.4048513814416, 33.7775651358799], [-84.4049160237615, 33.7775667125165], [-84.4049513429913, 33.7775675739278], [-84.4049989957158, 33.7775687361051], [-84.4050105634217, 33.7775595863437], [-84.405011865844, 33.7775195288506], [-84.4050128230236, 33.7774900952851], [-84.4050153204256, 33.7774132922722], [-84.4050065093033, 33.7774130928931], [-84.4050076306263, 33.777378599842], [-84.405008433396, 33.7773491629675], [-84.4050084725894, 33.777347720249], [-84.4050088425642, 33.7773413484629], [-84.4050176536792, 33.7773415478419], [-84.4050178935144, 33.7773341899001], [-84.4050272553232, 33.7773344017396], [-84.4050625019451, 33.7773352010456], [-84.405103807291, 33.7773361383098], [-84.4051035674632, 33.7773434962517], [-84.4051751621054, 33.7773451197309], [-84.4051741154544, 33.7773773125256], [-84.4051728289831, 33.7774168641636], [-84.4051640178576, 33.7774166638941], [-84.4051632994736, 33.7774387395211], [-84.405163180102, 33.777442418491], [-84.4051572582713, 33.777624539245], [-84.4051660704952, 33.7776247386112], [-84.4051647312522, 33.7776658997979], [-84.4051639990225, 33.7776884343914], [-84.4051637373592, 33.7776964830405], [-84.4051549251278, 33.7776962836742], [-84.4051547676753, 33.7777033646495], [-84.4050687722388, 33.7777016932411], [-84.4050690120704, 33.7776943352997], [-84.4048473435717, 33.7776893083321], [-84.4048469843382, 33.7777003461444], [-84.4048205497995, 33.7776997461683], [-84.4048204901087, 33.7777015865547], [-84.4048202651791, 33.7777084846246], [-84.4048200562526, 33.7777149228212], [-84.4048123454141, 33.7777147483545], [-84.404783708083, 33.7777140985222], [-84.4047757218949, 33.7777139173714], [-84.4047759319045, 33.7777074791727], [-84.4047761557578, 33.7777005811051]]]}}, {"type": "Feature", "properties": {"name": "Skiles", "aka": [], "doors": [[-84.396095, 33.773434, true], [-84.396011, 33.77343, true], [-84.396004, 33.773773, true], [-84.396065, 33.773773, true], [-84.396698, 33.77343, true], [-84.396095, 33.773434, true], [-84.396011, 33.77343, true], [-84.396004, 33.773773, true], [-84.396065, 33.773773, true], [-84.396698, 33.77343, true], [-84.396046, 33.773354, false], [-84.396041, 33.773854, false], [-84.396522, 33.773857, false], [-84.396263, 33.773855, false]]}, "geometry": {"type": "Polygon", "coordinates": [[[-84.3960791635971, 33.7738612222457], [-84.396030635441, 33.7738597255355], [-84.3960099162905, 33.7738601138811], [-84.3960089996207, 33.773860106568], [-84.3958011314187, 33.7738584152683], [-84.3958037640148, 33.7735511244883], [-84.3958031360697, 33.7734494886709], [-84.3958045368002, 33.773354733203], [-84.3960003868302, 33.7733559590389], [-84.3960150761519, 33.773356082318], [-84.3960150255807, 33.7733601993577], [-84.3960854101656, 33.7733607907628], [-84.3960854596538, 33.773356673725], [-84.3967142641792, 33.7733619581615], [-84.3967134317705, 33.7734310434312], [-84.3967131754759, 33.7734522994664], [-84.3967081918942, 33.7738660392321], [-84.3966241129736, 33.7738653330427], [-84.3965468815516, 33.773864683469], [-84.3963199023754, 33.7738627761762], [-84.3962499730149, 33.7738621885674], [-84.3960816114389, 33.7738612979425], [-84.3960814764673, 33.7738612936852], [-84.3960791635971, 33.7738612222457]], [[-84.3965453073683, 33.7736771084148], [-84.3965310660684, 33.7736769888727], [-84.3965309997526, 33.7736824782568], [-84.3964975872186, 33.7736821969546], [-84.3964979540599, 33.7736517781216], [-84.396531366582, 33.7736520594238], [-84.3965313002662, 33.7736575488079], [-84.3965455415629, 33.7736576683499], [-84.3965474814215, 33.7734966548383], [-84.3964349214, 33.7734957085294], [-84.3963065534507, 33.773494624727], [-84.3961678981297, 33.7734934643466], [-84.3960876741117, 33.7734927902951], [-84.3960845846454, 33.7737247019762], [-84.396544686873, 33.7737285686836], [-84.3965453073683, 33.7736771084148]]]}}, {"type": "Feature", "properties": {"name": "Smith Residence Hall", "aka": [], "doors": [[-84.391525, 33.771854, true], [-84.391541, 33.771622, true], [-84.391144, 33.771626, true], [-84.391029, 33.771675, true], [-84.390968, 33.771847, true], [-84.390846, 33.771835, true], [-84.391381, 33.771747, false], [-84.391119, 33.771889, false], [-84.391013, 33.771572, false], [-84.391015, 33.771723, false]]}, "geometry": {"type": "Polygon", "coordinates": [[[-84.3914947272414, 33.7718971204419], [-84.3914959560014, 33.7717537292408], [-84.3912740972408, 33.7717524029257], [-84.3912738605296, 33.7717800227893], [-84.391236654987, 33.7717798001612], [-84.3912360790286, 33.7718147835397], [-84.3911944630041, 33.7718145346613], [-84.3911939195274, 33.7718458347281], [-84.3911608469495, 33.7718456370178], [-84.3911605481227, 33.771880501775], [-84.3911604232257, 33.7718951223044], [-84.3911177048134, 33.7718948663888], [-84.3910818768864, 33.7718946520286], [-84.3910820266993, 33.7718771596895], [-84.3909743140498, 33.7718765151593], [-84.390953624247, 33.7718763913646], [-84.3908342608331, 33.7718756777192], [-84.3908344053645, 33.7718627711966], [-84.3908343177577, 33.7718370084264], [-84.3908390024643, 33.7718370368852], [-84.3908391607255, 33.771818623943], [-84.3908344749402, 33.7718185954863], [-84.3908345446527, 33.7718105399923], [-84.3908552139262, 33.7718106638443], [-84.3908555833521, 33.77176762277], [-84.3909448920717, 33.7717682783081], [-84.3910190129766, 33.7717688225367], [-84.3910197574474, 33.7716820596283], [-84.3910001894713, 33.7716819428186], [-84.3910001111604, 33.7716672225747], [-84.3909992139243, 33.7716672061725], [-84.3909923732401, 33.771661410158], [-84.3909925801738, 33.7716372436792], [-84.3909995193409, 33.7716315308164], [-84.3910002578541, 33.7716315420971], [-84.3910004731656, 33.7716168050897], [-84.3910192130194, 33.7716169170933], [-84.3910195393017, 33.7715788946962], [-84.3910195715965, 33.7715751302364], [-84.3910196992016, 33.7715602969114], [-84.391013911088, 33.7715602623503], [-84.3910139578556, 33.7715566655716], [-84.3910144973187, 33.7714919042674], [-84.3911167452792, 33.7714925163242], [-84.3911162714622, 33.7715190735711], [-84.3911162120236, 33.7715546601187], [-84.3911161648863, 33.7715601837306], [-84.3911103778523, 33.7715601491721], [-84.3911101366321, 33.7715781925883], [-84.3911096064585, 33.7716179185788], [-84.3911236642573, 33.7716177721917], [-84.391145712225, 33.7716179043077], [-84.3911627991031, 33.7716180066728], [-84.3911625822643, 33.7716433245807], [-84.391496885302, 33.7716453227165], [-84.391497100486, 33.7716202356344], [-84.3915410485065, 33.7716204981951], [-84.3915756465733, 33.7716207047453], [-84.3915754314145, 33.771645792729], [-84.3916898064289, 33.7716464759824], [-84.3916892437446, 33.7717120722597], [-84.3916261314905, 33.7717116950104], [-84.3916246878029, 33.7718801741957], [-84.3915725989021, 33.7718798624832], [-84.3915724465531, 33.7718975856504], [-84.3914947272414, 33.7718971204419]]]}}, {"type": "Feature", "properties": {"name": "Smithgall Student Services Building", "aka": [], "doors": [[-84.399513, 33.774567, true], [-84.399483, 33.774193, true], [-84.399239, 33.774345, true]]}, "geometry": {"type": "Polygon", "coordinates": [[[-84.399465206606, 33.7745662934095], [-84.399465913736, 33.7745271495446], [-84.3993865051784, 33.7745261488018], [-84.3993877035555, 33.7744598345205], [-84.3993639905992, 33.7744595357042], [-84.3993638413394, 33.7744678248757], [-84.3992783680134, 33.7744667480379], [-84.3992796394866, 33.7743962887232], [-84.3992308380392, 33.7743956738001], [-84.3992313584162, 33.7743668920761], [-84.3992490072246, 33.7743669724251], [-84.3992524155702, 33.7741783033566], [-84.3994763015544, 33.774181123561], [-84.3994764931622, 33.7741705323906], [-84.399483737023, 33.7741706233171], [-84.3995106825908, 33.7741709628977], [-84.3995109408826, 33.7741566865481], [-84.3997646055753, 33.7741598819343], [-84.3997641568354, 33.7741847503545], [-84.3998468733526, 33.7741857923926], [-84.3998449937827, 33.7742898682668], [-84.3998648455984, 33.7742901183843], [-84.399864379947, 33.7743159074232], [-84.3998445281252, 33.7743156573057], [-84.3998401530214, 33.7745578881613], [-84.3997166289125, 33.7745563326038], [-84.3997163015513, 33.7745438922232], [-84.3996970003364, 33.7745436482556], [-84.399696775956, 33.7745560824648], [-84.3995128595996, 33.7745542259615], [-84.3995126314959, 33.7745668900988], [-84.399465206606, 33.7745662934095]]]}}, {"type": "Feature", "properties": {"name": "Softball Stadium", "aka": [], "doors": []}, "geometry": {"type": "MultiPolygon", "coordinates": [[[[-84.3932834667835, 33.7790087002117], [-84.3932970912982, 33.7790112611289], [-84.3933154756978, 33.7790147780701], [-84.3932891757939, 33.7791142181554], [-84.3932869296092, 33.7791227113321], [-84.3932631421334, 33.7791191970948], [-84.3932559071641, 33.7791181283972], [-84.3932834667835, 33.7790087002117]]], [[[-84.3930954476302, 33.7792160988593], [-84.3930887432197, 33.779241448478], [-84.3929404939919, 33.7792141073078], [-84.3929472818143, 33.7791888450043], [-84.3930954476302, 33.7792160988593]]], [[[-84.3932085821595, 33.7793721501841], [-84.3932252150057, 33.7793940198691], [-84.3931956227305, 33.779409790886], [-84.3931779175195, 33.7793866238852], [-84.3930386602288, 33.7793609415981], [-84.3930662513312, 33.7792629355318], [-84.3930793069542, 33.7792651251344], [-84.3930783394046, 33.7792687831075], [-84.3930915738606, 33.7792712284498], [-84.3931050912236, 33.7792178727466], [-84.3931767284313, 33.7792310496581], [-84.393234163694, 33.779200340357], [-84.3932520049275, 33.779132881176], [-84.3933014138333, 33.779141341712], [-84.3933113004977, 33.7791431656293], [-84.3933144362382, 33.7791301039519], [-84.3933888066601, 33.7791442567179], [-84.3933892578221, 33.7791425517671], [-84.3933999698164, 33.7791445274418], [-84.3933976028353, 33.7791534779799], [-84.3933673248699, 33.7792679631369], [-84.3933921096038, 33.7793003932979], [-84.3933729180778, 33.779310215986], [-84.3933727972461, 33.7793102540774], [-84.393388709518, 33.7793311485754], [-84.3933920770082, 33.7793285934189], [-84.3933982966389, 33.7793368898113], [-84.3933570864039, 33.7793588522151], [-84.3933729331531, 33.7793786450168], [-84.3933710279062, 33.7793796601702], [-84.3933718569575, 33.7793808145648], [-84.3933682556422, 33.779382733584], [-84.3933704638121, 33.7793856319445], [-84.3933686146358, 33.779386618142], [-84.3933664075434, 33.7793837188779], [-84.3933201586693, 33.7794083666278], [-84.3933223776214, 33.7794112595594], [-84.3933205273619, 33.7794122448565], [-84.3933183094896, 33.7794093519229], [-84.3933147081719, 33.7794112709406], [-84.3933137367939, 33.7794101925458], [-84.3933118994747, 33.7794111715075], [-84.3932965638186, 33.7793911063622], [-84.3932929119146, 33.7793930867845], [-84.3932917872551, 33.7793916146492], [-84.3932640290759, 33.7794064076286], [-84.3932651353153, 33.7794078554534], [-84.3932559078354, 33.7794128071369], [-84.3932499876735, 33.7794050610968], [-84.393253690434, 33.7794031211568], [-84.3932237306627, 33.7793637911117], [-84.3932085821595, 33.7793721501841]]]]}}, {"type": "Feature", "properties": {"name": "Softball Ticketing Office", "aka": ["Softball Stadium - Mewborn Field"], "doors": [[-84.392609, 33.779434, true], [-84.392609, 33.779434, true]]}, "geometry": {"type": "Polygon", "coordinates": [[[-84.3926775429458, 33.7794132347834], [-84.3926775333218, 33.7794095704881], [-84.3926424255652, 33.7794097168318], [-84.392642430161, 33.7794114669295], [-84.3926314599317, 33.7794114870174], [-84.3926314358765, 33.7794023262793], [-84.3926406061666, 33.7794023094874], [-84.3926402617114, 33.7793821563973], [-84.3926313829551, 33.7793821726554], [-84.3926313588999, 33.7793730119172], [-84.3926345473913, 33.7793730060788], [-84.3926342169673, 33.7792081117001], [-84.3926309259063, 33.7792081177263], [-84.392630896439, 33.7791968958217], [-84.3926418672423, 33.7791971047525], [-84.3926424235351, 33.7792000674633], [-84.3926550387587, 33.779199850507], [-84.3926550430066, 33.7792014680625], [-84.3926879538958, 33.779201515086], [-84.3926879420903, 33.7791970203733], [-84.3926989112124, 33.7791970002825], [-84.3926989230185, 33.7792014949952], [-84.3927318336258, 33.7792014347109], [-84.392731821818, 33.7791969399982], [-84.3927427920198, 33.7791969199015], [-84.3927428038282, 33.7792014146142], [-84.3927888786782, 33.7792013301974], [-84.3927888668674, 33.7791968354847], [-84.392799838149, 33.7791968153809], [-84.3927998670341, 33.7792078073652], [-84.3927977755692, 33.7792078111977], [-84.3927977981765, 33.779255449028], [-84.3927999922184, 33.7792554450076], [-84.392800021106, 33.7792664378935], [-84.3927979296397, 33.7792664417259], [-84.3927979522425, 33.7793140777525], [-84.3928001462859, 33.779314073732], [-84.392800324427, 33.779381863194], [-84.3927914456708, 33.7793818794635], [-84.3927914986297, 33.7794020330872], [-84.392800377388, 33.7794020168176], [-84.3928004014612, 33.7794111775557], [-84.392789431232, 33.7794111976576], [-84.3927894912972, 33.7794094014572], [-84.3927323855463, 33.7794094700165], [-84.3927323951727, 33.7794131343117], [-84.3927214238635, 33.7794131544095], [-84.3927214142376, 33.7794094901143], [-84.3926885035507, 33.7794095503961], [-84.3926885131753, 33.7794132146914], [-84.3926775429458, 33.7794132347834]]]}}, {"type": "Feature", "properties": {"name": "Solid Waste & Recycling", "aka": [], "doors": []}, "geometry": {"type": "Polygon", "coordinates": [[[-84.3975194730259, 33.7805706989878], [-84.3975211606858, 33.7805119324972], [-84.3976027618964, 33.7805135668891], [-84.3975939228973, 33.7808213459344], [-84.3975122557397, 33.7808197901044], [-84.3975149086896, 33.7807296181913], [-84.3975194730259, 33.7805706989878]]]}}, {"type": "Feature", "properties": {"name": "Southern Regional Education Board", "aka": [], "doors": [[-84.40641, 33.781143, true]]}, "geometry": {"type": "Polygon", "coordinates": [[[-84.4063912945693, 33.7811824686782], [-84.4063921320629, 33.7811172091444], [-84.4063925259967, 33.7810865251887], [-84.4063805769078, 33.7810763317912], [-84.4063816908465, 33.7810021634053], [-84.4063881941031, 33.7810020885582], [-84.4064773358013, 33.7810028864372], [-84.4064839247312, 33.7810029448631], [-84.4065465131035, 33.7810035057641], [-84.4065531009538, 33.7810035641883], [-84.4066156904065, 33.7810041250521], [-84.4066222782568, 33.7810041834726], [-84.4066848677078, 33.7810047433997], [-84.4066914555606, 33.7810048027182], [-84.406743091535, 33.7810052649025], [-84.406795495246, 33.7810057336861], [-84.4067954242186, 33.7810112357], [-84.406794544354, 33.7810797746248], [-84.4067941382247, 33.7811114540281], [-84.4067936644884, 33.7811483135488], [-84.4067585288611, 33.7811479996139], [-84.4067581100847, 33.7811805689711], [-84.4067570689308, 33.7812617448488], [-84.4067566510472, 33.7812942474814], [-84.4067500718103, 33.7812941881497], [-84.4066877488592, 33.7812936304428], [-84.406681159907, 33.781293572028], [-84.4066185713232, 33.7812930111962], [-84.4066119834508, 33.7812929527756], [-84.4065493937904, 33.7812923928125], [-84.4065428059156, 33.7812923334865], [-84.4065049232108, 33.7812919941634], [-84.4064983396577, 33.7812919357283], [-84.4064888705434, 33.7812835976281], [-84.4063846663938, 33.7812826649187], [-84.4063779295065, 33.7812826040701], [-84.406377997751, 33.7812772562444], [-84.4063902005689, 33.7812676669221], [-84.4063906842257, 33.7812300427838], [-84.4063912945693, 33.7811824686782]]]}}, {"type": "Feature", "properties": {"name": "Stamps Commons", "aka": ["Stamps Student Center"], "doors": [[-84.398239, 33.773853, true], [-84.397865, 33.773396, true], [-84.398587, 33.773913, false], [-84.398154, 33.773924, false]]}, "geometry": {"type": "Polygon", "coordinates": [[[-84.3982505360225, 33.7734015356804], [-84.3982490208795, 33.7735145642737], [-84.3983041545582, 33.7735145347414], [-84.3983041219567, 33.7734707271135], [-84.3983975625083, 33.7734706770299], [-84.3983975951598, 33.7735144855592], [-84.398479798889, 33.7735137892888], [-84.3984790771559, 33.773596583082], [-84.3986292645193, 33.7735984711692], [-84.39862874119439, 33.773644421336634], [-84.3986529317443, 33.7736446104258], [-84.39865289785531, 33.77365232620216], [-84.3987196626007, 33.7736528575171], [-84.3987185687468, 33.7737541241632], [-84.39865176670254, 33.77375359265042], [-84.3986474839619, 33.77389148786], [-84.3985992041997, 33.7738892583062], [-84.3985995053411, 33.7739121829351], [-84.3985622805252, 33.7739118894875], [-84.3985621515949, 33.7739231902382], [-84.3980389269594, 33.7739190624063], [-84.39803936670432, 33.77388019080727], [-84.397949866824, 33.773880963544], [-84.3979502480707, 33.7737588619529], [-84.3977595889025, 33.7737615120095], [-84.3977602962887, 33.7736928209946], [-84.3976556331835, 33.773530697839], [-84.3976495562965, 33.7735341481153], [-84.3976370114554, 33.7735156182894], [-84.3976086920349, 33.7735154152164], [-84.3976099020827, 33.7733978158215], [-84.3982505360225, 33.7734015356804]]]}}, {"type": "Feature", "properties": {"name": "Stein House", "aka": [], "doors": [[-84.391588, 33.774822, false], [-84.391471, 33.774909, false], [-84.391706, 33.774913, false]]}, "geometry": {"type": "Polygon", "coordinates": [[[-84.391722583918, 33.7749383664656], [-84.3916912078051, 33.7749378980158], [-84.3916800022824, 33.7749377309031], [-84.391680385122, 33.7749239295125], [-84.3915984956345, 33.7749227082794], [-84.3915986159224, 33.7749170934703], [-84.3915787249915, 33.774916797012], [-84.391578605782, 33.7749224118192], [-84.3914965259228, 33.7749210574208], [-84.3914962276135, 33.7749349902982], [-84.3914850173054, 33.7749350576062], [-84.3914536411969, 33.7749345899976], [-84.3914110797942, 33.7749330183902], [-84.3914113597763, 33.7749199177716], [-84.3913822241285, 33.7749194830325], [-84.3913855158543, 33.774773407533], [-84.3914817210539, 33.7747747029139], [-84.3914803403539, 33.7748392727637], [-84.3915733478111, 33.774840659555], [-84.3915736277683, 33.7748275589359], [-84.3915758634349, 33.7748278262591], [-84.3916052787038, 33.7748282649511], [-84.3916072453727, 33.774828060298], [-84.3916069643409, 33.7748411609192], [-84.3916999670161, 33.7748427820534], [-84.3917013534189, 33.7747779786632], [-84.3917977209505, 33.7747794150611], [-84.3917945954896, 33.7749256327277], [-84.3917654609181, 33.7749251980771], [-84.3917651809922, 33.774938299598], [-84.3917338048791, 33.774937831159], [-84.3917337905205, 33.7749385335725], [-84.391722583918, 33.7749383664656]]]}}, {"type": "Feature", "properties": {"name": "Stephen Hall Building", "aka": [], "doors": [[-84.394141, 33.774037, false], [-84.3939, 33.774151, false]]}, "geometry": {"type": "Polygon", "coordinates": [[[-84.3940846259983, 33.7742378822954], [-84.3940009482704, 33.7742355019167], [-84.3940009107823, 33.7742364333928], [-84.3939122132142, 33.7742339098214], [-84.3939175407571, 33.774122004032], [-84.3939176917023, 33.7741174260641], [-84.3939183245204, 33.7740982530611], [-84.3939207657775, 33.7740242724833], [-84.394009184551, 33.7740267884479], [-84.3940089938746, 33.7740314467362], [-84.3941154026353, 33.774034474082], [-84.3941154837773, 33.7740324939035], [-84.3941212022167, 33.7740326564817], [-84.394133543941, 33.774033007921], [-84.394153765797, 33.7740335837719], [-84.3941659693106, 33.7740339309543], [-84.39417154738, 33.7740340892807], [-84.3941714662394, 33.7740360694593], [-84.3942737976642, 33.7740389238542], [-84.3942724209639, 33.7741474889638], [-84.3942722084347, 33.7741642925521], [-84.3942720493821, 33.7741768213071], [-84.3942362488155, 33.7741771073299], [-84.3942360590598, 33.7742049768573], [-84.3941991995864, 33.7742204793065], [-84.3940860920793, 33.7742190350564], [-84.3940846259983, 33.7742378822954]]]}}, {"type": "Feature", "properties": {"name": "Strong Street Gatehouse", "aka": [], "doors": []}, "geometry": {"type": "Polygon", "coordinates": [[[-84.4031973323883, 33.7703857295527], [-84.4031973412968, 33.7703257119151], [-84.4032313185898, 33.7703257153201], [-84.4032313162799, 33.7703437321519], [-84.4032332034873, 33.7703437321412], [-84.4032331953737, 33.7704036370704], [-84.4032095998596, 33.7704036345072], [-84.4032096024836, 33.7703857303816], [-84.4031973323883, 33.7703857295527]]]}}, {"type": "Feature", "properties": {"name": "Student Center Parking Deck", "aka": [], "doors": []}, "geometry": {"type": "Polygon", "coordinates": [[[-84.4000452217518, 33.7737490889388], [-84.4000578011561, 33.7736941572219], [-84.4012223911378, 33.7738801494634], [-84.4011788505924, 33.7740702861006], [-84.4011565430211, 33.7741677015317], [-84.4010348390773, 33.7746991727285], [-84.4005118453992, 33.7746156484353], [-84.4003884801122, 33.7745954795395], [-84.4003824454461, 33.774594982436], [-84.4004352904091, 33.7743642243577], [-84.4000413422532, 33.7743013069723], [-84.4000108127363, 33.7742964308579], [-84.3999230836037, 33.77428242002], [-84.3999533758518, 33.774148773948], [-84.3999583288728, 33.7741282456821], [-84.4000224850847, 33.7738483705031], [-84.4000452217518, 33.7737490889388]]]}}, {"type": "Feature", "properties": {"name": "Student-Athlete Performance Center", "aka": [], "doors": []}, "geometry": {"type": "Polygon", "coordinates": [[[-84.3926034538407, 33.7732415330168], [-84.3926011891879, 33.7736202839166], [-84.3925789091722, 33.7736207872033], [-84.3925763274141, 33.7737178856228], [-84.3924934991516, 33.773718037206], [-84.3924940040048, 33.7736943543835], [-84.3924242219752, 33.7736935352366], [-84.3924247564728, 33.7736807462408], [-84.3921558421993, 33.7736783955802], [-84.3921552870404, 33.7735724530066], [-84.3920886212666, 33.7735724268715], [-84.3920875091522, 33.7732610470314], [-84.3920882502623, 33.7731372700235], [-84.3923445090702, 33.7731357967444], [-84.3923801928482, 33.7731668050449], [-84.3923796853001, 33.773238536432], [-84.3926034538407, 33.7732415330168]]]}}, {"type": "Feature", "properties": {"name": "Substation Control House", "aka": [], "doors": []}, "geometry": {"type": "Polygon", "coordinates": [[[-84.4069045710441, 33.7719487863659], [-84.4076098454575, 33.7723748560938], [-84.4075915059355, 33.7729587199421], [-84.407263042737, 33.7729377345765], [-84.4072141157476, 33.7728239242031], [-84.4070915884169, 33.7727574397776], [-84.4070237863508, 33.772617870719], [-84.407046175804, 33.772588635214], [-84.406597913372, 33.7723492089873], [-84.4069045710441, 33.7719487863659]]]}}, {"type": "Feature", "properties": {"name": "Swann Building", "aka": ["Swann"], "doors": [[-84.395271, 33.771858, true]]}, "geometry": {"type": "Polygon", "coordinates": [[[-84.3953126500326, 33.7719271642988], [-84.3953130720779, 33.7718946102436], [-84.3952053520308, 33.7718936349067], [-84.3952073770932, 33.7717377507097], [-84.3951816698676, 33.7717375169947], [-84.3951827965348, 33.7716507073785], [-84.3952085048117, 33.7716509401896], [-84.3952090836943, 33.7716302723325], [-84.3952105287857, 33.7714950559885], [-84.3952577528559, 33.7714954842766], [-84.3952817832642, 33.7714957012455], [-84.3953172701471, 33.771496023217], [-84.3953860100559, 33.7714966460228], [-84.3953849360036, 33.771572705138], [-84.395384276063, 33.7716014519559], [-84.3953808341111, 33.7718952240433], [-84.3953380818735, 33.7718948371083], [-84.3953376587557, 33.771927390264], [-84.3953148849787, 33.7719271845029], [-84.3953126500326, 33.7719271642988]]]}}, {"type": "Feature", "properties": {"name": "TEP Bullet Building", "aka": [], "doors": []}, "geometry": {"type": "Polygon", "coordinates": [[[-84.3995664389385, 33.7694341990876], [-84.4000118967838, 33.7692743033916], [-84.4002376982997, 33.7697208094686], [-84.4003030402686, 33.7698495094678], [-84.400452397191, 33.7703188327539], [-84.4003463703432, 33.770355447701], [-84.4000097947817, 33.7700163326491], [-84.3999569926367, 33.769960780641], [-84.3998686731099, 33.7698527356653], [-84.3997704435732, 33.7697306246192], [-84.3995664389385, 33.7694341990876]]]}}, {"type": "Feature", "properties": {"name": "Tau Kappa Epsilon", "aka": [], "doors": []}, "geometry": {"type": "Polygon", "coordinates": [[[-84.3922295821345, 33.7773623183377], [-84.3922259663528, 33.7772577666636], [-84.3922272201128, 33.7771326087461], [-84.3922272450773, 33.7771157685436], [-84.3922274696577, 33.7770663332515], [-84.3922510668428, 33.7770662738897], [-84.3922511103041, 33.7770569038412], [-84.3922987663893, 33.7770570439359], [-84.39229881661, 33.7770560195672], [-84.3922987318778, 33.7770339968686], [-84.3922988687968, 33.7770326829111], [-84.3923556509216, 33.7770329144964], [-84.3923559012655, 33.7770221519186], [-84.3923952363082, 33.7770228544961], [-84.3923951937245, 33.7770329647994], [-84.3924433162389, 33.7770331057884], [-84.3924432253924, 33.777054449864], [-84.392488970355, 33.7770545852668], [-84.392488896501, 33.777071702366], [-84.3925209515697, 33.7770718005928], [-84.392520364743, 33.7772057186465], [-84.3925181644454, 33.7772057875923], [-84.3924585057136, 33.7772055153609], [-84.3923324015322, 33.7772051346997], [-84.3923093762435, 33.77720507221], [-84.3923091557025, 33.7772556183291], [-84.3923090311235, 33.7772628741514], [-84.3923290391255, 33.7772631387187], [-84.3923333402887, 33.7772633742997], [-84.3923331297431, 33.777270786265], [-84.3924010479804, 33.7772721263333], [-84.3924012375466, 33.7772653626941], [-84.3924303873133, 33.7772659360192], [-84.3924308932157, 33.7772480517259], [-84.3924581918974, 33.7772492839319], [-84.392457560969, 33.7772660161427], [-84.3924847099061, 33.7772665516397], [-84.3924844747393, 33.7772748625975], [-84.3925218880792, 33.7772756002085], [-84.392520076825, 33.7773568495904], [-84.3925192850345, 33.7773678241454], [-84.3922295821345, 33.7773623183377]]]}}, {"type": "Feature", "properties": {"name": "Technology Enterprise Park #1", "aka": [], "doors": []}, "geometry": {"type": "Polygon", "coordinates": [[[-84.4019083502255, 33.7699248913738], [-84.4019082876015, 33.7699019750818], [-84.4018766102663, 33.7699020354547], [-84.4018761183517, 33.7697220015415], [-84.4020074147522, 33.7697217512557], [-84.4020072797061, 33.7696723535531], [-84.4020306794786, 33.7696723089323], [-84.4021053894652, 33.7696721664389], [-84.4021052970248, 33.7696383672516], [-84.4023875516703, 33.7696378285033], [-84.4023876442215, 33.7696716276899], [-84.4024476540446, 33.7696715130639], [-84.4025410370895, 33.7696712922554], [-84.4025748067657, 33.7696712700906], [-84.4025746001432, 33.7695958724606], [-84.402581392052, 33.7695958594784], [-84.4026017688581, 33.7695958205276], [-84.4026017101254, 33.7695743910536], [-84.4028733993625, 33.7695738713911], [-84.4028734581628, 33.7695953008648], [-84.402900626877, 33.769595248866], [-84.4029008309718, 33.7696696213201], [-84.402935546281, 33.769669554869], [-84.4029357296512, 33.7697363651985], [-84.4029281830737, 33.7697363796448], [-84.402928224588, 33.7697515056952], [-84.4029387897983, 33.7697514854702], [-84.4029388832147, 33.7697855208868], [-84.4029283180002, 33.7697855411118], [-84.4029284321698, 33.7698271395532], [-84.4029106736228, 33.7698284340573], [-84.402908979479, 33.7698889445234], [-84.4028909057123, 33.7699028456375], [-84.4020803574681, 33.7699016469969], [-84.4020804201378, 33.7699245632886], [-84.4019083502255, 33.7699248913738]]]}}, {"type": "Feature", "properties": {"name": "Technology Square Parking Deck", "aka": [], "doors": []}, "geometry": {"type": "Polygon", "coordinates": [[[-84.3891694874153, 33.7759876251672], [-84.389092347958, 33.7759873521659], [-84.3890953822348, 33.7759736794505], [-84.3890964305467, 33.7759506691957], [-84.3891082849441, 33.7759328122437], [-84.3891341933625, 33.7759243540275], [-84.3891666494399, 33.7759247869167], [-84.3891727201345, 33.7759296025167], [-84.3891756197666, 33.7757957848612], [-84.3891932407802, 33.7752333690207], [-84.3891932822345, 33.7752314457212], [-84.3892686320324, 33.7752325847705], [-84.3892688731741, 33.7752214561406], [-84.3894296757869, 33.7752234255329], [-84.3897882775111, 33.7752288323213], [-84.389815706345, 33.7752297195456], [-84.3898614712118, 33.7752304104048], [-84.3898612272654, 33.7752416769935], [-84.3899275277583, 33.7752426787251], [-84.3899269260165, 33.7752704308731], [-84.3899397533571, 33.7752706240635], [-84.3899398095059, 33.7752706257653], [-84.3899405815207, 33.7752706369917], [-84.3899382794969, 33.7753438481222], [-84.3899381139719, 33.7753491312034], [-84.3899381130021, 33.7753491735828], [-84.3899327337343, 33.7756067295103], [-84.3899289826886, 33.7756965724333], [-84.3899289583157, 33.7756996633418], [-84.3899289498989, 33.7757001646758], [-84.3899277840581, 33.7758613317383], [-84.3899260619811, 33.7759287802539], [-84.3899260320708, 33.775942223043], [-84.3897122554097, 33.7759389930673], [-84.389711024754, 33.7759957344713], [-84.3891694874153, 33.7759876251672]]]}}, {"type": "Feature", "properties": {"name": "Technology Square Research Building", "aka": [], "doors": [[-84.389977, 33.777458, true]]}, "geometry": {"type": "Polygon", "coordinates": [[[-84.3899092473175, 33.7777538305191], [-84.3899092476964, 33.7777506467848], [-84.3899092552046, 33.7776669662431], [-84.389906785989, 33.7774743002747], [-84.3899074493646, 33.7774428296117], [-84.3899077384161, 33.7773382338332], [-84.3898732153133, 33.7773382584098], [-84.3898608200098, 33.7773140940092], [-84.3898419809864, 33.7773141073416], [-84.3898419534292, 33.7772880757919], [-84.3898502221939, 33.7772885792881], [-84.3898441196514, 33.7772677874056], [-84.3898431785237, 33.7772646080787], [-84.389807911299, 33.7772649639874], [-84.3897959846764, 33.7772649729288], [-84.3897959832191, 33.7772631615123], [-84.3897938140564, 33.7772631636309], [-84.3897937339875, 33.7771843900318], [-84.3897937205566, 33.7771717137281], [-84.3897936511969, 33.7771029006602], [-84.3897936377661, 33.7770902243563], [-84.3897936774322, 33.7770338944652], [-84.3897935646026, 33.7770186946163], [-84.3897935522516, 33.7770060183103], [-84.3898060208586, 33.7770060092909], [-84.389887068967, 33.7770059519827], [-84.3899013297522, 33.7770058811046], [-84.3899016456396, 33.7770106944543], [-84.3901790095435, 33.7770104971772], [-84.3903016668265, 33.7770104093119], [-84.3903009976303, 33.7770233789881], [-84.3903010651032, 33.7770884015133], [-84.3902916110643, 33.7770884078251], [-84.3902916147231, 33.7770914779442], [-84.3902934825767, 33.7770914520182], [-84.3902934893184, 33.7770977861126], [-84.3902963221311, 33.7772173066961], [-84.3902963692917, 33.7772637101391], [-84.3902959000735, 33.7773341092844], [-84.3902960672, 33.7774973152311], [-84.3904096435967, 33.7774972328923], [-84.3904080087007, 33.7777525693051], [-84.3903970656416, 33.7777525765215], [-84.3903896684224, 33.777752584522], [-84.3903502712486, 33.7777526099536], [-84.3902579005908, 33.7777535816196], [-84.3901732508832, 33.7777536420894], [-84.390124713806, 33.7777536767889], [-84.3900461375772, 33.777753733387], [-84.3899092473175, 33.7777538305191]]]}}, {"type": "Feature", "properties": {"name": "Theta Chi", "aka": [], "doors": []}, "geometry": {"type": "Polygon", "coordinates": [[[-84.3922170727627, 33.777718800331], [-84.3921952176221, 33.7777182713309], [-84.3922005788515, 33.7775272438394], [-84.3925133497145, 33.7775344287535], [-84.392508878959, 33.7777238415717], [-84.3922170727627, 33.777718800331]]]}}, {"type": "Feature", "properties": {"name": "Theta Xi", "aka": [], "doors": []}, "geometry": {"type": "Polygon", "coordinates": [[[-84.391562360417, 33.7758276138779], [-84.391562607368, 33.775818821416], [-84.3915641336164, 33.7757645193273], [-84.3917780187787, 33.7757668568688], [-84.3917893477454, 33.7757671193223], [-84.3917884184303, 33.7758365843134], [-84.3917565967144, 33.7758367749001], [-84.3917560924462, 33.7758689584963], [-84.391601241732, 33.7758672644092], [-84.3916009187459, 33.775887861442], [-84.3917617890363, 33.7758896193874], [-84.3917619281642, 33.7758808911391], [-84.3918076862264, 33.775881319809], [-84.3918052134837, 33.7759142580727], [-84.3918027439004, 33.7759471665759], [-84.3917784281899, 33.7759485616072], [-84.391778443773, 33.7759578215481], [-84.3917779431312, 33.775979004979], [-84.3914628706895, 33.7759755597275], [-84.391464609879, 33.7758646929962], [-84.3914957074265, 33.7758650321723], [-84.3914957915233, 33.7758596130886], [-84.3915621220169, 33.7758603379805], [-84.391562360417, 33.7758276138779]]]}}, {"type": "Feature", "properties": {"name": "Thomas Hinman building", "aka": [], "doors": []}, "geometry": {"type": "Polygon", "coordinates": [[[-84.3946655333232, 33.7748614653753], [-84.3946668348477, 33.7747454933393], [-84.394827248246, 33.7747467477208], [-84.3948274072084, 33.774732586074], [-84.3948465527279, 33.7747327355159], [-84.3948463937687, 33.7747468971627], [-84.3949059091981, 33.7747491440291], [-84.3951702862108, 33.7747511767311], [-84.3951690479778, 33.7748634852399], [-84.394912316843, 33.7748601643609], [-84.3949112992352, 33.7749869881596], [-84.3948221005133, 33.7749863289849], [-84.3948234975784, 33.7748616747624], [-84.3946655333232, 33.7748614653753]]]}}, {"type": "Feature", "properties": {"name": "Towers Residence Hall", "aka": [], "doors": []}, "geometry": {"type": "Polygon", "coordinates": [[[-84.3909965653306, 33.7737931225548], [-84.3909970210549, 33.7736817270491], [-84.3908461151722, 33.7736812961646], [-84.3908462894289, 33.77363876399], [-84.3908266185963, 33.7736387077513], [-84.3908266519739, 33.7736303809282], [-84.3908267311304, 33.7736110268097], [-84.3908268838333, 33.7735738955733], [-84.3909974614252, 33.7735743826948], [-84.3909985912365, 33.7732982567152], [-84.3908288228744, 33.7732977717308], [-84.3908289740019, 33.7732608650069], [-84.3908290726711, 33.7732369809485], [-84.390829091752, 33.7732322851065], [-84.3908495711737, 33.7732323434828], [-84.3908501186414, 33.7730988933742], [-84.3909015881175, 33.7730990406112], [-84.3909016559405, 33.7730823878633], [-84.390912704314, 33.7730824191832], [-84.3909329148603, 33.7730824771327], [-84.3909784557984, 33.7730826071594], [-84.3909780097937, 33.7731915276214], [-84.3911267586923, 33.7731919523514], [-84.3911265820163, 33.7732351598715], [-84.3911470052464, 33.773235199366], [-84.3911469553572, 33.7732425650579], [-84.3911467431968, 33.7732634693605], [-84.3911465698367, 33.7732992508623], [-84.3911261365687, 33.7732990941712], [-84.3911243711469, 33.7735776701957], [-84.3911712597963, 33.773577804011], [-84.3911710010151, 33.7736412664033], [-84.3911239685152, 33.7736414628544], [-84.3911236287309, 33.7736904376384], [-84.3911236113502, 33.7736928811487], [-84.3911237851475, 33.7737210223137], [-84.3911230300244, 33.7737767512308], [-84.3911187789081, 33.7737765939599], [-84.3910753214019, 33.773776469214], [-84.3910752520411, 33.773793347376], [-84.3909965653306, 33.7737931225548]]]}}, {"type": "Feature", "properties": {"name": "Undergraduate Living Center", "aka": ["Shell Residence Hall"], "doors": [[-84.405457, 33.778526, true], [-84.405464, 33.77837, true], [-84.40502, 33.778302, false], [-84.405467, 33.777861, false], [-84.405745, 33.778137, false]]}, "geometry": {"type": "Polygon", "coordinates": [[[-84.4054213145687, 33.7785351602973], [-84.4054190717815, 33.7785351006191], [-84.4054054321277, 33.778541195122], [-84.4053907163872, 33.7785334279101], [-84.4053786105179, 33.7785331050935], [-84.4053790303113, 33.7785221248699], [-84.4053347460043, 33.7785206308301], [-84.4053302948972, 33.7785204807478], [-84.405261154944, 33.7785189797483], [-84.4052455806243, 33.7785259390513], [-84.405230863821, 33.7785181718223], [-84.4051011557933, 33.7785147113023], [-84.405085582541, 33.7785216705831], [-84.4050708657503, 33.7785139024333], [-84.4049486236119, 33.778510641021], [-84.4049490513814, 33.7785181193952], [-84.4049407447567, 33.7785180542854], [-84.4049113285551, 33.7785169749978], [-84.4048991641997, 33.7785267264007], [-84.4048836061483, 33.7785263119198], [-84.404872210982, 33.7785159306595], [-84.4048625919432, 33.7785156742225], [-84.4048628729265, 33.7785083531707], [-84.4048541058666, 33.7785081194332], [-84.4048544048908, 33.7785002943233], [-84.4048430006502, 33.7784901429989], [-84.4048434960441, 33.7784771943255], [-84.404853731384, 33.7784691769208], [-84.4048555940728, 33.778469226523], [-84.4048568365517, 33.7784367394201], [-84.4048656036043, 33.7784369731574], [-84.4048695114075, 33.7783348544683], [-84.4048614875985, 33.7783218825655], [-84.4048704769993, 33.778309609965], [-84.4048725109613, 33.7782564644939], [-84.4048637439271, 33.778256230757], [-84.4048649864004, 33.7782237436528], [-84.4048631237169, 33.7782236940507], [-84.4048535227936, 33.7782151468909], [-84.4048540181846, 33.7782021982169], [-84.4048661755728, 33.7781926749494], [-84.4048664745975, 33.7781848507408], [-84.4048752416244, 33.7781850844775], [-84.404875521526, 33.7781777634274], [-84.4048851405271, 33.7781780198635], [-84.4048973059123, 33.778168267558], [-84.4049128628218, 33.7781686829411], [-84.4049242579442, 33.7781790632968], [-84.404961272962, 33.7781800512684], [-84.4049609930677, 33.7781873723187], [-84.4050308550193, 33.7781892363599], [-84.4050281324887, 33.7782603873441], [-84.4050193654537, 33.7782601536182], [-84.405018384759, 33.7782857768457], [-84.4050182800712, 33.7782885225771], [-84.4050176497799, 33.7783049951667], [-84.4050174574911, 33.7783100285576], [-84.4050173245886, 33.7783135028781], [-84.4050256674342, 33.7783262622664], [-84.4050163570178, 33.7783387969771], [-84.4050144107142, 33.7783896439703], [-84.4050755878497, 33.7783912768051], [-84.4050908281338, 33.7783845679262], [-84.4051058184568, 33.7783920830828], [-84.4052355856901, 33.7783955452874], [-84.4052508259648, 33.7783888372904], [-84.4052658162999, 33.778396351526], [-84.4053265508811, 33.7783980310761], [-84.4053314651249, 33.7783981577216], [-84.4053848177512, 33.7783995269248], [-84.4053852375382, 33.7783885448977], [-84.4053904433445, 33.7783886835999], [-84.4053910825996, 33.7783719648405], [-84.405394192018, 33.7783695469074], [-84.4053995457557, 33.7783657964996], [-84.4054054309524, 33.778362517529], [-84.4054115631767, 33.7783599332535], [-84.4054212748063, 33.7783569859004], [-84.4054281855174, 33.7783555677568], [-84.4054350689768, 33.7783548349208], [-84.4054419273491, 33.7783547891915], [-84.4054536955921, 33.7783560188151], [-84.4054591086609, 33.7783573085226], [-84.4054656142517, 33.7783593138304], [-84.4054688579651, 33.7783605455213], [-84.4054724067599, 33.7783623807283], [-84.4054763815802, 33.7783644351138], [-84.4054777321131, 33.7783651339853], [-84.4054833545434, 33.7783687188915], [-84.4054881370681, 33.7783727400191], [-84.4054905237897, 33.7783748651013], [-84.4054898935858, 33.7783913367911], [-84.4054959211369, 33.7783914982432], [-84.4054955013615, 33.778402479369], [-84.4055278289856, 33.7784033418957], [-84.4055276900982, 33.7784069866403], [-84.405525939479, 33.7784527587663], [-84.4056190890494, 33.7784552437179], [-84.4056209453034, 33.7784090358885], [-84.4056209795823, 33.778405826844], [-84.4057168718449, 33.7784083848548], [-84.4057191416248, 33.778408445377], [-84.4057343818637, 33.7784017373205], [-84.4057493722429, 33.7784092514971], [-84.4057514411774, 33.7784093069978], [-84.405807278631, 33.7784107965338], [-84.4058091388404, 33.7783621632509], [-84.4058092243963, 33.7783599242841], [-84.4058012004436, 33.7783469524431], [-84.4058101897126, 33.7783346797748], [-84.4058109819052, 33.7783139664002], [-84.4058123186759, 33.778279017596], [-84.4058156067222, 33.7782791058976], [-84.4058172857704, 33.7782352219639], [-84.4058177367205, 33.7782234292898], [-84.4058097127794, 33.778210457449], [-84.405818702033, 33.7781981847799], [-84.4058188540749, 33.7781942271362], [-84.4058189939868, 33.778190567061], [-84.4057927533653, 33.7781898668345], [-84.4057883088408, 33.7781897483137], [-84.4057885010843, 33.7781847149217], [-84.4057687840817, 33.7781839605734], [-84.4057625214043, 33.7781784455826], [-84.4057615920872, 33.7781774005656], [-84.4057582105947, 33.7781736012454], [-84.4057509800482, 33.7781621029656], [-84.4057508631794, 33.77816162171], [-84.4057486054005, 33.7781522759566], [-84.4057484618042, 33.7781511131041], [-84.4057475592718, 33.7781437745066], [-84.4057491256245, 33.7781331572288], [-84.4057494107137, 33.7781312280436], [-84.4057521477577, 33.7781242015795], [-84.4057530119878, 33.7781228059517], [-84.4057586068907, 33.7781137641692], [-84.4057623143371, 33.7781093578278], [-84.4057645128696, 33.7781074835427], [-84.4057719529805, 33.7781011413362], [-84.4057916870493, 33.7781014385136], [-84.4057918792925, 33.7780964051216], [-84.4057964047995, 33.7780965261903], [-84.4058225644052, 33.7780972238682], [-84.4058228472371, 33.77808982076], [-84.4058148233078, 33.7780768489191], [-84.4058238125469, 33.7780645762494], [-84.405825950577, 33.7780086850309], [-84.4058226636232, 33.7780085976291], [-84.4058247925316, 33.7779529210209], [-84.405816768615, 33.7779399491799], [-84.4058257589193, 33.7779276765077], [-84.4058277036248, 33.7778768186823], [-84.4057701021063, 33.7778752829817], [-84.4057545279443, 33.777882242349], [-84.4057398122832, 33.7778744742759], [-84.4056101052087, 33.7778710142863], [-84.4055945310343, 33.7778779736335], [-84.405579814311, 33.7778702064449], [-84.4054851342162, 33.7778680751663], [-84.4054806247399, 33.7778678900379], [-84.4054622250787, 33.777867133091], [-84.4054578473442, 33.7778669531167], [-84.4054575674904, 33.7778742732667], [-84.4053720895415, 33.7778719933556], [-84.4053743305675, 33.7778134249394], [-84.4053655635773, 33.7778131912379], [-84.4053668058557, 33.7777807041272], [-84.4053649431816, 33.7777806545326], [-84.4053553422585, 33.7777721074113], [-84.4053558375718, 33.7777591587347], [-84.4053679948419, 33.7777496354176], [-84.4053682938196, 33.7777418112073], [-84.4053770608026, 33.7777420449087], [-84.40537734174, 33.7777347238549], [-84.4053869596156, 33.7777349811559], [-84.4053991248813, 33.7777252288007], [-84.4054146827899, 33.7777256432173], [-84.4054260779161, 33.777736024429], [-84.4054628195552, 33.7777370046647], [-84.405462538625, 33.7777443257186], [-84.405584535653, 33.777747579886], [-84.4055997757858, 33.7777408718459], [-84.4056147660404, 33.7777483869419], [-84.4057442591271, 33.7777518410301], [-84.405759499248, 33.7777451329703], [-84.4057744895147, 33.7777526471451], [-84.4058970513058, 33.7777559161391], [-84.4058973311192, 33.7777485950865], [-84.4059343459612, 33.777749582767], [-84.4059465111666, 33.7777398303582], [-84.4059620690826, 33.7777402456073], [-84.4059734653562, 33.7777506267661], [-84.4059828089598, 33.777750875536], [-84.4059825371545, 33.7777579675537], [-84.4059913041405, 33.7777582012114], [-84.4059909971608, 33.77776623372], [-84.4060026757125, 33.7777763925222], [-84.4060021794769, 33.7777893628426], [-84.405991944325, 33.7777973803427], [-84.4059898084571, 33.7777973231724], [-84.4059885653339, 33.7778298102904], [-84.4059797983407, 33.7778295766326], [-84.405975893926, 33.7779316565844], [-84.405984236876, 33.7779444159082], [-84.4059749266406, 33.7779569506912], [-84.4059727806773, 33.7780130601276], [-84.4059760857953, 33.7780126903528], [-84.4059739488697, 33.7780685554236], [-84.4059822918352, 33.7780813156488], [-84.4059729805052, 33.7780938504335], [-84.4059726986957, 33.7781012282938], [-84.4059858497695, 33.7781015796815], [-84.40598224428, 33.7781958372214], [-84.4059690931943, 33.778195486735], [-84.4059688516449, 33.778201811388], [-84.405968837509, 33.7782021639612], [-84.4059771815666, 33.7782149241844], [-84.4059678702215, 33.7782274589686], [-84.4059678621553, 33.7782276645608], [-84.4059666492343, 33.7782593689841], [-84.4059659909733, 33.7782765900033], [-84.4059657504105, 33.7782828812931], [-84.4059624543654, 33.7782830229322], [-84.4059603496275, 33.7783380430904], [-84.4059603254289, 33.778338659867], [-84.4059686694961, 33.7783514191888], [-84.4059593979372, 33.7783639006975], [-84.405959358135, 33.7783639539721], [-84.4059582177502, 33.7783937882285], [-84.4059581402368, 33.778395811685], [-84.405957413468, 33.7784148009755], [-84.4059573742467, 33.7784158397541], [-84.405955453716, 33.778466048341], [-84.4059642207741, 33.7784662820002], [-84.4059630420276, 33.7784970756879], [-84.4059629776332, 33.7784987691145], [-84.4059651534712, 33.7784988271092], [-84.4059747055905, 33.7785076339521], [-84.4059742194174, 33.7785203427724], [-84.4059617878312, 33.7785298585651], [-84.4059616992431, 33.7785321705716], [-84.4059614899247, 33.778537661134], [-84.4059527228593, 33.7785374274745], [-84.4059524430484, 33.7785447485264], [-84.4059428250834, 33.7785444921715], [-84.4059425245042, 33.7785447325937], [-84.4059306586822, 33.7785542436797], [-84.4059151006216, 33.7785538293289], [-84.4059037042481, 33.7785434481666], [-84.4058801144811, 33.7785428194603], [-84.4058669644199, 33.7785424680596], [-84.4058672442381, 33.778535147008], [-84.4058639561845, 33.7785350596094], [-84.4058431350784, 33.7785345039733], [-84.4058343680137, 33.7785342703055], [-84.4058140943787, 33.7785337298331], [-84.4058053273116, 33.7785334952616], [-84.4057850536769, 33.7785329547845], [-84.4057762866125, 33.7785327211125], [-84.4057560129782, 33.7785321806306], [-84.4057472459139, 33.7785319469566], [-84.4057449847685, 33.7785318864183], [-84.405729410486, 33.7785388457823], [-84.4057146947144, 33.7785310777074], [-84.4057121776394, 33.7785310059428], [-84.405703411605, 33.7785307542307], [-84.4056831389386, 33.7785301731606], [-84.4056743729068, 33.778529922348], [-84.4056541002407, 33.7785293412732], [-84.4056078771901, 33.7785280196948], [-84.40560333441, 33.7785279076692], [-84.4055346494319, 33.7785261670043], [-84.4055291531659, 33.7785260279687], [-84.4054921834803, 33.778525089671], [-84.4054914852574, 33.778536116418], [-84.4054907242109, 33.7785560200466], [-84.4054697941972, 33.7785726383161], [-84.4054404792121, 33.778571856504], [-84.4054205876804, 33.7785541495846], [-84.4054213145687, 33.7785351602973]]]}}, {"type": "Feature", "properties": {"name": "Van Leer Building", "aka": ["Van Leer"], "doors": [[-84.397308, 33.775715, true], [-84.396843, 33.775742, true], [-84.396935, 33.775715, true], [-84.397415, 33.775658, true], [-84.397485, 33.775429, false]]}, "geometry": {"type": "Polygon", "coordinates": [[[-84.3968282395976, 33.7757280936033], [-84.3971765398944, 33.7757297634849], [-84.3973237679604, 33.7757307398954], [-84.3973239378542, 33.7757131555564], [-84.3973249566563, 33.7756082464162], [-84.3973260558139, 33.7756082533784], [-84.3973149668276, 33.7756032609171], [-84.397302792196, 33.7755972597315], [-84.3972911231276, 33.7755901467644], [-84.3972804241491, 33.775582016723], [-84.3972709342557, 33.7755730116221], [-84.3972625761825, 33.77556330833], [-84.3972556198106, 33.7755528901131], [-84.3972497947826, 33.7755419991195], [-84.3972456669011, 33.7755306496204], [-84.3972418879769, 33.7755129310993], [-84.3972411604856, 33.7755009260571], [-84.3972420916854, 33.77549022982], [-84.3972445010095, 33.7754771198031], [-84.3972482654279, 33.7754656473597], [-84.3972534819533, 33.7754545436838], [-84.3972600533594, 33.7754437891204], [-84.3972680889852, 33.775433894702], [-84.3972771799102, 33.7754245645486], [-84.3972871387483, 33.7754163814777], [-84.3972985009512, 33.7754089125969], [-84.3973107315815, 33.7754023798104], [-84.3973234351472, 33.7753970660743], [-84.3973367895982, 33.7753928962187], [-84.3973506126328, 33.7753899327982], [-84.3973647929392, 33.7753881372495], [-84.3973791696961, 33.7753875297097], [-84.397393531876, 33.7753883314779], [-84.3974076758973, 33.7753903193251], [-84.3974214127314, 33.7753934629485], [-84.3974346939279, 33.7753978129315], [-84.3974437984702, 33.7754016225188], [-84.3974509386736, 33.7754044917488], [-84.3974679315358, 33.775414749626], [-84.3974783514934, 33.7754231127995], [-84.3974875649919, 33.7754321193033], [-84.3974940308802, 33.7754400038802], [-84.3975026004784, 33.77545248385], [-84.3975048331875, 33.775456868917], [-84.3975081259157, 33.7754635764606], [-84.3975122621023, 33.7754751928246], [-84.3975146911457, 33.7754867591842], [-84.3975159822794, 33.7754987640719], [-84.3975155816676, 33.77551082442], [-84.3975122992231, 33.7755284813042], [-84.3975082541036, 33.7755399497722], [-84.3975027568651, 33.7755510467706], [-84.3974958912351, 33.7755615900086], [-84.397487645918, 33.7755713937671], [-84.3974784725396, 33.7755805735139], [-84.3974679673275, 33.7755887404905], [-84.3974565883109, 33.7755959822018], [-84.3974444411386, 33.7756022380393], [-84.3974319052144, 33.7756072647488], [-84.3974315424817, 33.775644731782], [-84.3974310661445, 33.7756937888649], [-84.3974302597931, 33.7757317111597], [-84.3974621499488, 33.7757316975094], [-84.3974572254513, 33.7762390276246], [-84.3973866908901, 33.7762385499946], [-84.3973189755092, 33.7762380913999], [-84.3971248718091, 33.7762374658133], [-84.3968233181587, 33.7762347348343], [-84.3968241159614, 33.7759698441686], [-84.3968282395976, 33.7757280936033]]]}}, {"type": "Feature", "properties": {"name": "Wardlaw Center", "aka": [], "doors": [[-84.392838, 33.771564, true]]}, "geometry": {"type": "Polygon", "coordinates": [[[-84.3923736630075, 33.7718185889536], [-84.3923737345801, 33.7717882400876], [-84.3923741494599, 33.7717265897127], [-84.3923475336118, 33.7716816377892], [-84.3923592125507, 33.7716768142293], [-84.3923458552897, 33.7716542540522], [-84.3923615490189, 33.7716480264903], [-84.3923309497931, 33.7715966819143], [-84.3923747298654, 33.7715786021596], [-84.3923747838866, 33.7715683232173], [-84.3925126645687, 33.771568832881], [-84.3925901747426, 33.771569118403], [-84.392641276331, 33.7715693070661], [-84.3926742546755, 33.7715694288137], [-84.3927026972102, 33.7715666023396], [-84.3927313735439, 33.7715644138011], [-84.392788978598, 33.7715619973367], [-84.3928466564159, 33.771562209932], [-84.3929042342591, 33.7715650519036], [-84.3929329032194, 33.7715674536468], [-84.3929612974528, 33.7715704879457], [-84.392996112306, 33.7715706161581], [-84.3930653306617, 33.7715708715046], [-84.3931630489162, 33.7715712323023], [-84.3932605641925, 33.7715715915919], [-84.3932605101465, 33.7715818209434], [-84.3933039723369, 33.7716001375647], [-84.3932967458936, 33.7716127288927], [-84.3932736150804, 33.7716515758012], [-84.3932892157794, 33.7716580183189], [-84.3932751468733, 33.7716801932551], [-84.3932867714789, 33.7716850985421], [-84.3932597282564, 33.7717297962439], [-84.3932594736733, 33.771816416701], [-84.3932594499006, 33.7718209205008], [-84.3926066660245, 33.7718194492774], [-84.3923736630075, 33.7718185889536]]]}}, {"type": "Feature", "properties": {"name": "Weber Space, Science & Technology", "aka": ["Weber Space Science & Technology Building"], "doors": [[-84.396622, 33.772648, true], [-84.396507, 33.772602, true], [-84.396622, 33.772648, true], [-84.396507, 33.772602, true]]}, "geometry": {"type": "Polygon", "coordinates": [[[-84.3961432793447, 33.7728260906286], [-84.3961339327936, 33.7728261458763], [-84.3961341769619, 33.7727419698339], [-84.3961344916737, 33.7726024475118], [-84.3961351683937, 33.7724934193101], [-84.3964679814506, 33.7724941381173], [-84.3964684230364, 33.7724941390984], [-84.3965308656869, 33.7724942175718], [-84.3965307362985, 33.7725193477752], [-84.3965307354861, 33.7725194478602], [-84.3965300252955, 33.7726569926942], [-84.396530018142, 33.7726583569081], [-84.3967386730106, 33.7726577436013], [-84.3967905439683, 33.7726579309139], [-84.3967905383684, 33.7726590670067], [-84.3967903179406, 33.7727018075576], [-84.3967902618203, 33.7727127194628], [-84.3967901871484, 33.772727192029], [-84.3967993287728, 33.7727405455905], [-84.3967900953608, 33.7727449547576], [-84.3967900463104, 33.7727544726945], [-84.3967991890174, 33.7727678262539], [-84.3967899545228, 33.772772235423], [-84.3967899054724, 33.7727817533599], [-84.3967990471339, 33.7727951186427], [-84.3967898136848, 33.7727995160884], [-84.3967897646368, 33.7728090349269], [-84.3967989052192, 33.77282239931], [-84.3967896728756, 33.7728268075734], [-84.3967896237987, 33.7728363155921], [-84.3967987665144, 33.7728496691513], [-84.396789532011, 33.7728540783203], [-84.3967894829606, 33.7728635962571], [-84.3967986256792, 33.7728769498163], [-84.3967893911729, 33.7728813589853], [-84.3967893421224, 33.7728908769221], [-84.3967984837956, 33.7729042422046], [-84.3967892514144, 33.7729086396482], [-84.3967892012867, 33.7729181584885], [-84.3967983418782, 33.7729315219697], [-84.3967891106027, 33.7729359302311], [-84.3967890615281, 33.7729454391512], [-84.3967982021274, 33.7729588044356], [-84.3967931017643, 33.7729612285718], [-84.3967889697379, 33.7729632009775], [-84.3967889206898, 33.7729727198158], [-84.39679379055, 33.7729797878068], [-84.3967979476908, 33.77298599695], [-84.396788828902, 33.7729904825437], [-84.3967887798515, 33.7730000004803], [-84.396797921505, 33.7730133540411], [-84.3967886880637, 33.7730177632081], [-84.3967886390132, 33.7730272811446], [-84.3967977806695, 33.7730406347054], [-84.3967885472253, 33.7730450438723], [-84.3967884981748, 33.7730545618088], [-84.3967976333657, 33.7730679189882], [-84.3967884063869, 33.7730723245365], [-84.3967883573388, 33.7730818433746], [-84.3967974979502, 33.773095207757], [-84.3967882655774, 33.7730996160203], [-84.3967882165004, 33.7731091240385], [-84.3967973581654, 33.7731224775992], [-84.3967878519012, 33.773127016211], [-84.396787715494, 33.7731535313635], [-84.396747383902, 33.7731533865558], [-84.3964583212055, 33.7731523454129], [-84.3964584588131, 33.7731258374716], [-84.396449000463, 33.7731212341124], [-84.3964582782221, 33.7731079363968], [-84.3964583273332, 33.7730984274769], [-84.396449141409, 33.7730939534484], [-84.3964584191651, 33.7730806557328], [-84.3964584682497, 33.7730711368947], [-84.3964492801667, 33.7730666619685], [-84.3964585601057, 33.773053374167], [-84.3964591617317, 33.7729895703035], [-84.3964605530453, 33.7728272585153], [-84.3963658111162, 33.7728269083173], [-84.3961432793447, 33.7728260906286]]]}}, {"type": "Feature", "properties": {"name": "West Village Dining Commons", "aka": [], "doors": [[-84.405053, 33.779495, false]]}, "geometry": {"type": "Polygon", "coordinates": [[[-84.4043453613973, 33.7792454512076], [-84.4043453083171, 33.7792332699977], [-84.4043456326118, 33.7792154211811], [-84.4042882969972, 33.7792146957655], [-84.4042892322737, 33.7791631582678], [-84.4043204812927, 33.7791635534265], [-84.404320735192, 33.7791495358627], [-84.4043214248429, 33.7791115001676], [-84.4043258130925, 33.7791115557339], [-84.4043257634561, 33.7791143040633], [-84.4043309140338, 33.7791143689811], [-84.4045328361461, 33.7791169229284], [-84.4045328868581, 33.7791141754984], [-84.4045372740282, 33.7791142310592], [-84.4045371240546, 33.7791224742466], [-84.4046827742246, 33.7791243168016], [-84.4046827911262, 33.779123400691], [-84.4047101345463, 33.7791237464798], [-84.4047740038861, 33.7791245537666], [-84.4047739869855, 33.7791254698771], [-84.4048301498956, 33.7791261801991], [-84.4048694001189, 33.7791266769915], [-84.4048694170185, 33.7791257608809], [-84.4049481701325, 33.7791267566453], [-84.4050040609368, 33.7791274629053], [-84.4050033625732, 33.7791630235868], [-84.4050021337601, 33.7792308364655], [-84.4050471087058, 33.7792312761606], [-84.4050434557067, 33.779432719374], [-84.4050415028429, 33.7795404470542], [-84.4048820662713, 33.7795384313714], [-84.4047767877102, 33.7795370999412], [-84.4047791089219, 33.7794819865242], [-84.4047534336641, 33.7794816618772], [-84.4047281525315, 33.7794813427762], [-84.4047153255757, 33.7793620880446], [-84.4047122147009, 33.7793331636554], [-84.4047050121735, 33.7792662028747], [-84.4047016018949, 33.7792664384723], [-84.4047015641137, 33.7792660517367], [-84.4046998286027, 33.7792499200304], [-84.4046828575826, 33.7792497057117], [-84.4046368618712, 33.7792491235881], [-84.4045677576289, 33.7792482496822], [-84.4045677678858, 33.7792476635889], [-84.4045388371382, 33.7792472973855], [-84.404538837218, 33.7792473262382], [-84.4045381515531, 33.7792473176417], [-84.4045381411788, 33.7792478613576], [-84.4044789083541, 33.7792471117363], [-84.404478918649, 33.7792465391677], [-84.4044782340639, 33.7792465305688], [-84.4043999420714, 33.7792455976338], [-84.4043999316962, 33.7792461413496], [-84.4043453613973, 33.7792454512076]]]}}, {"type": "Feature", "properties": {"name": "Whitaker Building", "aka": [], "doors": [[-84.396919, 33.778362, true], [-84.396988, 33.778603, true], [-84.396919, 33.778362, true], [-84.396988, 33.778603, true], [-84.396914, 33.778622, false]]}, "geometry": {"type": "Polygon", "coordinates": [[[-84.3964481648599, 33.7784557122834], [-84.3964489316819, 33.7784056475389], [-84.3964519378782, 33.7784057230901], [-84.3964816181225, 33.7784062647149], [-84.3964826782976, 33.7783645721626], [-84.3965803942126, 33.7783660176326], [-84.3965805975507, 33.7783560440827], [-84.396583901155, 33.7783554915269], [-84.396696818223, 33.7783571610453], [-84.3968862302407, 33.778359954601], [-84.3969418611376, 33.7783613863201], [-84.3969617073904, 33.7783612266611], [-84.3970152063604, 33.7783620591206], [-84.3970445245221, 33.7783636769566], [-84.3970546787803, 33.7783650339207], [-84.397088916635, 33.7783716404176], [-84.3971071931832, 33.778376406685], [-84.3971217639014, 33.778381110443], [-84.3971392639131, 33.778387814904], [-84.397156857994, 33.778395776991], [-84.3971813549149, 33.7784090026482], [-84.3971967327008, 33.7784187270904], [-84.3972125292968, 33.7784304172509], [-84.3972321099642, 33.7784463831856], [-84.3972437102217, 33.7784595066937], [-84.3972488322106, 33.778476320143], [-84.3972033481812, 33.7784976931197], [-84.3972268389132, 33.7785174017205], [-84.3971490208733, 33.7785544760363], [-84.397098548747, 33.7785776020849], [-84.3969849290294, 33.7786297971214], [-84.3969421544281, 33.7786291646411], [-84.396902320081, 33.7786285753496], [-84.3968423337088, 33.7786276882197], [-84.3968036493357, 33.7786271165878], [-84.3967438054977, 33.7786262318492], [-84.3967049084054, 33.7786256560747], [-84.3966458107011, 33.7786247825208], [-84.3966055530813, 33.7786241867091], [-84.3965457157253, 33.7786233018623], [-84.3965073401723, 33.7786227340705], [-84.3964446392284, 33.7786218067205], [-84.3964456730673, 33.7785730741215], [-84.3964476323947, 33.7784807259984], [-84.396447697561, 33.7784760165495], [-84.3964480725714, 33.7784599691536], [-84.3964481648599, 33.7784557122834]]]}}, {"type": "Feature", "properties": {"name": "Whitehead Pharmacy", "aka": [], "doors": []}, "geometry": {"type": "Polygon", "coordinates": [[[-84.4030609649738, 33.7746882962277], [-84.4032629824541, 33.7747002671493], [-84.4032630033846, 33.7747004185868], [-84.4032632398033, 33.7747864213279], [-84.4030612063977, 33.7747868084831], [-84.4030609371818, 33.7746887912881], [-84.4030609649738, 33.7746882962277]]]}}, {"type": "Feature", "properties": {"name": "Whitehead Student Health Center", "aka": ["Whitehead Building Student Health Center"], "doors": [[-84.402824, 33.774879, true]]}, "geometry": {"type": "Polygon", "coordinates": [[[-84.4028984026589, 33.7749842998362], [-84.4028858982555, 33.7749794187831], [-84.4028739894064, 33.7749735907558], [-84.402862779898, 33.7749668651466], [-84.4028523659815, 33.7749592994771], [-84.4028428363746, 33.7749509603003], [-84.4028342744113, 33.7749419195888], [-84.4028267537208, 33.7749322538426], [-84.4028203393168, 33.7749220476925], [-84.4028150854236, 33.7749113884955], [-84.4028162841163, 33.774910685618], [-84.4028123121856, 33.7748997651936], [-84.402808426561, 33.7748801616932], [-84.4028075729446, 33.7748661489464], [-84.4028060432724, 33.7748662420385], [-84.4028057767257, 33.7748493708325], [-84.4028060179786, 33.774838133981], [-84.4028070574111, 33.7748207048583], [-84.4028082312102, 33.7748093553193], [-84.4028097721898, 33.7747980366355], [-84.4028116792895, 33.7747867560221], [-84.4028139503773, 33.7747755234014], [-84.4028165833158, 33.7747643468924], [-84.4028195781221, 33.7747532328065], [-84.4028229315844, 33.774742191068], [-84.402826735806, 33.7747309483001], [-84.4028312284618, 33.774720343486], [-84.402837167315, 33.7747099171364], [-84.402844387177, 33.7747000644908], [-84.4028527966155, 33.7746909101519], [-84.4028623342788, 33.7746825236642], [-84.4028728612286, 33.7746750297213], [-84.4028843839654, 33.7746684364255], [-84.4028967461618, 33.7746632201479], [-84.4029101650969, 33.774659869168], [-84.4029240830214, 33.7746585477523], [-84.4029380606179, 33.7746592982176], [-84.402951661627, 33.7746620970545], [-84.4029644560918, 33.7746668567245], [-84.4029760451952, 33.7746734274156], [-84.4029860634341, 33.7746816024478], [-84.4029931062743, 33.7746918281242], [-84.402992498121, 33.7746991948858], [-84.4030090599852, 33.7747001477744], [-84.403010238673, 33.7746858705591], [-84.4030609649738, 33.7746882962277], [-84.4030609371818, 33.7746887912881], [-84.4030612063977, 33.7747868084831], [-84.4032632398033, 33.7747864213279], [-84.4032630033846, 33.7747004185868], [-84.4032629824541, 33.7747002671493], [-84.4034318544941, 33.774710274419], [-84.4034251560707, 33.7747934800135], [-84.4034238019063, 33.7748098818615], [-84.4034110535265, 33.7749643764682], [-84.4034091996751, 33.7749847826098], [-84.4033631801804, 33.7749821803503], [-84.403362173302, 33.7749929543199], [-84.4033616717831, 33.7749990396306], [-84.4029531129459, 33.7749937075303], [-84.4029383414872, 33.7749928729298], [-84.4029247636455, 33.7749910595532], [-84.4029113945282, 33.7749881908424], [-84.4028984026589, 33.7749842998362]]]}}, {"type": "Feature", "properties": {"name": "Wood Products", "aka": [], "doors": []}, "geometry": {"type": "Polygon", "coordinates": [[[-84.4020105960246, 33.7719022121922], [-84.4015559931821, 33.7717439473513], [-84.4014897852915, 33.771873696733], [-84.4014284596, 33.7718522927537], [-84.4014291104188, 33.771850234846], [-84.4014945831626, 33.7717228690614], [-84.4011773549283, 33.7716100921194], [-84.4012030036704, 33.7715595490252], [-84.4011908998797, 33.7715552648307], [-84.4011434908605, 33.7715384858888], [-84.4011443456744, 33.7715368008791], [-84.4011444777662, 33.7715365418539], [-84.4010932250036, 33.7714312856017], [-84.4010911824293, 33.7714305393063], [-84.4011168311693, 33.7713799962286], [-84.401227525507, 33.7714195668203], [-84.4012613371961, 33.7714315387182], [-84.4013691970585, 33.771469730533], [-84.4014062605989, 33.7714828530274], [-84.4015281404682, 33.7715260077824], [-84.4020977546316, 33.7717281333906], [-84.4020105960246, 33.7719022121922]]]}}, {"type": "Feature", "properties": {"name": "Woodruff Residence Hall", "aka": [], "doors": [[-84.406319, 33.778847, true], [-84.40654, 33.779091, true], [-84.406319, 33.779335, true]]}, "geometry": {"type": "Polygon", "coordinates": [[[-84.4064819213297, 33.7795444862699], [-84.4064822525905, 33.7795114734623], [-84.4062719579604, 33.7795100038143], [-84.4062722411283, 33.7794655067659], [-84.4062279198531, 33.7794652637104], [-84.4062263034398, 33.7794652551268], [-84.4062270268384, 33.7793756476013], [-84.4062270269935, 33.7793737640511], [-84.4062733143423, 33.7793747444472], [-84.4062738837863, 33.7793178897086], [-84.4062747938962, 33.7792271060647], [-84.4063104835507, 33.7792273559478], [-84.4063110674937, 33.7791691252595], [-84.4063824467523, 33.779169624093], [-84.4063833078673, 33.7791895912956], [-84.4065164761886, 33.7791917868376], [-84.4065183769249, 33.7790319311541], [-84.4063854101737, 33.7790314618846], [-84.406384268493, 33.7790514780607], [-84.4063127906968, 33.7790512309802], [-84.4063128286481, 33.7789935179969], [-84.4062771390906, 33.778993268114], [-84.4062780491957, 33.7789024844653], [-84.4062786197152, 33.7788456297204], [-84.406232497524, 33.7788453072105], [-84.4062334076756, 33.7787545235598], [-84.4062795298182, 33.7787548460695], [-84.4062799760852, 33.7787103712403], [-84.4064902687611, 33.7787118408834], [-84.40649060002, 33.778678828973], [-84.4065965691002, 33.7786795697244], [-84.4065969003157, 33.7786465569122], [-84.4067352654923, 33.778647523985], [-84.4067348008227, 33.7786938328108], [-84.4067199767478, 33.7786937300068], [-84.4067198380401, 33.7787074849709], [-84.4067242305186, 33.7787075151975], [-84.4067237669252, 33.7787538249223], [-84.4066183462724, 33.7787530877223], [-84.4066180150625, 33.7787860996323], [-84.4065093000093, 33.778785339892], [-84.4065093683015, 33.778778462863], [-84.4064928964867, 33.7787783470044], [-84.40649249694, 33.7788182377465], [-84.4063579754544, 33.7788172971994], [-84.4063576803568, 33.7788466411201], [-84.4063812905138, 33.7788468062463], [-84.4063811510765, 33.7788607063772], [-84.4063810058292, 33.7788752340688], [-84.4063573956644, 33.7788750689425], [-84.4063572020728, 33.7788943376116], [-84.4063569928949, 33.7789068475312], [-84.4063568986989, 33.7789245868062], [-84.4063813986055, 33.778924758319], [-84.406457914112, 33.7789252931163], [-84.4064590262717, 33.7789253008734], [-84.4064772458483, 33.7789248948905], [-84.4065550712881, 33.778925501919], [-84.406567559898, 33.7789255993647], [-84.4067213270091, 33.7789269512694], [-84.4067336061774, 33.7789270590239], [-84.4068230577422, 33.778927845236], [-84.4068226185564, 33.7789716618456], [-84.4068225931193, 33.7789741540598], [-84.4068182006271, 33.7789741238368], [-84.4068179134698, 33.7789872984257], [-84.4068321734168, 33.7789879775693], [-84.406831901958, 33.7790315368814], [-84.4068495686343, 33.7790314853668], [-84.4068504370901, 33.7789878924333], [-84.4069246592496, 33.7789884187815], [-84.4069411937348, 33.7789885362636], [-84.4070365928399, 33.778989405414], [-84.4070348476775, 33.7791636376339], [-84.4070743802067, 33.7791639140737], [-84.4070753590289, 33.7792290483701], [-84.4070751023253, 33.7792415151032], [-84.4070903042246, 33.7792419390178], [-84.4070901631907, 33.7792590914082], [-84.4070751839558, 33.7792591395252], [-84.4070752341049, 33.7792701332637], [-84.4070754193873, 33.7793101725386], [-84.4070393519324, 33.7793095891], [-84.4070400837895, 33.7792747235179], [-84.4070405983404, 33.7792501957928], [-84.4069895091922, 33.7792495261872], [-84.4069895919567, 33.7792412723086], [-84.4069529311928, 33.7792404898335], [-84.4068479533176, 33.7792396086063], [-84.4068486954632, 33.7791964090402], [-84.4068302484786, 33.7791965982227], [-84.4068298118131, 33.7792401560515], [-84.4068155361664, 33.7792400567002], [-84.4068153985534, 33.779253811661], [-84.4068197910623, 33.7792538427857], [-84.4068189076549, 33.7792998224176], [-84.4063858570746, 33.7792973156617], [-84.4063531664566, 33.7792968931701], [-84.4063534511724, 33.7793146037568], [-84.4063529956457, 33.779345274316], [-84.4063774385034, 33.7793454666782], [-84.4063759950951, 33.7793750039771], [-84.4063523847931, 33.7793748388504], [-84.4063522859045, 33.7794021356386], [-84.4064867375185, 33.7794044098679], [-84.4064862136252, 33.7794450140538], [-84.4065021370389, 33.7794451246672], [-84.4065027549352, 33.779438251079], [-84.4066114708133, 33.7794390108215], [-84.4066112185807, 33.7794709180513], [-84.4067164126913, 33.7794718008618], [-84.4067160975342, 33.7795190696493], [-84.4067117050118, 33.779519038521], [-84.406711567382, 33.7795327934812], [-84.4067263926838, 33.7795328971851], [-84.4067259280076, 33.7795792060042], [-84.4065875613329, 33.7795782389277], [-84.4065878925557, 33.7795452270219], [-84.4064819213297, 33.7795444862699]]]}}, {"type": "Feature", "properties": {"name": "Wrek Transmitter & Tower", "aka": [], "doors": []}, "geometry": {"type": "Polygon", "coordinates": [[[-84.4062128763928, 33.7782041240547], [-84.4062702258119, 33.7781828987438], [-84.4062881625928, 33.7782151556683], [-84.4062637956763, 33.7782238967046], [-84.4062724676794, 33.7782400248414], [-84.40622700403, 33.7782570046463], [-84.4062135501459, 33.7782324391162], [-84.4062257339549, 33.7782281930309], [-84.4062128763928, 33.7782041240547]]]}}, {"type": "Feature", "properties": {"name": "Zelnak Basketball Addition", "aka": [], "doors": []}, "geometry": {"type": "Polygon", "coordinates": [[[-84.3922757803201, 33.780085432701], [-84.3922758480465, 33.780076670326], [-84.3921114280923, 33.7800756553024], [-84.3921100327731, 33.7800326905412], [-84.392110723632, 33.7799547252586], [-84.3920767171516, 33.7799545150807], [-84.3920786240274, 33.7797393567552], [-84.3920827195899, 33.7796787826207], [-84.392188527419, 33.7796797686626], [-84.3923888248082, 33.7796816349459], [-84.3923888897506, 33.7796742854637], [-84.3923889718116, 33.7796742853136], [-84.3924916884548, 33.7796749196956], [-84.3924928125642, 33.7798090816144], [-84.3924900176226, 33.7800874275143], [-84.3924882432, 33.7800979818895], [-84.3923838028482, 33.7801846503783], [-84.3923551540033, 33.7801601309648], [-84.3923548052373, 33.7801601297994], [-84.392341644551, 33.7801488029747], [-84.3922924553164, 33.7801485349642], [-84.3922791125131, 33.7801484619805], [-84.3922752868634, 33.7801484410235], [-84.3922757803201, 33.780085432701]]]}}, {"type": "Feature", "properties": {"name": "Zeta Beta Tau", "aka": [], "doors": []}, "geometry": {"type": "Polygon", "coordinates": [[[-84.3925696666626, 33.777987471642], [-84.3925424449948, 33.777986874985], [-84.3922931542019, 33.7779812701117], [-84.3922963290852, 33.7778805515806], [-84.3923103574075, 33.77788071618], [-84.3923115731659, 33.7778646483214], [-84.3923116779057, 33.7778584736168], [-84.39231177982, 33.7778524567066], [-84.3923122402632, 33.7778353434109], [-84.3923275182095, 33.7778352415394], [-84.392327045918, 33.7777856587547], [-84.3925051560719, 33.7777843330064], [-84.39250294116, 33.7778467268714], [-84.392652533254, 33.7778469363125], [-84.3926535749784, 33.7778883815446], [-84.3926601304301, 33.7778885309356], [-84.392656962446, 33.777989247659], [-84.3925696666626, 33.777987471642]]]}}, {"type": "Feature", "properties": {"name": "Zeta Tau Alpha", "aka": [], "doors": []}, "geometry": {"type": "Polygon", "coordinates": [[[-84.393258890166, 33.7772140548972], [-84.3932460050009, 33.7772133364955], [-84.3932462689807, 33.7772172275412], [-84.3932170009533, 33.7772172533229], [-84.3932173957419, 33.7771916754332], [-84.3932466849774, 33.7771915062498], [-84.3932461747823, 33.7771982632657], [-84.3932592704462, 33.7771997846529], [-84.3932607198326, 33.7771515463094], [-84.3932631437436, 33.7770797577278], [-84.3934580364856, 33.7770820343507], [-84.3934560536375, 33.7771560131397], [-84.393455295047, 33.7771828179456], [-84.3934523682582, 33.7772841509856], [-84.3934355874281, 33.7772838409977], [-84.3932574154115, 33.7772805445284], [-84.3932583610015, 33.7772546148848], [-84.393258890166, 33.7772140548972]]]}}]}