{"type": "FeatureCollection", "features": [{"type": "Feature", "id": 1, "geometry": {"type": "LineString", "coordinates": [[-84.3970334372738, 33.7734525899951], [-84.3970499950211, 33.7734657329691], [-84.3976371464673, 33.7737783680393], [-84.3977304284247, 33.7738299772085], [-84.397768420873, 33.7738409135843], [-84.3977994298183, 33.7738413660931]]}, "properties": {"OBJECTID": 1, "FACILITYID": null, "SURFTYPE": "Concrete", "ADACOMPLY": "Yes", "CONDITION": null, "WIDTH": null, "INSTALLDATE": null, "OWNEDBY": null, "MAINTBY": null, "LASTUPDATE": null, "LASTEDITOR": null, "Shape__Length": 274.17853096259705, "GlobalID": "fe4ad40b-cc3a-4474-a62c-bc089f4f7293", "Status": null, "CreationDate": 1758294013017, "Creator": "dsimsGT", "EditDate": 1758294013017, "Editor": "dsimsGT"}}, {"type": "Feature", "id": 2, "geometry": {"type": "LineString", "coordinates": [[-84.3978032683474, 33.7733938695761], [-84.3977994301103, 33.7738413657448], [-84.3977964503237, 33.7739921888429]]}, "properties": {"OBJECTID": 2, "FACILITYID": null, "SURFTYPE": "Concrete", "ADACOMPLY": "Yes", "CONDITION": null, "WIDTH": null, "INSTALLDATE": null, "OWNEDBY": null, "MAINTBY": null, "LASTUPDATE": null, "LASTEDITOR": null, "Shape__Length": 217.7221132177672, "GlobalID": "e61b5941-7e9e-4274-903a-6fbbe3dbb4b0", "Status": null, "CreationDate": 1758294013017, "Creator": "dsimsGT", "EditDate": 1758294013017, "Editor": "dsimsGT"}}, {"type": "Feature", "id": 3, "geometry": {"type": "LineString", "coordinates": [[-84.3977964501065, 33.7739921887728], [-84.3977444412448, 33.7739920804994], [-84.3969255666762, 33.7739848732271], [-84.3968910596912, 33.7739935268821]]}, "properties": {"OBJECTID": 3, "FACILITYID": null, "SURFTYPE": "Concrete", "ADACOMPLY": "Yes", "CONDITION": null, "WIDTH": null, "INSTALLDATE": null, "OWNEDBY": null, "MAINTBY": null, "LASTUPDATE": null, "LASTEDITOR": null, "Shape__Length": 275.59808222951426, "GlobalID": "fed086d7-abd3-47e7-959d-9d5119fc51ea", "Status": null, "CreationDate": 1758294013017, "Creator": "dsimsGT", "EditDate": 1758294013017, "Editor": "dsimsGT"}}, {"type": "Feature", "id": 4, "geometry": {"type": "LineString", "coordinates": [[-84.3969255666762, 33.7739848732271], [-84.3969232768705, 33.7739609642242], [-84.3969245282237, 33.7739049241357], [-84.3969256250667, 33.7737112749529]]}, "properties": {"OBJECTID": 4, "FACILITYID": null, "SURFTYPE": "Concrete", "ADACOMPLY": "Yes", "CONDITION": null, "WIDTH": null, "INSTALLDATE": null, "OWNEDBY": null, "MAINTBY": null, "LASTUPDATE": null, "LASTEDITOR": null, "Shape__Length": 99.58633253097005, "GlobalID": "df5de6fc-60dc-4989-89e1-75f157c6b5ff", "Status": null, "CreationDate": 1758294013017, "Creator": "dsimsGT", "EditDate": 1758294013017, "Editor": "dsimsGT"}}, {"type": "Feature", "id": 5, "geometry": {"type": "LineString", "coordinates": [[-84.3969256250667, 33.7737112749529], [-84.3969354427544, 33.7734867605285]]}, "properties": {"OBJECTID": 5, "FACILITYID": null, "SURFTYPE": "Concrete", "ADACOMPLY": "Yes", "CONDITION": null, "WIDTH": null, "INSTALLDATE": null, "OWNEDBY": null, "MAINTBY": null, "LASTUPDATE": null, "LASTEDITOR": null, "Shape__Length": 81.7485267588374, "GlobalID": "574f6cf9-c029-4886-8403-5fafdc5a91cf", "Status": null, "CreationDate": 1758294013017, "Creator": "dsimsGT", "EditDate": 1758294013017, "Editor": "dsimsGT"}}, {"type": "Feature", "id": 6, "geometry": {"type": "LineString", "coordinates": [[-84.396924896533, 33.7734560301227], [-84.3969486120565, 33.7734649795312], [-84.3969766152389, 33.7734663661854], [-84.3970002921348, 33.7734609256023], [-84.3970252446384, 33.7734497278268], [-84.3970394074772, 33.7734302765795], [-84.3970453938503, 33.773414077284], [-84.3970522336228, 33.7733942802981], [-84.3970478561325, 33.7733680279286], [-84.3970275586986, 33.7733486401337], [-84.3969965021426, 33.7733325110143], [-84.396967632086, 33.7733286086631], [-84.3969310248399, 33.7733311945495], [-84.3969103869446, 33.7733452627262], [-84.3968962160209, 33.7733618361407], [-84.3968859383958, 33.7733845184528], [-84.3968859985829, 33.7734068206796], [-84.3968912204896, 33.773426955179], [-84.3969037510895, 33.7734413205336], [-84.3969205819247, 33.7734528005695]]}, "properties": {"OBJECTID": 6, "FACILITYID": null, "SURFTYPE": "Brickpaver", "ADACOMPLY": "Yes", "CONDITION": null, "WIDTH": null, "INSTALLDATE": null, "OWNEDBY": null, "MAINTBY": null, "LASTUPDATE": null, "LASTEDITOR": null, "Shape__Length": 157.64313623113225, "GlobalID": "707c63e2-b595-49e2-8fe2-8aec8bb81a6c", "Status": null, "CreationDate": 1758294013017, "Creator": "dsimsGT", "EditDate": 1758294013017, "Editor": "dsimsGT"}}, {"type": "Feature", "id": 7, "geometry": {"type": "LineString", "coordinates": [[-84.3970522336228, 33.7733942802981], [-84.3970893636885, 33.7733962195247], [-84.3974071795512, 33.7733879847182], [-84.3974402492317, 33.7733901091311]]}, "properties": {"OBJECTID": 7, "FACILITYID": null, "SURFTYPE": "Concrete", "ADACOMPLY": "Yes", "CONDITION": null, "WIDTH": null, "INSTALLDATE": null, "OWNEDBY": null, "MAINTBY": null, "LASTUPDATE": null, "LASTEDITOR": null, "Shape__Length": 118.00559974429342, "GlobalID": "e651f359-0652-4ad0-8ccf-af96875c1c9c", "Status": null, "CreationDate": 1758294013017, "Creator": "dsimsGT", "EditDate": 1758294013017, "Editor": "dsimsGT"}}, {"type": "Feature", "id": 8, "geometry": {"type": "LineString", "coordinates": [[-84.397440249633, 33.7733901091807], [-84.3978062916354, 33.7733939423576]]}, "properties": {"OBJECTID": 8, "FACILITYID": null, "SURFTYPE": "Concrete", "ADACOMPLY": "Yes", "CONDITION": null, "WIDTH": null, "INSTALLDATE": null, "OWNEDBY": null, "MAINTBY": null, "LASTUPDATE": null, "LASTEDITOR": null, "Shape__Length": 111.23896104107503, "GlobalID": "73e71ab9-5712-42d8-b1ef-d9ef6ff0d63b", "Status": null, "CreationDate": 1758294013017, "Creator": "dsimsGT", "EditDate": 1758294013017, "Editor": "dsimsGT"}}, {"type": "Feature", "id": 9, "geometry": {"type": "LineString", "coordinates": [[-84.3974402492317, 33.7733901091311], [-84.3974435649134, 33.7734174203397], [-84.3974485622414, 33.773459052835], [-84.3974505978238, 33.7734999423265], [-84.3974629478623, 33.77354463408], [-84.3974831985838, 33.7735822521662], [-84.3976149284354, 33.7737405753079], [-84.3976505574162, 33.773785528286]]}, "properties": {"OBJECTID": 9, "FACILITYID": null, "SURFTYPE": "Concrete", "ADACOMPLY": "Yes", "CONDITION": null, "WIDTH": null, "INSTALLDATE": null, "OWNEDBY": null, "MAINTBY": null, "LASTUPDATE": null, "LASTEDITOR": null, "Shape__Length": 161.56807287783073, "GlobalID": "33a5c2a3-7f8d-47d3-84d5-433a7cdec6ed", "Status": null, "CreationDate": 1758294013017, "Creator": "dsimsGT", "EditDate": 1758294013017, "Editor": "dsimsGT"}}, {"type": "Feature", "id": 10, "geometry": {"type": "LineString", "coordinates": [[-84.3978030816241, 33.7733026254455], [-84.3978032818715, 33.7733968954949]]}, "properties": {"OBJECTID": 10, "FACILITYID": null, "SURFTYPE": null, "ADACOMPLY": null, "CONDITION": null, "WIDTH": null, "INSTALLDATE": null, "OWNEDBY": null, "MAINTBY": null, "LASTUPDATE": null, "LASTEDITOR": null, "Shape__Length": 34.30210051398544, "GlobalID": "44444640-24bf-4ce1-b2a5-c0a8316206e3", "Status": null, "CreationDate": 1758294013017, "Creator": "dsimsGT", "EditDate": 1758294013017, "Editor": "dsimsGT"}}, {"type": "Feature", "id": 11, "geometry": {"type": "LineString", "coordinates": [[-84.3977964501065, 33.7739921887728], [-84.3977864060433, 33.7740448170755], [-84.397787433716, 33.7751899503105]]}, "properties": {"OBJECTID": 11, "FACILITYID": null, "SURFTYPE": "Concrete", "ADACOMPLY": "Yes", "CONDITION": null, "WIDTH": null, "INSTALLDATE": null, "OWNEDBY": null, "MAINTBY": null, "LASTUPDATE": null, "LASTEDITOR": null, "Shape__Length": 436.0714370707468, "GlobalID": "88af57c9-50e3-425a-bdb6-b187edaa45f1", "Status": null, "CreationDate": 1758294013017, "Creator": "dsimsGT", "EditDate": 1758294013017, "Editor": "dsimsGT"}}, {"type": "Feature", "id": 12, "geometry": {"type": "LineString", "coordinates": [[-84.3977927373694, 33.775201884107], [-84.3968809141184, 33.7751945328229]]}, "properties": {"OBJECTID": 12, "FACILITYID": null, "SURFTYPE": "Concrete", "ADACOMPLY": "Yes", "CONDITION": null, "WIDTH": null, "INSTALLDATE": null, "OWNEDBY": null, "MAINTBY": null, "LASTUPDATE": null, "LASTEDITOR": null, "Shape__Length": 277.0853983406439, "GlobalID": "e9bc1f5f-bc9d-4299-add1-293b63a17607", "Status": null, "CreationDate": 1758294013017, "Creator": "dsimsGT", "EditDate": 1758294013017, "Editor": "dsimsGT"}}, {"type": "Feature", "id": 14, "geometry": {"type": "LineString", "coordinates": [[-84.3968910596912, 33.7739935268821], [-84.3968809141184, 33.7751945328229]]}, "properties": {"OBJECTID": 14, "FACILITYID": null, "SURFTYPE": "Concrete", "ADACOMPLY": "Yes", "CONDITION": null, "WIDTH": null, "INSTALLDATE": null, "OWNEDBY": null, "MAINTBY": null, "LASTUPDATE": null, "LASTEDITOR": null, "Shape__Length": 437.02102106873383, "GlobalID": "7f91ec77-5445-41fb-b55c-92d407562d80", "Status": null, "CreationDate": 1758294013017, "Creator": "dsimsGT", "EditDate": 1758294013017, "Editor": "dsimsGT"}}, {"type": "Feature", "id": 15, "geometry": {"type": "LineString", "coordinates": [[-84.3958086418761, 33.774002158135], [-84.3957005943104, 33.774000554196], [-84.3954746635249, 33.774003116914]]}, "properties": {"OBJECTID": 15, "FACILITYID": null, "SURFTYPE": "Concrete", "ADACOMPLY": "Yes", "CONDITION": null, "WIDTH": null, "INSTALLDATE": null, "OWNEDBY": null, "MAINTBY": null, "LASTUPDATE": null, "LASTEDITOR": null, "Shape__Length": 101.49773503742871, "GlobalID": "ca4accfc-452d-4c6f-b851-64f83145f7ad", "Status": null, "CreationDate": 1758294013017, "Creator": "dsimsGT", "EditDate": 1758294013017, "Editor": "dsimsGT"}}, {"type": "Feature", "id": 16, "geometry": {"type": "LineString", "coordinates": [[-84.3954746635249, 33.774003116914], [-84.3954568714923, 33.7741602654477], [-84.3954412048738, 33.77424671367], [-84.3954268785416, 33.7743784265968], [-84.3954271749857, 33.7744899206982], [-84.3954326574039, 33.7746207021071], [-84.3954329538479, 33.7747321951465], [-84.3954383338581, 33.7748243827174], [-84.395454001375, 33.7749229836361], [-84.3955056751651, 33.7750451026221], [-84.3956220546051, 33.7752648027103]]}, "properties": {"OBJECTID": 16, "FACILITYID": null, "SURFTYPE": "Concrete", "ADACOMPLY": "No", "CONDITION": null, "WIDTH": null, "INSTALLDATE": null, "OWNEDBY": null, "MAINTBY": null, "LASTUPDATE": null, "LASTEDITOR": null, "Shape__Length": 470.4492140676943, "GlobalID": "1f4808de-c8bf-4354-8a83-c60729f75dca", "Status": null, "CreationDate": 1758294013017, "Creator": "dsimsGT", "EditDate": 1758294013017, "Editor": "dsimsGT"}}, {"type": "Feature", "id": 17, "geometry": {"type": "LineString", "coordinates": [[-84.3956220546051, 33.7752648027103], [-84.3956811439878, 33.7753749717577], [-84.3957198452069, 33.7754456559157], [-84.3957508775084, 33.7755292190878], [-84.3957629652389, 33.7755934001185], [-84.3957695076691, 33.775680332995], [-84.395771784, 33.7757453181057]]}, "properties": {"OBJECTID": 17, "FACILITYID": null, "SURFTYPE": "Concrete", "ADACOMPLY": "Yes", "CONDITION": null, "WIDTH": null, "INSTALLDATE": null, "OWNEDBY": null, "MAINTBY": null, "LASTUPDATE": null, "LASTEDITOR": null, "Shape__Length": 183.03188500181352, "GlobalID": "9c9c72e2-b5cb-4bab-b2ca-458ed0372af3", "Status": null, "CreationDate": 1758294013017, "Creator": "dsimsGT", "EditDate": 1758294013017, "Editor": "dsimsGT"}}, {"type": "Feature", "id": 18, "geometry": {"type": "LineString", "coordinates": [[-84.3957338544338, 33.7754833784518], [-84.3956461043019, 33.7755453141922], [-84.3955274844636, 33.7756272098892], [-84.3955044175237, 33.7756535997056]]}, "properties": {"OBJECTID": 18, "FACILITYID": null, "SURFTYPE": "Concrete", "ADACOMPLY": "Yes", "CONDITION": null, "WIDTH": null, "INSTALLDATE": null, "OWNEDBY": null, "MAINTBY": null, "LASTUPDATE": null, "LASTEDITOR": null, "Shape__Length": 93.56849465295869, "GlobalID": "e98d746d-2116-44a5-bee1-346611cbfd8f", "Status": null, "CreationDate": 1758294013017, "Creator": "dsimsGT", "EditDate": 1758294013017, "Editor": "dsimsGT"}}, {"type": "Feature", "id": 19, "geometry": {"type": "LineString", "coordinates": [[-84.395771784, 33.7757453181057], [-84.3957201542274, 33.7757085283105], [-84.3956843330071, 33.7756840045095], [-84.3956516846364, 33.775666499665], [-84.3955948643981, 33.7756551886796], [-84.3955464910183, 33.7756561564007], [-84.3955044175237, 33.7756535997056], [-84.3953929464784, 33.7756555627755], [-84.3952846249265, 33.7756548855201], [-84.3952036265323, 33.7756471318045], [-84.3951710203824, 33.7756454353057], [-84.3951310363691, 33.7756376046792], [-84.3950920665538, 33.7756157211844]]}, "properties": {"OBJECTID": 19, "FACILITYID": null, "SURFTYPE": "Concrete", "ADACOMPLY": "Yes", "CONDITION": null, "WIDTH": null, "INSTALLDATE": null, "OWNEDBY": null, "MAINTBY": null, "LASTUPDATE": null, "LASTEDITOR": null, "Shape__Length": 220.00483567421585, "GlobalID": "e60d97b8-5dcc-443b-88c2-54fc1b52fff6", "Status": null, "CreationDate": 1758294013017, "Creator": "dsimsGT", "EditDate": 1758294013017, "Editor": "dsimsGT"}}, {"type": "Feature", "id": 20, "geometry": {"type": "LineString", "coordinates": [[-84.3951710203824, 33.7756454353057], [-84.3951694411441, 33.775669436429], [-84.3951290151597, 33.7758562085907], [-84.3951432768132, 33.775873808227]]}, "properties": {"OBJECTID": 20, "FACILITYID": null, "SURFTYPE": "Concrete", "ADACOMPLY": "Yes", "CONDITION": null, "WIDTH": null, "INSTALLDATE": null, "OWNEDBY": null, "MAINTBY": null, "LASTUPDATE": null, "LASTEDITOR": null, "Shape__Length": 85.5410033380946, "GlobalID": "815025c5-558a-42c8-a880-323905bcbf6c", "Status": null, "CreationDate": 1758294013017, "Creator": "dsimsGT", "EditDate": 1758294013017, "Editor": "dsimsGT"}}, {"type": "Feature", "id": 21, "geometry": {"type": "LineString", "coordinates": [[-84.3951432768132, 33.775873808227], [-84.3951131095893, 33.7758684686007], [-84.3950842134815, 33.7758552117509], [-84.3950708097192, 33.7758361717328], [-84.3950643032216, 33.775819636132], [-84.3950629548504, 33.775798055096], [-84.3950629126295, 33.7757822273567], [-84.3950559605676, 33.7757599369487], [-84.3950460027426, 33.7757408909359], [-84.3950287326313, 33.775725814364], [-84.3950049991415, 33.7757100306666], [-84.3949799936373, 33.7757021627111], [-84.394968356861, 33.7756996665]]}, "properties": {"OBJECTID": 21, "FACILITYID": null, "SURFTYPE": "Concrete", "ADACOMPLY": "Yes", "CONDITION": null, "WIDTH": null, "INSTALLDATE": null, "OWNEDBY": null, "MAINTBY": null, "LASTUPDATE": null, "LASTEDITOR": null, "Shape__Length": 91.90614974576094, "GlobalID": "1ce43ba3-3a57-4a73-937e-7fbe950b5cd7", "Status": null, "CreationDate": 1758294013017, "Creator": "dsimsGT", "EditDate": 1758294013017, "Editor": "dsimsGT"}}, {"type": "Feature", "id": 22, "geometry": {"type": "LineString", "coordinates": [[-84.3949708726963, 33.7756737615245], [-84.3949683566003, 33.7756996661257], [-84.3949598514511, 33.776065880495], [-84.3949564917843, 33.7764356179949]]}, "properties": {"OBJECTID": 22, "FACILITYID": null, "SURFTYPE": null, "ADACOMPLY": null, "CONDITION": null, "WIDTH": null, "INSTALLDATE": null, "OWNEDBY": null, "MAINTBY": null, "LASTUPDATE": null, "LASTEDITOR": null, "Shape__Length": 277.2767156436196, "GlobalID": "13dee012-9a9e-47a5-b865-137fbff26cb6", "Status": null, "CreationDate": 1758294013017, "Creator": "dsimsGT", "EditDate": 1758294013017, "Editor": "dsimsGT"}}, {"type": "Feature", "id": 23, "geometry": {"type": "LineString", "coordinates": [[-84.3956624626232, 33.7753401396537], [-84.3955247580766, 33.7753927268065], [-84.3954018424947, 33.7754412578517], [-84.3952799986028, 33.7754968115804], [-84.3951770822139, 33.7755523316716], [-84.3951203895364, 33.7755884435313], [-84.3950920665538, 33.7756157211844], [-84.395027985233, 33.7756421871676], [-84.3949708730421, 33.7756737613048], [-84.3948064103783, 33.7757646710102], [-84.3947444481832, 33.7757972800244], [-84.3946698646584, 33.7758290340584], [-84.3945604462636, 33.7758698499891], [-84.3944670879494, 33.7759023021572], [-84.3943392127686, 33.7759369645327], [-84.3942208211024, 33.7759624761396], [-84.3941165455626, 33.775981215958], [-84.3940903066714, 33.7759851995783], [-84.3940142714691, 33.7759932078865], [-84.3939072695424, 33.7759990261366], [-84.3938258381602, 33.7760025482983], [-84.3937336278929, 33.7760027177981]]}, "properties": {"OBJECTID": 23, "FACILITYID": null, "SURFTYPE": "Concrete", "ADACOMPLY": "Yes", "CONDITION": null, "WIDTH": null, "INSTALLDATE": null, "OWNEDBY": null, "MAINTBY": null, "LASTUPDATE": null, "LASTEDITOR": null, "Shape__Length": 646.0321702638672, "GlobalID": "fde9b8bd-32ed-4a76-847e-c12a86220f7a", "Status": null, "CreationDate": 1758294013017, "Creator": "dsimsGT", "EditDate": 1758294013017, "Editor": "dsimsGT"}}, {"type": "Feature", "id": 24, "geometry": {"type": "LineString", "coordinates": [[-84.3956624626232, 33.7753401396537], [-84.3957052583633, 33.7753274658956], [-84.3957698077064, 33.7753033638718], [-84.3958822094063, 33.7752751766366], [-84.3959898473403, 33.7752559916296], [-84.3960855439692, 33.7752458208038], [-84.3961621118724, 33.7752416818352]]}, "properties": {"OBJECTID": 24, "FACILITYID": null, "SURFTYPE": "Concrete", "ADACOMPLY": "Yes", "CONDITION": null, "WIDTH": null, "INSTALLDATE": null, "OWNEDBY": null, "MAINTBY": null, "LASTUPDATE": null, "LASTEDITOR": null, "Shape__Length": 157.01799630432586, "GlobalID": "5ac8a896-47cd-4517-ab82-5bd8f69efdd1", "Status": null, "CreationDate": 1758294013017, "Creator": "dsimsGT", "EditDate": 1758294013017, "Editor": "dsimsGT"}}, {"type": "Feature", "id": 25, "geometry": {"type": "LineString", "coordinates": [[-84.3961561170872, 33.7754485468531], [-84.3961553812785, 33.7754054258241], [-84.3961570587663, 33.7753506239167], [-84.3961621117069, 33.7752416814602]]}, "properties": {"OBJECTID": 25, "FACILITYID": null, "SURFTYPE": "Concrete", "ADACOMPLY": "Yes", "CONDITION": null, "WIDTH": null, "INSTALLDATE": null, "OWNEDBY": null, "MAINTBY": null, "LASTUPDATE": null, "LASTEDITOR": null, "Shape__Length": 75.3099683458536, "GlobalID": "4ec85155-6c72-4b09-ba7e-035caca940d7", "Status": null, "CreationDate": 1758294013017, "Creator": "dsimsGT", "EditDate": 1758911320656, "Editor": "aramirez91_GTFacilities"}}, {"type": "Feature", "id": 26, "geometry": {"type": "LineString", "coordinates": [[-84.3961621117069, 33.7752416814602], [-84.3961621969381, 33.7748250018469]]}, "properties": {"OBJECTID": 26, "FACILITYID": null, "SURFTYPE": null, "ADACOMPLY": null, "CONDITION": null, "WIDTH": null, "INSTALLDATE": null, "OWNEDBY": null, "MAINTBY": null, "LASTUPDATE": null, "LASTEDITOR": null, "Shape__Length": 151.61725853938185, "GlobalID": "318095e1-7488-449e-9bc5-b885b279bd2d", "Status": null, "CreationDate": 1758294013017, "Creator": "dsimsGT", "EditDate": 1758294013017, "Editor": "dsimsGT"}}, {"type": "Feature", "id": 27, "geometry": {"type": "LineString", "coordinates": [[-84.3961621118724, 33.7752416818352], [-84.3964121893728, 33.7752412158932], [-84.3966826164093, 33.7752437106243], [-84.3968764566779, 33.7752433492205], [-84.3968809141184, 33.7751945328229]]}, "properties": {"OBJECTID": 27, "FACILITYID": null, "SURFTYPE": "Concrete", "ADACOMPLY": "Yes", "CONDITION": null, "WIDTH": null, "INSTALLDATE": null, "OWNEDBY": null, "MAINTBY": null, "LASTUPDATE": null, "LASTEDITOR": null, "Shape__Length": 234.88503886921245, "GlobalID": "75e83c09-0575-4c28-8f5a-7014ab72f3b6", "Status": null, "CreationDate": 1758294013017, "Creator": "dsimsGT", "EditDate": 1758294013017, "Editor": "dsimsGT"}}, {"type": "Feature", "id": 28, "geometry": {"type": "LineString", "coordinates": [[-84.3966778167107, 33.7747910669491], [-84.3966737689021, 33.7750668623099], [-84.3966729505368, 33.775208755261], [-84.3966826164093, 33.7752437106243]]}, "properties": {"OBJECTID": 28, "FACILITYID": null, "SURFTYPE": "Concrete", "ADACOMPLY": "Yes", "CONDITION": null, "WIDTH": null, "INSTALLDATE": null, "OWNEDBY": null, "MAINTBY": null, "LASTUPDATE": null, "LASTEDITOR": null, "Shape__Length": 165.0463621203257, "GlobalID": "cd0b4d97-d58a-4ebd-90be-0cab432eafaf", "Status": null, "CreationDate": 1758294013017, "Creator": "dsimsGT", "EditDate": 1758294013017, "Editor": "dsimsGT"}}, {"type": "Feature", "id": 29, "geometry": {"type": "LineString", "coordinates": [[-84.3966826164093, 33.7752437106243], [-84.3966843016488, 33.7755326680923], [-84.3966815833467, 33.7757523221283]]}, "properties": {"OBJECTID": 29, "FACILITYID": null, "SURFTYPE": "Concrete", "ADACOMPLY": "Yes", "CONDITION": null, "WIDTH": null, "INSTALLDATE": null, "OWNEDBY": null, "MAINTBY": null, "LASTUPDATE": null, "LASTEDITOR": null, "Shape__Length": 185.0740571239959, "GlobalID": "0c35d547-7753-48f9-a31d-6136625acce0", "Status": null, "CreationDate": 1758294013017, "Creator": "dsimsGT", "EditDate": 1758294013017, "Editor": "dsimsGT"}}, {"type": "Feature", "id": 30, "geometry": {"type": "LineString", "coordinates": [[-84.3966815833467, 33.7757523221283], [-84.3966764791193, 33.7760810796992], [-84.3966757892131, 33.7762709340586], [-84.3966808422366, 33.7763708489838]]}, "properties": {"OBJECTID": 30, "FACILITYID": null, "SURFTYPE": "Concrete", "ADACOMPLY": "Yes", "CONDITION": null, "WIDTH": null, "INSTALLDATE": null, "OWNEDBY": null, "MAINTBY": null, "LASTUPDATE": null, "LASTEDITOR": null, "Shape__Length": 225.1062581207646, "GlobalID": "ccfaa4d4-3ccf-43e3-9ce1-864896d5cb4f", "Status": null, "CreationDate": 1758294013017, "Creator": "dsimsGT", "EditDate": 1758294013017, "Editor": "dsimsGT"}}, {"type": "Feature", "id": 31, "geometry": {"type": "LineString", "coordinates": [[-84.3966757892131, 33.7762709340586], [-84.3966171498864, 33.7762680465969], [-84.3965645140006, 33.7762731405363], [-84.3965262511594, 33.7762832037163], [-84.3964640940299, 33.7763073017309], [-84.396406756362, 33.7763433811646], [-84.3963864679113, 33.7763634029701]]}, "properties": {"OBJECTID": 31, "FACILITYID": null, "SURFTYPE": "Concrete", "ADACOMPLY": "Yes", "CONDITION": null, "WIDTH": null, "INSTALLDATE": null, "OWNEDBY": null, "MAINTBY": null, "LASTUPDATE": null, "LASTEDITOR": null, "Shape__Length": 98.32231187104901, "GlobalID": "843681bf-07e7-468b-82a3-b086c1ccf345", "Status": null, "CreationDate": 1758294013017, "Creator": "dsimsGT", "EditDate": 1758294013017, "Editor": "dsimsGT"}}, {"type": "Feature", "id": 32, "geometry": {"type": "LineString", "coordinates": [[-84.3963864678321, 33.7763634029541], [-84.396344601458, 33.77636847693], [-84.396300345114, 33.7763745552705], [-84.3962465080722, 33.7763776525252], [-84.3962010463243, 33.7763807350808]]}, "properties": {"OBJECTID": 32, "FACILITYID": null, "SURFTYPE": null, "ADACOMPLY": null, "CONDITION": null, "WIDTH": null, "INSTALLDATE": null, "OWNEDBY": null, "MAINTBY": null, "LASTUPDATE": null, "LASTEDITOR": null, "Shape__Length": 56.740777409402746, "GlobalID": "1ec509ee-5141-47bf-a090-32823c38e6b1", "Status": null, "CreationDate": 1758294013017, "Creator": "dsimsGT", "EditDate": 1758294013017, "Editor": "dsimsGT"}}, {"type": "Feature", "id": 33, "geometry": {"type": "LineString", "coordinates": [[-84.3963864678321, 33.7763634029541], [-84.3963686281142, 33.7764044045049], [-84.3963531858423, 33.7764464015224], [-84.3963461311125, 33.7764933780778]]}, "properties": {"OBJECTID": 33, "FACILITYID": null, "SURFTYPE": null, "ADACOMPLY": null, "CONDITION": null, "WIDTH": null, "INSTALLDATE": null, "OWNEDBY": null, "MAINTBY": null, "LASTUPDATE": null, "LASTEDITOR": null, "Shape__Length": 49.086443674419, "GlobalID": "1e3c18b7-8b62-483a-ae61-0b57ff514edf", "Status": null, "CreationDate": 1758294013017, "Creator": "dsimsGT", "EditDate": 1758294013017, "Editor": "dsimsGT"}}, {"type": "Feature", "id": 34, "geometry": {"type": "LineString", "coordinates": [[-84.3962839395946, 33.7769531413809], [-84.3962872391067, 33.7768442183453], [-84.3963206070279, 33.7767931956489], [-84.3963539219485, 33.7767221885398], [-84.3963669421303, 33.7766692049643], [-84.3963751715966, 33.776614232174], [-84.3963678557169, 33.7765632840098], [-84.3963461308601, 33.7764933780793], [-84.3963065304274, 33.7764504851502], [-84.3962669686223, 33.7764225797953], [-84.396229819692, 33.776401665707], [-84.3962010466535, 33.7763807351863], [-84.3961328106245, 33.7763688709964], [-84.3960550075377, 33.7763590236205], [-84.395986809238, 33.7763611479597], [-84.3959246035995, 33.7763672596349], [-84.395854052612, 33.7763843782964], [-84.3957871272251, 33.7764154787576], [-84.3957214226485, 33.7764555701184], [-84.395689182113, 33.7764806096621]]}, "properties": {"OBJECTID": 34, "FACILITYID": null, "SURFTYPE": "Concrete", "ADACOMPLY": "Yes", "CONDITION": null, "WIDTH": null, "INSTALLDATE": null, "OWNEDBY": null, "MAINTBY": null, "LASTUPDATE": null, "LASTEDITOR": null, "Shape__Length": 402.55510207287267, "GlobalID": "6fec0e1d-d6b9-4c34-8f30-71445a1db105", "Status": null, "CreationDate": 1758294013017, "Creator": "dsimsGT", "EditDate": 1758294013017, "Editor": "dsimsGT"}}, {"type": "Feature", "id": 35, "geometry": {"type": "LineString", "coordinates": [[-84.395689182113, 33.7764806096621], [-84.3957093645625, 33.7764206189831], [-84.3957200275649, 33.7763806299027], [-84.3957282246919, 33.776313665792], [-84.3957292694326, 33.7762567073167], [-84.3957314343724, 33.7761707688745]]}, "properties": {"OBJECTID": 35, "FACILITYID": null, "SURFTYPE": "Concrete", "ADACOMPLY": "No", "CONDITION": null, "WIDTH": null, "INSTALLDATE": null, "OWNEDBY": null, "MAINTBY": null, "LASTUPDATE": null, "LASTEDITOR": null, "Shape__Length": 114.07963718558689, "GlobalID": "cf03bd35-a49d-43cd-b603-4866ce0f2717", "Status": null, "CreationDate": 1758294013017, "Creator": "dsimsGT", "EditDate": 1758294013017, "Editor": "dsimsGT"}}, {"type": "Feature", "id": 36, "geometry": {"type": "LineString", "coordinates": [[-84.395854052612, 33.7763843782964], [-84.3958169108683, 33.7763664606744], [-84.3957785150765, 33.7763265626652], [-84.3957286846293, 33.7762885866248]]}, "properties": {"OBJECTID": 36, "FACILITYID": null, "SURFTYPE": "Concrete", "ADACOMPLY": "No", "CONDITION": null, "WIDTH": null, "INSTALLDATE": null, "OWNEDBY": null, "MAINTBY": null, "LASTUPDATE": null, "LASTEDITOR": null, "Shape__Length": 52.15773112573967, "GlobalID": "4cc6a42a-a88d-480b-9835-f963b4cf2f7b", "Status": null, "CreationDate": 1758294013017, "Creator": "dsimsGT", "EditDate": 1758294013017, "Editor": "dsimsGT"}}, {"type": "Feature", "id": 37, "geometry": {"type": "LineString", "coordinates": [[-84.395689182113, 33.7764806096621], [-84.3956307556869, 33.7765576599375], [-84.395585493173, 33.7766356830804], [-84.3955546001104, 33.7767176785381], [-84.395536819756, 33.7767806624833], [-84.3955261917879, 33.7768336422565], [-84.3955143771452, 33.7768906190154], [-84.3955013848113, 33.7769545951805]]}, "properties": {"OBJECTID": 37, "FACILITYID": null, "SURFTYPE": "Concrete", "ADACOMPLY": "Yes", "CONDITION": null, "WIDTH": null, "INSTALLDATE": null, "OWNEDBY": null, "MAINTBY": null, "LASTUPDATE": null, "LASTEDITOR": null, "Shape__Length": 183.75324319436143, "GlobalID": "68a54220-d598-46eb-a80e-0fd6172775bb", "Status": null, "CreationDate": 1758294013017, "Creator": "dsimsGT", "EditDate": 1758294013017, "Editor": "dsimsGT"}}, {"type": "Feature", "id": 38, "geometry": {"type": "LineString", "coordinates": [[-84.396019430116, 33.7769569395757], [-84.3958842996078, 33.7769588803331], [-84.3957694377533, 33.7769620916129], [-84.3956581568866, 33.7769622981499], [-84.3955648267851, 33.7769634703227], [-84.3955013847076, 33.7769545949055]]}, "properties": {"OBJECTID": 38, "FACILITYID": null, "SURFTYPE": "Concrete", "ADACOMPLY": "No", "CONDITION": null, "WIDTH": null, "INSTALLDATE": null, "OWNEDBY": null, "MAINTBY": null, "LASTUPDATE": null, "LASTEDITOR": null, "Shape__Length": 157.71093886785653, "GlobalID": "f10b9451-a1d9-498a-a2c4-664bb54593bc", "Status": null, "CreationDate": 1758294013017, "Creator": "dsimsGT", "EditDate": 1758294013017, "Editor": "dsimsGT"}}, {"type": "Feature", "id": 39, "geometry": {"type": "LineString", "coordinates": [[-84.3955013848113, 33.7769545951805], [-84.395416391609, 33.7769407635496], [-84.3952990770228, 33.7769219948204], [-84.395216464356, 33.7769031626186], [-84.3951111207192, 33.7768863703631]]}, "properties": {"OBJECTID": 39, "FACILITYID": null, "SURFTYPE": "Concrete", "ADACOMPLY": "Yes", "CONDITION": null, "WIDTH": null, "INSTALLDATE": null, "OWNEDBY": null, "MAINTBY": null, "LASTUPDATE": null, "LASTEDITOR": null, "Shape__Length": 121.21634608705028, "GlobalID": "25cdf254-5693-41e5-8b49-5058f1d35a9d", "Status": null, "CreationDate": 1758294013017, "Creator": "dsimsGT", "EditDate": 1758294013017, "Editor": "dsimsGT"}}, {"type": "Feature", "id": 40, "geometry": {"type": "LineString", "coordinates": [[-84.3951111210552, 33.7768863704523], [-84.3950309405685, 33.7768825218277], [-84.3949172554735, 33.7768787360254], [-84.3947979123067, 33.7768683009792], [-84.3945581586458, 33.7768643105275], [-84.3944085972813, 33.7768583057163], [-84.3943165718533, 33.7768595836371], [-84.3940977378261, 33.7768531516992], [-84.3939082942289, 33.7768448412171], [-84.3937296451828, 33.7768457471026]]}, "properties": {"OBJECTID": 40, "FACILITYID": null, "SURFTYPE": "Concrete", "ADACOMPLY": "Yes", "CONDITION": null, "WIDTH": null, "INSTALLDATE": null, "OWNEDBY": null, "MAINTBY": null, "LASTUPDATE": null, "LASTEDITOR": null, "Shape__Length": 420.2342710230736, "GlobalID": "33aa6494-05eb-453e-9592-9c4ea91653de", "Status": null, "CreationDate": 1758294013017, "Creator": "dsimsGT", "EditDate": 1758911320656, "Editor": "aramirez91_GTFacilities"}}, {"type": "Feature", "id": 41, "geometry": {"type": "LineString", "coordinates": [[-84.3937296451828, 33.7768457471026], [-84.3937233046233, 33.7768382110428], [-84.3937245448446, 33.7767275734016], [-84.3937234492415, 33.7766028715854], [-84.3937229734472, 33.7764225304064], [-84.3937262598889, 33.7762166024412], [-84.3937336282193, 33.7760027179971]]}, "properties": {"OBJECTID": 41, "FACILITYID": null, "SURFTYPE": "Concrete", "ADACOMPLY": "Yes", "CONDITION": null, "WIDTH": null, "INSTALLDATE": null, "OWNEDBY": null, "MAINTBY": null, "LASTUPDATE": null, "LASTEDITOR": null, "Shape__Length": 307.4042950664782, "GlobalID": "05719c3d-f8c0-49b7-ab5c-115c4abbbc0d", "Status": null, "CreationDate": 1758294013017, "Creator": "dsimsGT", "EditDate": 1758911320656, "Editor": "aramirez91_GTFacilities"}}, {"type": "Feature", "id": 42, "geometry": {"type": "LineString", "coordinates": [[-84.3977927373694, 33.775201884107], [-84.3978323063611, 33.7752547401573], [-84.3978330025554, 33.7755139147353], [-84.3978260136625, 33.7756965998115], [-84.3978268949098, 33.7760244712692], [-84.397833388831, 33.7763538938451], [-84.3978232225969, 33.7767457995899], [-84.3978133716715, 33.7770878100093], [-84.3978059569772, 33.7776497721338], [-84.3977974607112, 33.7781604966336]]}, "properties": {"OBJECTID": 42, "FACILITYID": null, "SURFTYPE": "Asphalt", "ADACOMPLY": "Yes", "CONDITION": null, "WIDTH": null, "INSTALLDATE": null, "OWNEDBY": null, "MAINTBY": null, "LASTUPDATE": null, "LASTEDITOR": null, "Shape__Length": 1080.150653662408, "GlobalID": "c8cbc511-0129-43aa-b18d-b63fb5bff303", "Status": null, "CreationDate": 1758294013017, "Creator": "dsimsGT", "EditDate": 1758294013017, "Editor": "dsimsGT"}}, {"type": "Feature", "id": 43, "geometry": {"type": "LineString", "coordinates": [[-84.3977864059114, 33.7740448172405], [-84.3978518014295, 33.7741602306294], [-84.3980413633353, 33.774433102958], [-84.3981239645132, 33.7745594137594], [-84.3983736532167, 33.7749430254529]]}, "properties": {"OBJECTID": 43, "FACILITYID": null, "SURFTYPE": "Concrete", "ADACOMPLY": "Yes", "CONDITION": "Very Good", "WIDTH": 12, "INSTALLDATE": 1672531200000, "OWNEDBY": 1, "MAINTBY": 1, "LASTUPDATE": null, "LASTEDITOR": null, "Shape__Length": 372.48939935035185, "GlobalID": "cf6eee33-e19d-4a1c-ba1e-18d7d2d8943b", "Status": null, "CreationDate": 1758294013017, "Creator": "dsimsGT", "EditDate": 1758294013017, "Editor": "dsimsGT"}}, {"type": "Feature", "id": 44, "geometry": {"type": "LineString", "coordinates": [[-84.3983736536091, 33.7749430251878], [-84.3985951530054, 33.7752720442232], [-84.398728509706, 33.7754997438701]]}, "properties": {"OBJECTID": 44, "FACILITYID": null, "SURFTYPE": null, "ADACOMPLY": "Yes", "CONDITION": null, "WIDTH": null, "INSTALLDATE": null, "OWNEDBY": null, "MAINTBY": null, "LASTUPDATE": null, "LASTEDITOR": null, "Shape__Length": 229.57473154998718, "GlobalID": "5602ba55-1b99-4ca8-82cd-1548eac55b8b", "Status": null, "CreationDate": 1758294013017, "Creator": "dsimsGT", "EditDate": 1758294013017, "Editor": "dsimsGT"}}, {"type": "Feature", "id": 45, "geometry": {"type": "LineString", "coordinates": [[-84.3977927373694, 33.775201884107], [-84.3978695181734, 33.7751875339816], [-84.3979946085767, 33.7751232861903], [-84.3983736536091, 33.7749430251878]]}, "properties": {"OBJECTID": 45, "FACILITYID": null, "SURFTYPE": "Concrete", "ADACOMPLY": "Yes", "CONDITION": null, "WIDTH": null, "INSTALLDATE": null, "OWNEDBY": null, "MAINTBY": null, "LASTUPDATE": null, "LASTEDITOR": null, "Shape__Length": 201.07907956975856, "GlobalID": "5732cb3c-6e8e-4aa8-bc73-bf6df1a4546f", "Status": null, "CreationDate": 1758294013017, "Creator": "dsimsGT", "EditDate": 1758294013017, "Editor": "dsimsGT"}}, {"type": "Feature", "id": 46, "geometry": {"type": "LineString", "coordinates": [[-84.3986873533912, 33.7747972347392], [-84.3987705237576, 33.7747616551778]]}, "properties": {"OBJECTID": 46, "FACILITYID": null, "SURFTYPE": null, "ADACOMPLY": "Steps", "CONDITION": null, "WIDTH": null, "INSTALLDATE": null, "OWNEDBY": null, "MAINTBY": null, "LASTUPDATE": null, "LASTEDITOR": null, "Shape__Length": 28.39581907838839, "GlobalID": "fc1a71e8-bf7e-4b24-84e4-ac9ce1478abf", "Status": null, "CreationDate": 1758294013017, "Creator": "dsimsGT", "EditDate": 1758294013017, "Editor": "dsimsGT"}}, {"type": "Feature", "id": 47, "geometry": {"type": "LineString", "coordinates": [[-84.3984317764047, 33.7749198997456], [-84.3984033276579, 33.7748539761469], [-84.3983919747494, 33.7748040357353], [-84.398386189599, 33.7747384712132], [-84.3983878954997, 33.774677578039], [-84.3984026844642, 33.7746150980684], [-84.3984253175178, 33.7745499806797], [-84.3984634716629, 33.7744999467523]]}, "properties": {"OBJECTID": 47, "FACILITYID": null, "SURFTYPE": null, "ADACOMPLY": "Yes", "CONDITION": null, "WIDTH": null, "INSTALLDATE": null, "OWNEDBY": null, "MAINTBY": null, "LASTUPDATE": null, "LASTEDITOR": null, "Shape__Length": 159.5098129509127, "GlobalID": "4b909ad5-4a5f-4901-89c9-2fe402a0ee6c", "Status": null, "CreationDate": 1758294013017, "Creator": "dsimsGT", "EditDate": 1758294013017, "Editor": "dsimsGT"}}, {"type": "Feature", "id": 48, "geometry": {"type": "LineString", "coordinates": [[-84.3984634716629, 33.7744999467523], [-84.3984860346478, 33.7744359538198], [-84.3985025807171, 33.7743599806314]]}, "properties": {"OBJECTID": 48, "FACILITYID": null, "SURFTYPE": null, "ADACOMPLY": "Yes", "CONDITION": null, "WIDTH": null, "INSTALLDATE": null, "OWNEDBY": null, "MAINTBY": null, "LASTUPDATE": null, "LASTEDITOR": null, "Shape__Length": 52.37139877195498, "GlobalID": "eeab9112-245c-4885-9078-302b734da987", "Status": null, "CreationDate": 1758294013017, "Creator": "dsimsGT", "EditDate": 1758294013017, "Editor": "dsimsGT"}}, {"type": "Feature", "id": 49, "geometry": {"type": "LineString", "coordinates": [[-84.3984634716629, 33.7744999467523], [-84.398473219282, 33.7745648789954], [-84.3984877342603, 33.774622807075], [-84.3985154023711, 33.7746777124462], [-84.3985466251154, 33.7747196221038], [-84.3985778245036, 33.7747525376654], [-84.3986113891558, 33.7747754570619], [-84.398657484408, 33.7748107389124]]}, "properties": {"OBJECTID": 49, "FACILITYID": null, "SURFTYPE": null, "ADACOMPLY": "Yes", "CONDITION": null, "WIDTH": null, "INSTALLDATE": null, "OWNEDBY": null, "MAINTBY": null, "LASTUPDATE": null, "LASTEDITOR": null, "Shape__Length": 132.43224513334548, "GlobalID": "891bf5af-3272-4de9-b779-bc8d3fed5932", "Status": null, "CreationDate": 1758294013017, "Creator": "dsimsGT", "EditDate": 1758294013017, "Editor": "dsimsGT"}}, {"type": "Feature", "id": 50, "geometry": {"type": "LineString", "coordinates": [[-84.398657484408, 33.7748107389124], [-84.3986917506445, 33.7748472513187], [-84.398761290129, 33.7748990801219], [-84.3987973431146, 33.7749569676535], [-84.3988189475972, 33.7749819083236], [-84.3988404505701, 33.7749688775879], [-84.3988355754131, 33.7749359128269], [-84.3988223010081, 33.7748939689267], [-84.3988221950069, 33.7748549991332], [-84.3988196752326, 33.774808040318], [-84.3987863279726, 33.7747548942701]]}, "properties": {"OBJECTID": 50, "FACILITYID": null, "SURFTYPE": null, "ADACOMPLY": "Yes", "CONDITION": null, "WIDTH": null, "INSTALLDATE": null, "OWNEDBY": null, "MAINTBY": null, "LASTUPDATE": null, "LASTEDITOR": null, "Shape__Length": 169.20709541771666, "GlobalID": "f4c4cd42-30c3-41ac-a28f-2010d5f1c3a6", "Status": null, "CreationDate": 1758294013017, "Creator": "dsimsGT", "EditDate": 1758294013017, "Editor": "dsimsGT"}}, {"type": "Feature", "id": 51, "geometry": {"type": "LineString", "coordinates": [[-84.3987863279726, 33.7747548942701], [-84.3987716144666, 33.7747316269029], [-84.3987272269117, 33.774696398036], [-84.3986754489171, 33.7746709353347], [-84.39864983705, 33.7746408154134], [-84.3986425624928, 33.774602508581]]}, "properties": {"OBJECTID": 51, "FACILITYID": null, "SURFTYPE": null, "ADACOMPLY": "Yes", "CONDITION": null, "WIDTH": null, "INSTALLDATE": null, "OWNEDBY": null, "MAINTBY": null, "LASTUPDATE": null, "LASTEDITOR": null, "Shape__Length": 73.99582693750587, "GlobalID": "233d257f-c8e8-4fc8-9426-c76d3bcc2385", "Status": null, "CreationDate": 1758294013017, "Creator": "dsimsGT", "EditDate": 1758294013017, "Editor": "dsimsGT"}}, {"type": "Feature", "id": 52, "geometry": {"type": "LineString", "coordinates": [[-84.3986425624928, 33.774602508581], [-84.3988586010305, 33.7746050996559]]}, "properties": {"OBJECTID": 52, "FACILITYID": null, "SURFTYPE": null, "ADACOMPLY": "Yes", "CONDITION": null, "WIDTH": null, "INSTALLDATE": null, "OWNEDBY": null, "MAINTBY": null, "LASTUPDATE": null, "LASTEDITOR": null, "Shape__Length": 65.65408949762737, "GlobalID": "6b46ab73-558c-4c8f-9fa3-cddcf9ff06f4", "Status": null, "CreationDate": 1758294013017, "Creator": "dsimsGT", "EditDate": 1758294013017, "Editor": "dsimsGT"}}, {"type": "Feature", "id": 53, "geometry": {"type": "LineString", "coordinates": [[-84.3986425620793, 33.7746025082928], [-84.3986078759371, 33.774602913409], [-84.3985544107722, 33.7746033348671], [-84.3985565633865, 33.774486612894], [-84.398643469124, 33.7744859762033], [-84.398641645463, 33.7746037254424]]}, "properties": {"OBJECTID": 53, "FACILITYID": null, "SURFTYPE": null, "ADACOMPLY": "Yes", "CONDITION": null, "WIDTH": null, "INSTALLDATE": null, "OWNEDBY": null, "MAINTBY": null, "LASTUPDATE": null, "LASTEDITOR": null, "Shape__Length": 138.52282802895814, "GlobalID": "d31b24e4-04b3-4fcc-b677-fc0596238dd6", "Status": null, "CreationDate": 1758294013017, "Creator": "dsimsGT", "EditDate": 1758911320656, "Editor": "aramirez91_GTFacilities"}}, {"type": "Feature", "id": 54, "geometry": {"type": "LineString", "coordinates": [[-84.398902124406, 33.7747109595616], [-84.3989354402249, 33.7746969080367], [-84.398976129615, 33.7746756581296]]}, "properties": {"OBJECTID": 54, "FACILITYID": null, "SURFTYPE": null, "ADACOMPLY": "Yes", "CONDITION": null, "WIDTH": null, "INSTALLDATE": null, "OWNEDBY": null, "MAINTBY": null, "LASTUPDATE": null, "LASTEDITOR": null, "Shape__Length": 25.92439850485753, "GlobalID": "01eb3cf5-5cbc-4bd2-97db-eb9a9b418aa6", "Status": null, "CreationDate": 1758294013017, "Creator": "dsimsGT", "EditDate": 1758294013017, "Editor": "dsimsGT"}}, {"type": "Feature", "id": 55, "geometry": {"type": "LineString", "coordinates": [[-84.3989354400939, 33.7746969076798], [-84.3989655022255, 33.7747518085784], [-84.3989633659354, 33.7747747668508], [-84.3989614138286, 33.7749031702472], [-84.3989604237149, 33.7749579627838], [-84.3989610820262, 33.7751754687994], [-84.3989559389748, 33.7753045156613], [-84.3989500070888, 33.7754409268927]]}, "properties": {"OBJECTID": 55, "FACILITYID": null, "SURFTYPE": null, "ADACOMPLY": "Yes", "CONDITION": null, "WIDTH": null, "INSTALLDATE": null, "OWNEDBY": null, "MAINTBY": null, "LASTUPDATE": null, "LASTEDITOR": null, "Shape__Length": 272.806103230835, "GlobalID": "c67fa9e1-f600-40cb-87fd-8b2b508a9c7b", "Status": null, "CreationDate": 1758294013017, "Creator": "dsimsGT", "EditDate": 1758911320656, "Editor": "aramirez91_GTFacilities"}}, {"type": "Feature", "id": 56, "geometry": {"type": "LineString", "coordinates": [[-84.3989500070888, 33.7754409268927], [-84.3989106597967, 33.7755130483251], [-84.3987765112534, 33.7755127101194]]}, "properties": {"OBJECTID": 56, "FACILITYID": null, "SURFTYPE": "Concrete", "ADACOMPLY": "Yes", "CONDITION": null, "WIDTH": 5, "INSTALLDATE": null, "OWNEDBY": null, "MAINTBY": null, "LASTUPDATE": null, "LASTEDITOR": null, "Shape__Length": 69.60143748056895, "GlobalID": "0903ec5c-0256-4e00-b58f-ce075a8846e3", "Status": "Close", "CreationDate": 1758294013017, "Creator": "dsimsGT", "EditDate": 1758294013017, "Editor": "dsimsGT"}}, {"type": "Feature", "id": 57, "geometry": {"type": "LineString", "coordinates": [[-84.3987285094299, 33.7754997435726], [-84.3987765112534, 33.7755127101194]]}, "properties": {"OBJECTID": 57, "FACILITYID": null, "SURFTYPE": "Concrete", "ADACOMPLY": "Yes", "CONDITION": null, "WIDTH": 4, "INSTALLDATE": null, "OWNEDBY": null, "MAINTBY": null, "LASTUPDATE": null, "LASTEDITOR": null, "Shape__Length": 15.330196528990673, "GlobalID": "3110d254-9213-49aa-b589-ffc467ccc6b5", "Status": "Open", "CreationDate": 1758294013017, "Creator": "dsimsGT", "EditDate": 1758294013017, "Editor": "dsimsGT"}}, {"type": "Feature", "id": 58, "geometry": {"type": "LineString", "coordinates": [[-84.3989500070888, 33.7754409268927], [-84.3990449401057, 33.7755154013283], [-84.3995622728234, 33.7755240900347]]}, "properties": {"OBJECTID": 58, "FACILITYID": null, "SURFTYPE": "Concrete", "ADACOMPLY": "Yes", "CONDITION": "Fair", "WIDTH": 5, "INSTALLDATE": null, "OWNEDBY": null, "MAINTBY": null, "LASTUPDATE": null, "LASTEDITOR": null, "Shape__Length": 196.8102906420006, "GlobalID": "0960ac5c-b17e-4d9e-9216-eca3f0a5efa6", "Status": "Open", "CreationDate": 1758294013017, "Creator": "dsimsGT", "EditDate": 1758911320656, "Editor": "aramirez91_GTFacilities"}}, {"type": "Feature", "id": 59, "geometry": {"type": "LineString", "coordinates": [[-84.3989655023459, 33.7747518088802], [-84.3992108026056, 33.7747553437872]]}, "properties": {"OBJECTID": 59, "FACILITYID": null, "SURFTYPE": "Concrete", "ADACOMPLY": "Yes", "CONDITION": null, "WIDTH": null, "INSTALLDATE": null, "OWNEDBY": null, "MAINTBY": null, "LASTUPDATE": null, "LASTEDITOR": null, "Shape__Length": 74.55000542972344, "GlobalID": "ccd4f608-4b7f-4f0a-899c-93f4cf8949f0", "Status": null, "CreationDate": 1758294013017, "Creator": "dsimsGT", "EditDate": 1758294013017, "Editor": "dsimsGT"}}, {"type": "Feature", "id": 60, "geometry": {"type": "LineString", "coordinates": [[-84.3992097174407, 33.7747963140509], [-84.3992108026056, 33.7747553437872]]}, "properties": {"OBJECTID": 60, "FACILITYID": null, "SURFTYPE": "Concrete", "ADACOMPLY": "Yes", "CONDITION": null, "WIDTH": null, "INSTALLDATE": null, "OWNEDBY": null, "MAINTBY": null, "LASTUPDATE": null, "LASTEDITOR": null, "Shape__Length": 14.911502316776591, "GlobalID": "903f0481-6792-4da2-9b2f-01d35bbeccf3", "Status": null, "CreationDate": 1758294013017, "Creator": "dsimsGT", "EditDate": 1758294013017, "Editor": "dsimsGT"}}, {"type": "Feature", "id": 61, "geometry": {"type": "LineString", "coordinates": [[-84.3992107046892, 33.7747191860273], [-84.399210533111, 33.7746554210042]]}, "properties": {"OBJECTID": 61, "FACILITYID": null, "SURFTYPE": "Brickpaver", "ADACOMPLY": "Steps", "CONDITION": null, "WIDTH": null, "INSTALLDATE": null, "OWNEDBY": null, "MAINTBY": null, "LASTUPDATE": null, "LASTEDITOR": null, "Shape__Length": 23.20224663505127, "GlobalID": "cb45386a-e795-4968-91be-75f95ec585e5", "Status": null, "CreationDate": 1758294013017, "Creator": "dsimsGT", "EditDate": 1758294013017, "Editor": "dsimsGT"}}, {"type": "Feature", "id": 62, "geometry": {"type": "LineString", "coordinates": [[-84.3990429766493, 33.774640747463], [-84.3992104441778, 33.7746224464154], [-84.3993348779126, 33.7746202137604], [-84.3994880451602, 33.774623921909], [-84.3995945395388, 33.7746247201391], [-84.3996987009926, 33.7746475051625], [-84.3997777248898, 33.7746673414344], [-84.3998627764826, 33.7747031527443], [-84.399945473591, 33.774752958061], [-84.39999703599, 33.774793829014]]}, "properties": {"OBJECTID": 62, "FACILITYID": null, "SURFTYPE": "Concrete", "ADACOMPLY": "Yes", "CONDITION": null, "WIDTH": 12, "INSTALLDATE": null, "OWNEDBY": null, "MAINTBY": null, "LASTUPDATE": null, "LASTEDITOR": null, "Shape__Length": 307.38762052290383, "GlobalID": "17191fbc-03b6-4c30-9cce-7338cc1b0c38", "Status": null, "CreationDate": 1758294013017, "Creator": "dsimsGT", "EditDate": 1758294013017, "Editor": "dsimsGT"}}, {"type": "Feature", "id": 63, "geometry": {"type": "LineString", "coordinates": [[-84.3998600429092, 33.7741355933546], [-84.3998721405211, 33.7741845328163], [-84.3998758577498, 33.7742314904798], [-84.399872957988, 33.7744862999088], [-84.3998721432161, 33.7746271939803], [-84.3998686766174, 33.7746721659077], [-84.3998627764826, 33.7747031527443]]}, "properties": {"OBJECTID": 63, "FACILITYID": null, "SURFTYPE": "Concrete", "ADACOMPLY": "Yes", "CONDITION": null, "WIDTH": null, "INSTALLDATE": null, "OWNEDBY": null, "MAINTBY": null, "LASTUPDATE": null, "LASTEDITOR": null, "Shape__Length": 207.110994111125, "GlobalID": "99d3d5dd-bfc2-4e54-ab50-330b3ff89283", "Status": null, "CreationDate": 1758294013017, "Creator": "dsimsGT", "EditDate": 1758294013017, "Editor": "dsimsGT"}}, {"type": "Feature", "id": 64, "geometry": {"type": "LineString", "coordinates": [[-84.3998721432161, 33.7746271939803], [-84.3999115756638, 33.7746071336871], [-84.3999545582535, 33.7745730785936], [-84.3999748161615, 33.7745420640817], [-84.400027995528, 33.7742971517156]]}, "properties": {"OBJECTID": 64, "FACILITYID": null, "SURFTYPE": "Concrete", "ADACOMPLY": "Yes", "CONDITION": null, "WIDTH": null, "INSTALLDATE": null, "OWNEDBY": null, "MAINTBY": null, "LASTUPDATE": null, "LASTEDITOR": null, "Shape__Length": 135.45904573130315, "GlobalID": "595510c7-c0b3-4991-92cf-dd98b037b8ae", "Status": null, "CreationDate": 1758294013017, "Creator": "dsimsGT", "EditDate": 1758294013017, "Editor": "dsimsGT"}}, {"type": "Feature", "id": 65, "geometry": {"type": "LineString", "coordinates": [[-84.39999703599, 33.774793829014], [-84.4000919304234, 33.7749295456767], [-84.4002107433995, 33.7750602196358], [-84.4002803978683, 33.7751540159981], [-84.4004988663487, 33.7754104049414], [-84.4006489532732, 33.7756009738846], [-84.4007354277974, 33.7757197190705], [-84.4007654773419, 33.7757696238536], [-84.4007787508486, 33.7758105667512], [-84.4007873989298, 33.7759104739996]]}, "properties": {"OBJECTID": 65, "FACILITYID": null, "SURFTYPE": "Concrete", "ADACOMPLY": "Yes", "CONDITION": null, "WIDTH": null, "INSTALLDATE": null, "OWNEDBY": null, "MAINTBY": null, "LASTUPDATE": null, "LASTEDITOR": null, "Shape__Length": 477.3219956484738, "GlobalID": "e02130d3-b35d-4a1a-a9bb-ad409fb0ca49", "Status": null, "CreationDate": 1758294013017, "Creator": "dsimsGT", "EditDate": 1758294013017, "Editor": "dsimsGT"}}, {"type": "Feature", "id": 66, "geometry": {"type": "LineString", "coordinates": [[-84.4007873989298, 33.7759104739996], [-84.4007986161928, 33.7760753256704]]}, "properties": {"OBJECTID": 66, "FACILITYID": null, "SURFTYPE": "Concrete", "ADACOMPLY": "Yes", "CONDITION": null, "WIDTH": null, "INSTALLDATE": null, "OWNEDBY": null, "MAINTBY": null, "LASTUPDATE": null, "LASTEDITOR": null, "Shape__Length": 60.08138181859671, "GlobalID": "60d5c6bf-52d0-4f3a-a4c9-f25862f5bcd0", "Status": null, "CreationDate": 1758294013017, "Creator": "dsimsGT", "EditDate": 1758294013017, "Editor": "dsimsGT"}}, {"type": "Feature", "id": 67, "geometry": {"type": "LineString", "coordinates": [[-84.4007986161928, 33.7760753256704], [-84.4007855897228, 33.7761253123826], [-84.4007824734671, 33.7762991851817], [-84.400775065061, 33.7766549260203]]}, "properties": {"OBJECTID": 67, "FACILITYID": null, "SURFTYPE": "Concrete", "ADACOMPLY": "Yes", "CONDITION": null, "WIDTH": null, "INSTALLDATE": null, "OWNEDBY": null, "MAINTBY": null, "LASTUPDATE": null, "LASTEDITOR": null, "Shape__Length": 211.35171649605402, "GlobalID": "942330f7-4a7f-4c20-a11e-1e45dd7a9b88", "Status": null, "CreationDate": 1758294013017, "Creator": "dsimsGT", "EditDate": 1758294013017, "Editor": "dsimsGT"}}, {"type": "Feature", "id": 68, "geometry": {"type": "LineString", "coordinates": [[-84.4007986161928, 33.7760753256704], [-84.4010618674868, 33.7765174864885]]}, "properties": {"OBJECTID": 68, "FACILITYID": null, "SURFTYPE": "Concrete", "ADACOMPLY": "Yes", "CONDITION": null, "WIDTH": null, "INSTALLDATE": null, "OWNEDBY": null, "MAINTBY": null, "LASTUPDATE": null, "LASTEDITOR": null, "Shape__Length": 179.67772062638952, "GlobalID": "31ef9089-cc60-4467-912d-40a07212ef3a", "Status": null, "CreationDate": 1758294013017, "Creator": "dsimsGT", "EditDate": 1758294013017, "Editor": "dsimsGT"}}, {"type": "Feature", "id": 70, "geometry": {"type": "LineString", "coordinates": [[-84.4004776660733, 33.7760279702193], [-84.4004742413801, 33.7760359716521], [-84.4000920272989, 33.7764538316483]]}, "properties": {"OBJECTID": 70, "FACILITYID": null, "SURFTYPE": "Concrete", "ADACOMPLY": "Yes", "CONDITION": null, "WIDTH": null, "INSTALLDATE": null, "OWNEDBY": null, "MAINTBY": null, "LASTUPDATE": null, "LASTEDITOR": null, "Shape__Length": 194.4211261923363, "GlobalID": "113c332e-0d41-4802-9bed-1d6e043af7be", "Status": "Open", "CreationDate": 1758294013017, "Creator": "dsimsGT", "EditDate": 1758911320656, "Editor": "aramirez91_GTFacilities"}}, {"type": "Feature", "id": 71, "geometry": {"type": "LineString", "coordinates": [[-84.3999436218782, 33.7763738472431], [-84.4000718893829, 33.7764605383514]]}, "properties": {"OBJECTID": 71, "FACILITYID": null, "SURFTYPE": "Concrete", "ADACOMPLY": "Yes", "CONDITION": "Fair", "WIDTH": 4, "INSTALLDATE": null, "OWNEDBY": null, "MAINTBY": null, "LASTUPDATE": null, "LASTEDITOR": null, "Shape__Length": 50.14124691883583, "GlobalID": "6cb0e727-80b3-486a-afa4-236bdeb37923", "Status": "Open", "CreationDate": 1758294013017, "Creator": "dsimsGT", "EditDate": 1758911320656, "Editor": "aramirez91_GTFacilities"}}, {"type": "Feature", "id": 72, "geometry": {"type": "LineString", "coordinates": [[-84.3997938394523, 33.7766407955189], [-84.399753017966, 33.7766668699436], [-84.3997189295959, 33.776686972625], [-84.3996767711423, 33.7767129611873], [-84.3994841273162, 33.7767143237982]]}, "properties": {"OBJECTID": 72, "FACILITYID": null, "SURFTYPE": "Concrete", "ADACOMPLY": "Yes", "CONDITION": "Fair", "WIDTH": 4, "INSTALLDATE": null, "OWNEDBY": null, "MAINTBY": null, "LASTUPDATE": null, "LASTEDITOR": null, "Shape__Length": 102.75881030384016, "GlobalID": "e60c7533-8695-44a3-8dd7-01d462d876a9", "Status": "Open", "CreationDate": 1758294013017, "Creator": "dsimsGT", "EditDate": 1758294013017, "Editor": "dsimsGT"}}, {"type": "Feature", "id": 74, "geometry": {"type": "LineString", "coordinates": [[-84.3997191056795, 33.7767703371857], [-84.4003079335769, 33.7774187248038], [-84.4003585621507, 33.7774732744243]]}, "properties": {"OBJECTID": 74, "FACILITYID": null, "SURFTYPE": "Concrete", "ADACOMPLY": "Yes", "CONDITION": null, "WIDTH": 5, "INSTALLDATE": null, "OWNEDBY": null, "MAINTBY": null, "LASTUPDATE": null, "LASTEDITOR": null, "Shape__Length": 321.2127770609679, "GlobalID": "68e78f64-c6ad-4a65-926e-6e5546f2ace7", "Status": "Open", "CreationDate": 1758294013017, "Creator": "dsimsGT", "EditDate": 1758294013017, "Editor": "dsimsGT"}}, {"type": "Feature", "id": 75, "geometry": {"type": "LineString", "coordinates": [[-84.4003585621507, 33.7774732744243], [-84.4006023301792, 33.7777351119633], [-84.4007092397755, 33.7778598132081], [-84.400802981591, 33.7779548741118], [-84.4009304881833, 33.778090465896], [-84.4009961643224, 33.7781777734257], [-84.4010974147963, 33.7782837496575], [-84.4011687174837, 33.7783772921411]]}, "properties": {"OBJECTID": 75, "FACILITYID": null, "SURFTYPE": "Concrete", "ADACOMPLY": "Yes", "CONDITION": "Good", "WIDTH": 6, "INSTALLDATE": null, "OWNEDBY": null, "MAINTBY": null, "LASTUPDATE": null, "LASTEDITOR": null, "Shape__Length": 411.2209676434631, "GlobalID": "51ccd571-f866-4af7-a138-67fd0c92e300", "Status": "Open", "CreationDate": 1758294013017, "Creator": "dsimsGT", "EditDate": 1758294013017, "Editor": "dsimsGT"}}, {"type": "Feature", "id": 76, "geometry": {"type": "LineString", "coordinates": [[-84.4009304881833, 33.778090465896], [-84.4008613237611, 33.7780952803481], [-84.4007471679523, 33.7780564644499], [-84.4005169621788, 33.7779694686695], [-84.4003540394231, 33.7778729760083], [-84.400230391797, 33.7777810937834], [-84.4001347680097, 33.7776813510202]]}, "properties": {"OBJECTID": 76, "FACILITYID": null, "SURFTYPE": "Gravel", "ADACOMPLY": "No", "CONDITION": null, "WIDTH": 3, "INSTALLDATE": null, "OWNEDBY": null, "MAINTBY": null, "LASTUPDATE": null, "LASTEDITOR": null, "Shape__Length": 292.7966093855246, "GlobalID": "5e76540c-76bd-4160-bf0f-ada3c3d733ee", "Status": null, "CreationDate": 1758294013017, "Creator": "dsimsGT", "EditDate": 1758294013017, "Editor": "dsimsGT"}}, {"type": "Feature", "id": 77, "geometry": {"type": "LineString", "coordinates": [[-84.4009304881833, 33.778090465896], [-84.4013455735438, 33.7780974837383], [-84.4016148093581, 33.7780985322072]]}, "properties": {"OBJECTID": 77, "FACILITYID": null, "SURFTYPE": "Concrete", "ADACOMPLY": "Yes", "CONDITION": null, "WIDTH": 6, "INSTALLDATE": null, "OWNEDBY": null, "MAINTBY": null, "LASTUPDATE": null, "LASTEDITOR": null, "Shape__Length": 207.9620171235306, "GlobalID": "005e14c0-023a-4f29-98a5-24256126b546", "Status": "Open", "CreationDate": 1758294013017, "Creator": "dsimsGT", "EditDate": 1758294013017, "Editor": "dsimsGT"}}, {"type": "Feature", "id": 78, "geometry": {"type": "LineString", "coordinates": [[-84.4000976894429, 33.7764781592178], [-84.4001128358157, 33.7764885590688], [-84.4002214055898, 33.7765367543001], [-84.400584431819, 33.7766531642134]]}, "properties": {"OBJECTID": 78, "FACILITYID": null, "SURFTYPE": "Concrete", "ADACOMPLY": "Yes", "CONDITION": "Fair", "WIDTH": 4, "INSTALLDATE": null, "OWNEDBY": null, "MAINTBY": null, "LASTUPDATE": null, "LASTEDITOR": null, "Shape__Length": 161.48282151706863, "GlobalID": "dc934927-46ba-42cd-9221-bf99a5806fd1", "Status": "Open", "CreationDate": 1758294013017, "Creator": "dsimsGT", "EditDate": 1758911320656, "Editor": "aramirez91_GTFacilities"}}, {"type": "Feature", "id": 80, "geometry": {"type": "LineString", "coordinates": [[-84.4013899528898, 33.7758600548246], [-84.4014368512358, 33.7759177341254], [-84.4014949704381, 33.7759769530735], [-84.4015324265922, 33.7760003007455], [-84.401596040789, 33.7760173537712], [-84.4020168619737, 33.7760743206193], [-84.4023104008659, 33.7760768832754], [-84.4023981950152, 33.7760486119183]]}, "properties": {"OBJECTID": 80, "FACILITYID": null, "SURFTYPE": null, "ADACOMPLY": "Yes", "CONDITION": null, "WIDTH": null, "INSTALLDATE": null, "OWNEDBY": null, "MAINTBY": null, "LASTUPDATE": null, "LASTEDITOR": null, "Shape__Length": 335.06742500735845, "GlobalID": "137118ea-d30b-463b-954a-920f151e7b45", "Status": null, "CreationDate": 1758294013017, "Creator": "dsimsGT", "EditDate": 1758294013017, "Editor": "dsimsGT"}}, {"type": "Feature", "id": 81, "geometry": {"type": "LineString", "coordinates": [[-84.4023981950152, 33.7760486119183], [-84.4024113045955, 33.7757408694675], [-84.4024001688948, 33.7756498744535], [-84.4023610734318, 33.7755174260095], [-84.4023495723274, 33.7754734968392], [-84.4023327068048, 33.7754295676463]]}, "properties": {"OBJECTID": 81, "FACILITYID": null, "SURFTYPE": "Concrete", "ADACOMPLY": "Yes", "CONDITION": null, "WIDTH": 10, "INSTALLDATE": null, "OWNEDBY": null, "MAINTBY": null, "LASTUPDATE": null, "LASTEDITOR": null, "Shape__Length": 228.11670570351993, "GlobalID": "29142558-a6c0-40a8-936d-47f353b91c0a", "Status": null, "CreationDate": 1758294013017, "Creator": "dsimsGT", "EditDate": 1758294013017, "Editor": "dsimsGT"}}, {"type": "Feature", "id": 82, "geometry": {"type": "LineString", "coordinates": [[-84.4023313657003, 33.7754317971599], [-84.4023083395535, 33.7753629902098], [-84.4022730766683, 33.7752599111808], [-84.4022431782011, 33.7751601763088], [-84.4022210132656, 33.7750747183767], [-84.4022082474031, 33.7749867982493], [-84.4021088672325, 33.7749886799302], [-84.4020068470737, 33.7749437477311], [-84.4018603529934, 33.7749036424888], [-84.4017556175161, 33.7748897903657], [-84.401609793996, 33.7748916295001], [-84.401450912565, 33.7749044220487], [-84.4013070141346, 33.7749265543779], [-84.4012378986549, 33.7749485433341], [-84.4011089472925, 33.7749675245597], [-84.4009556794337, 33.7749818672549], [-84.4008304075707, 33.7749789827366], [-84.4007051321144, 33.7749745361129], [-84.4005517798139, 33.7749576523815], [-84.4004470308619, 33.7749391154429], [-84.4001963541853, 33.77488338289], [-84.4001158848987, 33.7748554322223], [-84.39999703599, 33.774793829014]]}, "properties": {"OBJECTID": 82, "FACILITYID": null, "SURFTYPE": "Concrete", "ADACOMPLY": "Yes", "CONDITION": null, "WIDTH": 12, "INSTALLDATE": null, "OWNEDBY": null, "MAINTBY": null, "LASTUPDATE": null, "LASTEDITOR": null, "Shape__Length": 860.7210051591067, "GlobalID": "7a28793d-7d35-49f4-a5a2-f6c484ad80f6", "Status": null, "CreationDate": 1758294013017, "Creator": "dsimsGT", "EditDate": 1758294013017, "Editor": "dsimsGT"}}, {"type": "Feature", "id": 83, "geometry": {"type": "LineString", "coordinates": [[-84.4001158851083, 33.7748554322744], [-84.4000919301161, 33.7749295455716]]}, "properties": {"OBJECTID": 83, "FACILITYID": null, "SURFTYPE": "Concrete", "ADACOMPLY": "Yes", "CONDITION": "Good", "WIDTH": null, "INSTALLDATE": null, "OWNEDBY": null, "MAINTBY": null, "LASTUPDATE": null, "LASTEDITOR": null, "Shape__Length": 27.932747450564587, "GlobalID": "602aacba-0871-4171-b933-a7e8cdbff76d", "Status": "Open", "CreationDate": 1758294013017, "Creator": "dsimsGT", "EditDate": 1758294013017, "Editor": "dsimsGT"}}, {"type": "Feature", "id": 84, "geometry": {"type": "LineString", "coordinates": [[-84.4000919304234, 33.7749295456767], [-84.4000190213583, 33.7749867641408], [-84.3999500451175, 33.7750602756386]]}, "properties": {"OBJECTID": 84, "FACILITYID": null, "SURFTYPE": null, "ADACOMPLY": "Yes", "CONDITION": null, "WIDTH": null, "INSTALLDATE": null, "OWNEDBY": null, "MAINTBY": null, "LASTUPDATE": null, "LASTEDITOR": null, "Shape__Length": 64.3846809995145, "GlobalID": "b42a418b-ac36-485b-9b8f-62ef7061d0e8", "Status": null, "CreationDate": 1758294013017, "Creator": "dsimsGT", "EditDate": 1758294013017, "Editor": "dsimsGT"}}, {"type": "Feature", "id": 85, "geometry": {"type": "LineString", "coordinates": [[-84.3999500451175, 33.7750602756386], [-84.399954482795, 33.7753178827322]]}, "properties": {"OBJECTID": 85, "FACILITYID": null, "SURFTYPE": null, "ADACOMPLY": "Yes", "CONDITION": null, "WIDTH": null, "INSTALLDATE": null, "OWNEDBY": null, "MAINTBY": null, "LASTUPDATE": null, "LASTEDITOR": null, "Shape__Length": 93.7452398645847, "GlobalID": "4c5b1f3c-e9c8-4e56-bace-7591a11d930b", "Status": null, "CreationDate": 1758294013017, "Creator": "dsimsGT", "EditDate": 1758294013017, "Editor": "dsimsGT"}}, {"type": "Feature", "id": 86, "geometry": {"type": "LineString", "coordinates": [[-84.3999500451175, 33.7750602756386], [-84.3998400401228, 33.7751713365118], [-84.3998382928995, 33.7752166180349], [-84.3997692915059, 33.7752807612179], [-84.3997057285131, 33.7752824427898]]}, "properties": {"OBJECTID": 86, "FACILITYID": null, "SURFTYPE": null, "ADACOMPLY": "Yes", "CONDITION": null, "WIDTH": null, "INSTALLDATE": null, "OWNEDBY": null, "MAINTBY": null, "LASTUPDATE": null, "LASTEDITOR": null, "Shape__Length": 119.62900625167265, "GlobalID": "360bb736-553e-4ffa-956b-9733cd696e77", "Status": null, "CreationDate": 1758294013017, "Creator": "dsimsGT", "EditDate": 1758294013017, "Editor": "dsimsGT"}}, {"type": "Feature", "id": 87, "geometry": {"type": "LineString", "coordinates": [[-84.3994880451602, 33.774623921909], [-84.3994928754014, 33.7746957954437], [-84.3995323617481, 33.7747784700205]]}, "properties": {"OBJECTID": 87, "FACILITYID": null, "SURFTYPE": "Concrete", "ADACOMPLY": "Yes", "CONDITION": null, "WIDTH": null, "INSTALLDATE": null, "OWNEDBY": null, "MAINTBY": null, "LASTUPDATE": null, "LASTEDITOR": null, "Shape__Length": 58.58117634518513, "GlobalID": "931a85f4-cbf9-4d8a-8bfa-50e4a6898534", "Status": null, "CreationDate": 1758294013017, "Creator": "dsimsGT", "EditDate": 1758294013017, "Editor": "dsimsGT"}}, {"type": "Feature", "id": 88, "geometry": {"type": "LineString", "coordinates": [[-84.3995323617481, 33.7747784700205], [-84.3995327031079, 33.7749049335415], [-84.3994317621143, 33.7749113701371]]}, "properties": {"OBJECTID": 88, "FACILITYID": null, "SURFTYPE": "Concrete", "ADACOMPLY": "Yes", "CONDITION": null, "WIDTH": null, "INSTALLDATE": null, "OWNEDBY": null, "MAINTBY": null, "LASTUPDATE": null, "LASTEDITOR": null, "Shape__Length": 76.77839309339669, "GlobalID": "7a5f266b-afd8-4fed-b754-39598aa4729f", "Status": null, "CreationDate": 1758294013017, "Creator": "dsimsGT", "EditDate": 1758294013017, "Editor": "dsimsGT"}}, {"type": "Feature", "id": 89, "geometry": {"type": "LineString", "coordinates": [[-84.3995323617481, 33.7747784700205], [-84.3996073522097, 33.7748548318712], [-84.3996486432717, 33.7749140829156], [-84.3996469562356, 33.7749812221025]]}, "properties": {"OBJECTID": 89, "FACILITYID": null, "SURFTYPE": "Concrete", "ADACOMPLY": "Yes", "CONDITION": null, "WIDTH": null, "INSTALLDATE": null, "OWNEDBY": null, "MAINTBY": null, "LASTUPDATE": null, "LASTEDITOR": null, "Shape__Length": 85.31497236880472, "GlobalID": "b00b40cd-4351-462e-8cef-b8860c40cd2a", "Status": null, "CreationDate": 1758294013017, "Creator": "dsimsGT", "EditDate": 1758294013017, "Editor": "dsimsGT"}}, {"type": "Feature", "id": 90, "geometry": {"type": "LineString", "coordinates": [[-84.3992104441778, 33.7746224464154], [-84.3991784686452, 33.7745792904551], [-84.3991726574437, 33.7745043583053], [-84.3991664761362, 33.7742920330173], [-84.3991772325634, 33.7741218307127]]}, "properties": {"OBJECTID": 90, "FACILITYID": null, "SURFTYPE": "Concrete", "ADACOMPLY": "Yes", "CONDITION": null, "WIDTH": null, "INSTALLDATE": null, "OWNEDBY": null, "MAINTBY": null, "LASTUPDATE": null, "LASTEDITOR": null, "Shape__Length": 185.08818118970711, "GlobalID": "fedc1bdd-c6fb-44c5-9ae0-063092a30a32", "Status": null, "CreationDate": 1758294013017, "Creator": "dsimsGT", "EditDate": 1758294013017, "Editor": "dsimsGT"}}, {"type": "Feature", "id": 91, "geometry": {"type": "LineString", "coordinates": [[-84.3991772329691, 33.7741218305631], [-84.3994950825736, 33.7741290378319], [-84.3998600425248, 33.7741355935459], [-84.3999587580743, 33.7741359687108]]}, "properties": {"OBJECTID": 91, "FACILITYID": null, "SURFTYPE": null, "ADACOMPLY": "Yes", "CONDITION": null, "WIDTH": null, "INSTALLDATE": null, "OWNEDBY": null, "MAINTBY": null, "LASTUPDATE": null, "LASTEDITOR": null, "Shape__Length": 237.54378578395978, "GlobalID": "fa0f89a6-111e-4479-a32c-cc0aeec78a16", "Status": null, "CreationDate": 1758294013017, "Creator": "dsimsGT", "EditDate": 1758294013017, "Editor": "dsimsGT"}}, {"type": "Feature", "id": 92, "geometry": {"type": "LineString", "coordinates": [[-84.3993292724252, 33.7736531536043], [-84.3995757503763, 33.7735402747477]]}, "properties": {"OBJECTID": 92, "FACILITYID": null, "SURFTYPE": null, "ADACOMPLY": "Yes", "CONDITION": null, "WIDTH": null, "INSTALLDATE": null, "OWNEDBY": null, "MAINTBY": null, "LASTUPDATE": null, "LASTEDITOR": null, "Shape__Length": 85.42065495013688, "GlobalID": "8a9da8a5-055c-403a-b5d5-3ec20f5cf945", "Status": null, "CreationDate": 1758294013017, "Creator": "dsimsGT", "EditDate": 1758294013017, "Editor": "dsimsGT"}}, {"type": "Feature", "id": 93, "geometry": {"type": "LineString", "coordinates": [[-84.3993613315011, 33.773499703377], [-84.3995757503763, 33.7735402747477], [-84.3999329977883, 33.7735989293283], [-84.400226278864, 33.7736419588407], [-84.400712037464, 33.773718299303], [-84.4011178289357, 33.7737804804951]]}, "properties": {"OBJECTID": 93, "FACILITYID": null, "SURFTYPE": null, "ADACOMPLY": "Yes", "CONDITION": null, "WIDTH": null, "INSTALLDATE": null, "OWNEDBY": null, "MAINTBY": null, "LASTUPDATE": null, "LASTEDITOR": null, "Shape__Length": 543.4944941350913, "GlobalID": "bbfeb0bc-a15f-4f42-9129-210c3c00bb5b", "Status": null, "CreationDate": 1758294013017, "Creator": "dsimsGT", "EditDate": 1758294013017, "Editor": "dsimsGT"}}, {"type": "Feature", "id": 94, "geometry": {"type": "LineString", "coordinates": [[-84.4011932478937, 33.7737943275706], [-84.4012746523264, 33.7738091610535]]}, "properties": {"OBJECTID": 94, "FACILITYID": null, "SURFTYPE": null, "ADACOMPLY": "Yes", "CONDITION": null, "WIDTH": null, "INSTALLDATE": null, "OWNEDBY": null, "MAINTBY": null, "LASTUPDATE": null, "LASTEDITOR": null, "Shape__Length": 25.318493252468382, "GlobalID": "357d026f-668b-4694-b181-b0b3e53d502a", "Status": null, "CreationDate": 1758294013017, "Creator": "dsimsGT", "EditDate": 1758294013017, "Editor": "dsimsGT"}}, {"type": "Feature", "id": 95, "geometry": {"type": "LineString", "coordinates": [[-84.4013895657159, 33.7738259292706], [-84.4015128720651, 33.7738496762742], [-84.4016086737969, 33.7738784718033], [-84.4017200433325, 33.7739122329679], [-84.401823061231, 33.7739550047069], [-84.4019297271878, 33.7740187515834], [-84.4020028464587, 33.7740665755239], [-84.4020639848986, 33.774108427237], [-84.402144345489, 33.7741792192197], [-84.4022106815971, 33.7742252963074], [-84.402294791876, 33.7742788233266], [-84.4023461824801, 33.7743292193441]]}, "properties": {"OBJECTID": 95, "FACILITYID": null, "SURFTYPE": "Concrete", "ADACOMPLY": "Yes", "CONDITION": null, "WIDTH": 4, "INSTALLDATE": null, "OWNEDBY": null, "MAINTBY": null, "LASTUPDATE": null, "LASTEDITOR": null, "Shape__Length": 350.38889665439183, "GlobalID": "c5672ce0-d279-400c-a6e7-8a09c8e4650c", "Status": null, "CreationDate": 1758294013017, "Creator": "dsimsGT", "EditDate": 1758294013017, "Editor": "dsimsGT"}}, {"type": "Feature", "id": 96, "geometry": {"type": "LineString", "coordinates": [[-84.4022053827321, 33.7744712012614], [-84.4021671310155, 33.7744724957742], [-84.4020769583679, 33.7744771198739], [-84.4020434610893, 33.7744791815363]]}, "properties": {"OBJECTID": 96, "FACILITYID": null, "SURFTYPE": "Concrete", "ADACOMPLY": null, "CONDITION": null, "WIDTH": 6, "INSTALLDATE": null, "OWNEDBY": null, "MAINTBY": null, "LASTUPDATE": null, "LASTEDITOR": null, "Shape__Length": 49.29173704771126, "GlobalID": "0b83e040-7e56-4718-8281-ebda52ae8e17", "Status": null, "CreationDate": 1758294013017, "Creator": "dsimsGT", "EditDate": 1758294013017, "Editor": "dsimsGT"}}, {"type": "Feature", "id": 98, "geometry": {"type": "LineString", "coordinates": [[-84.4019226107341, 33.7744794115225], [-84.4019896052914, 33.774475287451], [-84.4020434610893, 33.7744791815363], [-84.4020479490725, 33.7748079208451], [-84.4017583870221, 33.7748084726607], [-84.4015274714851, 33.7748149077701], [-84.4012749864997, 33.774809392602]]}, "properties": {"OBJECTID": 98, "FACILITYID": null, "SURFTYPE": null, "ADACOMPLY": "Yes", "CONDITION": null, "WIDTH": null, "INSTALLDATE": null, "OWNEDBY": null, "MAINTBY": null, "LASTUPDATE": null, "LASTEDITOR": null, "Shape__Length": 391.4093759608173, "GlobalID": "6f3f4263-dcf3-4972-9273-faadcd65726f", "Status": null, "CreationDate": 1758294013017, "Creator": "dsimsGT", "EditDate": 1758294013017, "Editor": "dsimsGT"}}, {"type": "Feature", "id": 99, "geometry": {"type": "LineString", "coordinates": [[-84.4015274714851, 33.7748149077701], [-84.401532933242, 33.7748978181906]]}, "properties": {"OBJECTID": 99, "FACILITYID": null, "SURFTYPE": null, "ADACOMPLY": "Yes", "CONDITION": null, "WIDTH": null, "INSTALLDATE": null, "OWNEDBY": null, "MAINTBY": null, "LASTUPDATE": null, "LASTEDITOR": null, "Shape__Length": 30.214247136336724, "GlobalID": "e101e31f-941f-4c21-a21f-453ea30d67ff", "Status": null, "CreationDate": 1758294013017, "Creator": "dsimsGT", "EditDate": 1758294013017, "Editor": "dsimsGT"}}, {"type": "Feature", "id": 100, "geometry": {"type": "LineString", "coordinates": [[-84.4020479490725, 33.7748079208451], [-84.4020529212476, 33.7748758598364], [-84.4020088427132, 33.7749445977475]]}, "properties": {"OBJECTID": 100, "FACILITYID": null, "SURFTYPE": null, "ADACOMPLY": "Steps", "CONDITION": null, "WIDTH": null, "INSTALLDATE": null, "OWNEDBY": null, "MAINTBY": null, "LASTUPDATE": null, "LASTEDITOR": null, "Shape__Length": 53.13934596394304, "GlobalID": "810f77a9-8a5e-4a33-9dcd-20060db2b21f", "Status": null, "CreationDate": 1758294013017, "Creator": "dsimsGT", "EditDate": 1758294013017, "Editor": "dsimsGT"}}, {"type": "Feature", "id": 101, "geometry": {"type": "LineString", "coordinates": [[-84.4017583870221, 33.7748084726607], [-84.4017556175161, 33.7748897903657]]}, "properties": {"OBJECTID": 101, "FACILITYID": null, "SURFTYPE": null, "ADACOMPLY": "Steps", "CONDITION": null, "WIDTH": null, "INSTALLDATE": null, "OWNEDBY": null, "MAINTBY": null, "LASTUPDATE": null, "LASTEDITOR": null, "Shape__Length": 29.601054776840954, "GlobalID": "8c2238c2-1605-4f6d-b562-a16391efa761", "Status": null, "CreationDate": 1758294013017, "Creator": "dsimsGT", "EditDate": 1758294013017, "Editor": "dsimsGT"}}, {"type": "Feature", "id": 102, "geometry": {"type": "LineString", "coordinates": [[-84.4012378986549, 33.7749485433341], [-84.4012250087289, 33.7749114089658], [-84.4011802959839, 33.7747496187909], [-84.4011694398437, 33.7747176642394], [-84.4011512094334, 33.7746137778897], [-84.4011474697468, 33.774558827675], [-84.401147330508, 33.774507866341], [-84.4011519676115, 33.7744529003776], [-84.4011625479689, 33.7743839328321], [-84.4011849528504, 33.7742629829988], [-84.4012098047427, 33.7741620127522]]}, "properties": {"OBJECTID": 102, "FACILITYID": null, "SURFTYPE": "Concrete", "ADACOMPLY": "Yes", "CONDITION": null, "WIDTH": null, "INSTALLDATE": null, "OWNEDBY": null, "MAINTBY": null, "LASTUPDATE": null, "LASTEDITOR": null, "Shape__Length": 290.7399951763984, "GlobalID": "3fc25aad-e6c1-41de-b3cc-4bdd995db0cd", "Status": null, "CreationDate": 1758294013017, "Creator": "dsimsGT", "EditDate": 1758294013017, "Editor": "dsimsGT"}}, {"type": "Feature", "id": 103, "geometry": {"type": "LineString", "coordinates": [[-84.4011694402255, 33.7747176641431], [-84.4011203906598, 33.774720754425], [-84.4009995592745, 33.7747279789291], [-84.4008787169888, 33.7747312054118]]}, "properties": {"OBJECTID": 103, "FACILITYID": null, "SURFTYPE": null, "ADACOMPLY": null, "CONDITION": null, "WIDTH": null, "INSTALLDATE": null, "OWNEDBY": null, "MAINTBY": null, "LASTUPDATE": null, "LASTEDITOR": null, "Shape__Length": 88.49664133970688, "GlobalID": "3f66b559-3212-4e86-a4a9-ee371bad6acd", "Status": null, "CreationDate": 1758294013017, "Creator": "dsimsGT", "EditDate": 1758294013017, "Editor": "dsimsGT"}}, {"type": "Feature", "id": 104, "geometry": {"type": "LineString", "coordinates": [[-84.4007482189087, 33.7747034745749], [-84.400681177639, 33.7746906118058], [-84.4006500402347, 33.7746806783657], [-84.4005829612358, 33.7746538267847], [-84.4005111337423, 33.7746409729686], [-84.4004680388632, 33.7746340592068], [-84.4004357192759, 33.7746291242187], [-84.4003902465562, 33.774627212648], [-84.4003376448064, 33.7746442995489], [-84.4003017894501, 33.7746593554034], [-84.4002588463863, 33.7747083991048], [-84.4002553169056, 33.7747303888637], [-84.4002493988045, 33.774754381283], [-84.4002399431378, 33.7747973661594], [-84.4002112859819, 33.7748194036846], [-84.4001694559307, 33.774837469478], [-84.4001158848987, 33.7748554322223]]}, "properties": {"OBJECTID": 104, "FACILITYID": null, "SURFTYPE": "Concrete", "ADACOMPLY": "Yes", "CONDITION": null, "WIDTH": null, "INSTALLDATE": null, "OWNEDBY": null, "MAINTBY": null, "LASTUPDATE": null, "LASTEDITOR": null, "Shape__Length": 241.14173937615794, "GlobalID": "3613e2c4-b4a8-467e-bceb-d38dfdc011a3", "Status": null, "CreationDate": 1758294013017, "Creator": "dsimsGT", "EditDate": 1758294013017, "Editor": "dsimsGT"}}, {"type": "Feature", "id": 105, "geometry": {"type": "LineString", "coordinates": [[-84.4002553169056, 33.7747303888637], [-84.4003810073835, 33.7747501362583]]}, "properties": {"OBJECTID": 105, "FACILITYID": null, "SURFTYPE": null, "ADACOMPLY": "No", "CONDITION": null, "WIDTH": null, "INSTALLDATE": null, "OWNEDBY": null, "MAINTBY": null, "LASTUPDATE": null, "LASTEDITOR": null, "Shape__Length": 38.86336920651983, "GlobalID": "74d6a003-2a69-42e5-9539-04bae17d9070", "Status": null, "CreationDate": 1758294013017, "Creator": "dsimsGT", "EditDate": 1758294013017, "Editor": "dsimsGT"}}, {"type": "Feature", "id": 106, "geometry": {"type": "LineString", "coordinates": [[-84.4004609852944, 33.7746800379849], [-84.4004634180855, 33.774680525678], [-84.4004659405396, 33.7746810312343], [-84.4004833535773, 33.7746845219002], [-84.4005004922242, 33.7746879571811]]}, "properties": {"OBJECTID": 106, "FACILITYID": null, "SURFTYPE": null, "ADACOMPLY": null, "CONDITION": null, "WIDTH": null, "INSTALLDATE": null, "OWNEDBY": null, "MAINTBY": null, "LASTUPDATE": null, "LASTEDITOR": null, "Shape__Length": 12.345893956950674, "GlobalID": "325d5d2e-3f1d-4801-9373-a8a48800fc11", "Status": null, "CreationDate": 1758294013017, "Creator": "dsimsGT", "EditDate": 1758294013017, "Editor": "dsimsGT"}}, {"type": "Feature", "id": 107, "geometry": {"type": "LineString", "coordinates": [[-84.4004609852944, 33.7746800379849], [-84.4004680392659, 33.774634059316]]}, "properties": {"OBJECTID": 107, "FACILITYID": null, "SURFTYPE": null, "ADACOMPLY": "Yes", "CONDITION": null, "WIDTH": null, "INSTALLDATE": null, "OWNEDBY": null, "MAINTBY": null, "LASTUPDATE": null, "LASTEDITOR": null, "Shape__Length": 16.86701797320243, "GlobalID": "a484b1e8-4b85-49c7-a086-a7c9b3119b07", "Status": null, "CreationDate": 1758294013017, "Creator": "dsimsGT", "EditDate": 1758294013017, "Editor": "dsimsGT"}}, {"type": "Feature", "id": 108, "geometry": {"type": "LineString", "coordinates": [[-84.4007482189087, 33.7747034745749], [-84.4007984949202, 33.7747113732371], [-84.4008074349539, 33.7749781665889]]}, "properties": {"OBJECTID": 108, "FACILITYID": null, "SURFTYPE": null, "ADACOMPLY": "Yes", "CONDITION": null, "WIDTH": null, "INSTALLDATE": null, "OWNEDBY": null, "MAINTBY": null, "LASTUPDATE": null, "LASTEDITOR": null, "Shape__Length": 112.66142775975028, "GlobalID": "34c9cf16-62a8-44a2-a460-35d44621132f", "Status": null, "CreationDate": 1758294013017, "Creator": "dsimsGT", "EditDate": 1758294013017, "Editor": "dsimsGT"}}, {"type": "Feature", "id": 109, "geometry": {"type": "LineString", "coordinates": [[-84.4008074349539, 33.7749781665889], [-84.4008081239617, 33.7751720018238]]}, "properties": {"OBJECTID": 109, "FACILITYID": null, "SURFTYPE": "Gravel", "ADACOMPLY": "Yes", "CONDITION": null, "WIDTH": null, "INSTALLDATE": null, "OWNEDBY": null, "MAINTBY": null, "LASTUPDATE": null, "LASTEDITOR": null, "Shape__Length": 70.53117534157195, "GlobalID": "4bd9b111-45c2-4310-ba78-e86d83aa904a", "Status": null, "CreationDate": 1758294013017, "Creator": "dsimsGT", "EditDate": 1758294013017, "Editor": "dsimsGT"}}, {"type": "Feature", "id": 110, "geometry": {"type": "LineString", "coordinates": [[-84.4008081241576, 33.7751720018035], [-84.4008028077962, 33.7752053666906], [-84.4007688197432, 33.7752390249059], [-84.4007461292005, 33.7752550551317], [-84.4007019063533, 33.7752731251502], [-84.4006552925242, 33.7752921996178], [-84.400618256673, 33.7753132530696], [-84.4005716808224, 33.7753463165593], [-84.4005323093431, 33.7753883585512], [-84.4004988661247, 33.7754104050908]]}, "properties": {"OBJECTID": 110, "FACILITYID": null, "SURFTYPE": "Gravel", "ADACOMPLY": "Yes", "CONDITION": null, "WIDTH": null, "INSTALLDATE": null, "OWNEDBY": null, "MAINTBY": null, "LASTUPDATE": null, "LASTEDITOR": null, "Shape__Length": 132.58954913614326, "GlobalID": "b582b606-a4e1-4fe0-a8dc-d6eaa893ed4e", "Status": null, "CreationDate": 1758294013017, "Creator": "dsimsGT", "EditDate": 1758911989206, "Editor": "aramirez91_GTFacilities"}}, {"type": "Feature", "id": 111, "geometry": {"type": "LineString", "coordinates": [[-84.4002933946938, 33.7751692688925], [-84.4002289971661, 33.7751730994765], [-84.4001105318379, 33.7751703254766], [-84.399951929783, 33.7751696810723]]}, "properties": {"OBJECTID": 111, "FACILITYID": null, "SURFTYPE": null, "ADACOMPLY": "Yes", "CONDITION": null, "WIDTH": null, "INSTALLDATE": null, "OWNEDBY": null, "MAINTBY": null, "LASTUPDATE": null, "LASTEDITOR": null, "Shape__Length": 103.82407189509176, "GlobalID": "238f7e2b-2be1-413d-98d0-31b1cc1b2fa9", "Status": null, "CreationDate": 1758294013017, "Creator": "dsimsGT", "EditDate": 1758294013017, "Editor": "dsimsGT"}}, {"type": "Feature", "id": 112, "geometry": {"type": "LineString", "coordinates": [[-84.3978012806312, 33.7736278546988], [-84.3982984016427, 33.7736299242776]]}, "properties": {"OBJECTID": 112, "FACILITYID": null, "SURFTYPE": "Concrete", "ADACOMPLY": "Yes", "CONDITION": null, "WIDTH": 6, "INSTALLDATE": null, "OWNEDBY": null, "MAINTBY": null, "LASTUPDATE": null, "LASTEDITOR": null, "Shape__Length": 151.06302941106443, "GlobalID": "548d2626-f700-41bc-a366-00f5c517d53a", "Status": null, "CreationDate": 1758294013017, "Creator": "dsimsGT", "EditDate": 1758294013017, "Editor": "dsimsGT"}}, {"type": "Feature", "id": 113, "geometry": {"type": "LineString", "coordinates": [[-84.3982984016427, 33.7736299242776], [-84.3983127456935, 33.7736249013016], [-84.3986393938423, 33.7736232887312], [-84.3986394503971, 33.7736442727711], [-84.3987268040671, 33.7736471056401]]}, "properties": {"OBJECTID": 113, "FACILITYID": null, "SURFTYPE": "Concrete", "ADACOMPLY": "Yes", "CONDITION": null, "WIDTH": 6, "INSTALLDATE": null, "OWNEDBY": null, "MAINTBY": null, "LASTUPDATE": null, "LASTEDITOR": null, "Shape__Length": 138.18722976852192, "GlobalID": "45ebe196-5dce-4bc7-8056-b0be8b7ad571", "Status": null, "CreationDate": 1758294013017, "Creator": "dsimsGT", "EditDate": 1758294013017, "Editor": "dsimsGT"}}, {"type": "Feature", "id": 114, "geometry": {"type": "LineString", "coordinates": [[-84.3980064607738, 33.7736287091321], [-84.3980014777342, 33.7740061932602]]}, "properties": {"OBJECTID": 114, "FACILITYID": null, "SURFTYPE": "Concrete", "ADACOMPLY": "Yes", "CONDITION": null, "WIDTH": 12, "INSTALLDATE": null, "OWNEDBY": null, "MAINTBY": null, "LASTUPDATE": null, "LASTEDITOR": null, "Shape__Length": 137.36352210824535, "GlobalID": "48c112d5-82a5-4d2c-935c-992828e0ac93", "Status": null, "CreationDate": 1758294013017, "Creator": "dsimsGT", "EditDate": 1758294013017, "Editor": "dsimsGT"}}, {"type": "Feature", "id": 115, "geometry": {"type": "LineString", "coordinates": [[-84.3977964503237, 33.7739921888429], [-84.3980014777342, 33.7740061932602], [-84.3986320841566, 33.7740189987352]]}, "properties": {"OBJECTID": 115, "FACILITYID": null, "SURFTYPE": "Concrete", "ADACOMPLY": "Yes", "CONDITION": null, "WIDTH": 12, "INSTALLDATE": null, "OWNEDBY": null, "MAINTBY": null, "LASTUPDATE": null, "LASTEDITOR": null, "Shape__Length": 254.1892901174949, "GlobalID": "75f831e1-5ea4-4822-bd17-8a41bb23118b", "Status": null, "CreationDate": 1758294013017, "Creator": "dsimsGT", "EditDate": 1758294013017, "Editor": "dsimsGT"}}, {"type": "Feature", "id": 116, "geometry": {"type": "LineString", "coordinates": [[-84.3985025811493, 33.7743599808333], [-84.3985595042735, 33.7742689450028], [-84.3985700494315, 33.7740152373131]]}, "properties": {"OBJECTID": 116, "FACILITYID": null, "SURFTYPE": "Concrete", "ADACOMPLY": "Yes", "CONDITION": null, "WIDTH": 12, "INSTALLDATE": null, "OWNEDBY": null, "MAINTBY": null, "LASTUPDATE": null, "LASTEDITOR": null, "Shape__Length": 129.7416554830356, "GlobalID": "813476cb-e166-4fc4-9ff2-2dc077910dae", "Status": null, "CreationDate": 1758294013017, "Creator": "dsimsGT", "EditDate": 1758911320656, "Editor": "aramirez91_GTFacilities"}}, {"type": "Feature", "id": 117, "geometry": {"type": "LineString", "coordinates": [[-84.3985588186707, 33.774364319419], [-84.3985595042735, 33.7742689450028]]}, "properties": {"OBJECTID": 117, "FACILITYID": null, "SURFTYPE": "Concrete", "ADACOMPLY": "Yes", "CONDITION": null, "WIDTH": 12, "INSTALLDATE": null, "OWNEDBY": null, "MAINTBY": null, "LASTUPDATE": null, "LASTEDITOR": null, "Shape__Length": 34.70452458883376, "GlobalID": "c54a58a1-5b9a-466a-ba0c-a0235619c806", "Status": null, "CreationDate": 1758294013017, "Creator": "dsimsGT", "EditDate": 1758911320656, "Editor": "aramirez91_GTFacilities"}}, {"type": "Feature", "id": 118, "geometry": {"type": "LineString", "coordinates": [[-84.3988586012106, 33.7746051000147], [-84.3988813453918, 33.7746040807324], [-84.3988850000494, 33.7746280550891], [-84.3989354400939, 33.7746969076798]]}, "properties": {"OBJECTID": 118, "FACILITYID": null, "SURFTYPE": "Concrete", "ADACOMPLY": "Yes", "CONDITION": null, "WIDTH": 12, "INSTALLDATE": null, "OWNEDBY": null, "MAINTBY": null, "LASTUPDATE": null, "LASTEDITOR": null, "Shape__Length": 45.08509139735993, "GlobalID": "34757aa6-d15b-4df2-ae32-44e4fab68fd1", "Status": null, "CreationDate": 1758294013017, "Creator": "dsimsGT", "EditDate": 1758294013017, "Editor": "dsimsGT"}}, {"type": "Feature", "id": 119, "geometry": {"type": "LineString", "coordinates": [[-84.39918714877, 33.7745910056372], [-84.3988964120191, 33.7745903641295], [-84.3988813454751, 33.7746040804002]]}, "properties": {"OBJECTID": 119, "FACILITYID": null, "SURFTYPE": "Concrete", "ADACOMPLY": "Yes", "CONDITION": null, "WIDTH": 8, "INSTALLDATE": null, "OWNEDBY": null, "MAINTBY": null, "LASTUPDATE": null, "LASTEDITOR": null, "Shape__Length": 95.11881057897934, "GlobalID": "5fcea635-2db6-40fc-a5c5-36023e063692", "Status": null, "CreationDate": 1758294013017, "Creator": "dsimsGT", "EditDate": 1758294013017, "Editor": "dsimsGT"}}, {"type": "Feature", "id": 120, "geometry": {"type": "LineString", "coordinates": [[-84.3977927370097, 33.775201884373], [-84.397916936925, 33.7752296218485], [-84.3983837830189, 33.7752334086293], [-84.3984342493152, 33.7752286297834]]}, "properties": {"OBJECTID": 120, "FACILITYID": null, "SURFTYPE": "Concrete", "ADACOMPLY": "Yes", "CONDITION": null, "WIDTH": 8, "INSTALLDATE": null, "OWNEDBY": null, "MAINTBY": null, "LASTUPDATE": null, "LASTEDITOR": null, "Shape__Length": 196.36522362110028, "GlobalID": "d0a686a2-7a17-48d6-88f0-116b931937e1", "Status": null, "CreationDate": 1758294013017, "Creator": "dsimsGT", "EditDate": 1758911320656, "Editor": "aramirez91_GTFacilities"}}, {"type": "Feature", "id": 121, "geometry": {"type": "LineString", "coordinates": [[-84.3983837830123, 33.7752334083775], [-84.3983859811898, 33.7753551864254]]}, "properties": {"OBJECTID": 121, "FACILITYID": null, "SURFTYPE": "Concrete", "ADACOMPLY": "Steps", "CONDITION": null, "WIDTH": 8, "INSTALLDATE": null, "OWNEDBY": null, "MAINTBY": null, "LASTUPDATE": null, "LASTEDITOR": null, "Shape__Length": 44.31643234511057, "GlobalID": "1fda08b7-f522-4d06-8a5b-557bc91bd851", "Status": null, "CreationDate": 1758294013017, "Creator": "dsimsGT", "EditDate": 1758294013017, "Editor": "dsimsGT"}}, {"type": "Feature", "id": 122, "geometry": {"type": "LineString", "coordinates": [[-84.3980749283956, 33.7752309035932], [-84.3980774958567, 33.7753557649214]]}, "properties": {"OBJECTID": 122, "FACILITYID": null, "SURFTYPE": "Concrete", "ADACOMPLY": "Steps", "CONDITION": null, "WIDTH": 8, "INSTALLDATE": null, "OWNEDBY": null, "MAINTBY": null, "LASTUPDATE": null, "LASTEDITOR": null, "Shape__Length": 45.44000913211605, "GlobalID": "ee742bbe-ce18-4c74-9d17-1451d6dd8635", "Status": null, "CreationDate": 1758294013017, "Creator": "dsimsGT", "EditDate": 1758911320656, "Editor": "aramirez91_GTFacilities"}}, {"type": "Feature", "id": 123, "geometry": {"type": "LineString", "coordinates": [[-84.3985175477633, 33.7751567676632], [-84.3984416316464, 33.7751927058353], [-84.3984342493152, 33.7752286297834]]}, "properties": {"OBJECTID": 123, "FACILITYID": null, "SURFTYPE": "Concrete", "ADACOMPLY": "Yes", "CONDITION": null, "WIDTH": 6, "INSTALLDATE": null, "OWNEDBY": null, "MAINTBY": null, "LASTUPDATE": null, "LASTEDITOR": null, "Shape__Length": 39.77977182013359, "GlobalID": "5b071968-59fd-42c3-a1d2-63dcd22d8d3b", "Status": null, "CreationDate": 1758294013017, "Creator": "dsimsGT", "EditDate": 1758294013017, "Editor": "dsimsGT"}}, {"type": "Feature", "id": 124, "geometry": {"type": "LineString", "coordinates": [[-84.3984342493152, 33.7752286297834], [-84.3986135188933, 33.7753034041815]]}, "properties": {"OBJECTID": 124, "FACILITYID": null, "SURFTYPE": "Concrete", "ADACOMPLY": "Yes", "CONDITION": null, "WIDTH": 6, "INSTALLDATE": null, "OWNEDBY": null, "MAINTBY": null, "LASTUPDATE": null, "LASTEDITOR": null, "Shape__Length": 60.89086921653752, "GlobalID": "e2dc2156-ea86-4e26-bbf6-954a127912c9", "Status": null, "CreationDate": 1758294013017, "Creator": "dsimsGT", "EditDate": 1758294013017, "Editor": "dsimsGT"}}, {"type": "Feature", "id": 125, "geometry": {"type": "LineString", "coordinates": [[-84.3978325076174, 33.7753296821352], [-84.3977858724485, 33.7753688019834], [-84.3976590159765, 33.7754720847558]]}, "properties": {"OBJECTID": 125, "FACILITYID": null, "SURFTYPE": "Concrete", "ADACOMPLY": "Yes", "CONDITION": null, "WIDTH": 6, "INSTALLDATE": null, "OWNEDBY": null, "MAINTBY": null, "LASTUPDATE": null, "LASTEDITOR": null, "Shape__Length": 73.92124403986573, "GlobalID": "56d17fa6-e258-456a-8d00-69ea06e7e8a2", "Status": null, "CreationDate": 1758294013017, "Creator": "dsimsGT", "EditDate": 1758294013017, "Editor": "dsimsGT"}}, {"type": "Feature", "id": 126, "geometry": {"type": "LineString", "coordinates": [[-84.3978303138364, 33.7755842026885], [-84.3977882571078, 33.7755608376122], [-84.3976590159765, 33.7754720847558]]}, "properties": {"OBJECTID": 126, "FACILITYID": null, "SURFTYPE": "Concrete", "ADACOMPLY": "Yes", "CONDITION": null, "WIDTH": 6, "INSTALLDATE": null, "OWNEDBY": null, "MAINTBY": null, "LASTUPDATE": null, "LASTEDITOR": null, "Shape__Length": 66.19427201471652, "GlobalID": "2ef86c08-aab1-450c-b7e1-ed5182609fc1", "Status": null, "CreationDate": 1758294013017, "Creator": "dsimsGT", "EditDate": 1758294013017, "Editor": "dsimsGT"}}, {"type": "Feature", "id": 127, "geometry": {"type": "LineString", "coordinates": [[-84.3976590159765, 33.7754720847558], [-84.3972773662606, 33.7752420369717]]}, "properties": {"OBJECTID": 127, "FACILITYID": null, "SURFTYPE": "Concrete", "ADACOMPLY": "Yes", "CONDITION": null, "WIDTH": 6, "INSTALLDATE": null, "OWNEDBY": null, "MAINTBY": null, "LASTUPDATE": null, "LASTEDITOR": null, "Shape__Length": 143.0247047267797, "GlobalID": "f51c8b4b-81e9-4960-ae66-f1d3bcc27d15", "Status": null, "CreationDate": 1758294013017, "Creator": "dsimsGT", "EditDate": 1758294013017, "Editor": "dsimsGT"}}, {"type": "Feature", "id": 128, "geometry": {"type": "LineString", "coordinates": [[-84.3976590159765, 33.7754720847558], [-84.397612334568, 33.7754940308641], [-84.3975638920044, 33.7755565735116], [-84.3975303729274, 33.7756065976424], [-84.3975211798525, 33.7756643827622], [-84.3975344427888, 33.7757299332759], [-84.3975551387542, 33.7757782943186], [-84.3975963788638, 33.7758188113179], [-84.3976376190123, 33.775859328303], [-84.397680741814, 33.7759045249285], [-84.3976901736943, 33.7759357332727], [-84.3977052733171, 33.7759887897463], [-84.3976997858043, 33.7760340773582], [-84.3976849376362, 33.776074699314], [-84.3976775727575, 33.7761168680191], [-84.3976889082383, 33.7761605633788], [-84.3977133423368, 33.7762089173933], [-84.3977470879149, 33.7762432035306], [-84.3977790011989, 33.7762915435267], [-84.3978330785912, 33.7763381739438]]}, "properties": {"OBJECTID": 128, "FACILITYID": null, "SURFTYPE": "Concrete", "ADACOMPLY": "Yes", "CONDITION": null, "WIDTH": 6, "INSTALLDATE": null, "OWNEDBY": null, "MAINTBY": null, "LASTUPDATE": null, "LASTEDITOR": null, "Shape__Length": 362.35212068705056, "GlobalID": "07b25875-a69f-4666-8afd-d1597fbd363e", "Status": null, "CreationDate": 1758294013017, "Creator": "dsimsGT", "EditDate": 1758294013017, "Editor": "dsimsGT"}}, {"type": "Feature", "id": 129, "geometry": {"type": "LineString", "coordinates": [[-84.3975211798525, 33.7756643827622], [-84.3974277037024, 33.7756661192447]]}, "properties": {"OBJECTID": 129, "FACILITYID": null, "SURFTYPE": "Concrete", "ADACOMPLY": "Yes", "CONDITION": null, "WIDTH": 8, "INSTALLDATE": null, "OWNEDBY": null, "MAINTBY": null, "LASTUPDATE": null, "LASTEDITOR": null, "Shape__Length": 28.411138144349028, "GlobalID": "334b3cc4-b092-484d-b4ff-d81e49e64a62", "Status": null, "CreationDate": 1758294013017, "Creator": "dsimsGT", "EditDate": 1758294013017, "Editor": "dsimsGT"}}, {"type": "Feature", "id": 130, "geometry": {"type": "LineString", "coordinates": [[-84.3968764569786, 33.7752433490002], [-84.397050690347, 33.7753531200555], [-84.3972211754285, 33.7754318539951], [-84.3972028641109, 33.7756275042489]]}, "properties": {"OBJECTID": 130, "FACILITYID": null, "SURFTYPE": "Concrete", "ADACOMPLY": "Yes", "CONDITION": null, "WIDTH": 12, "INSTALLDATE": null, "OWNEDBY": null, "MAINTBY": null, "LASTUPDATE": null, "LASTEDITOR": null, "Shape__Length": 196.92761050134877, "GlobalID": "a7ebbb16-f51a-450c-a176-f7dd8a08da51", "Status": null, "CreationDate": 1758294013017, "Creator": "dsimsGT", "EditDate": 1758909495876, "Editor": "aramirez91_GTFacilities"}}, {"type": "Feature", "id": 131, "geometry": {"type": "LineString", "coordinates": [[-84.3966831164978, 33.7756284136464], [-84.3972294203832, 33.7756274573431], [-84.3973229216032, 33.7756350891252]]}, "properties": {"OBJECTID": 131, "FACILITYID": null, "SURFTYPE": "Concrete", "ADACOMPLY": "Yes", "CONDITION": null, "WIDTH": 12, "INSTALLDATE": null, "OWNEDBY": null, "MAINTBY": null, "LASTUPDATE": null, "LASTEDITOR": null, "Shape__Length": 194.550079391996, "GlobalID": "87572c3f-0d80-451d-bb16-1ea64d431150", "Status": null, "CreationDate": 1758294013017, "Creator": "dsimsGT", "EditDate": 1758294013017, "Editor": "dsimsGT"}}, {"type": "Feature", "id": 133, "geometry": {"type": "LineString", "coordinates": [[-84.3957717839673, 33.7757453182894], [-84.3957511921294, 33.7758675276181], [-84.3957346735713, 33.7759830950273], [-84.3957366641287, 33.7760283686738]]}, "properties": {"OBJECTID": 133, "FACILITYID": null, "SURFTYPE": "Concrete", "ADACOMPLY": "Yes", "CONDITION": null, "WIDTH": 12, "INSTALLDATE": null, "OWNEDBY": null, "MAINTBY": null, "LASTUPDATE": null, "LASTEDITOR": null, "Shape__Length": 103.74125321377187, "GlobalID": "3e090bed-51b2-4c49-9c9f-363ab6ba91dc", "Status": null, "CreationDate": 1758294013017, "Creator": "dsimsGT", "EditDate": 1758294013017, "Editor": "dsimsGT"}}, {"type": "Feature", "id": 134, "geometry": {"type": "LineString", "coordinates": [[-84.3957366641287, 33.7760283686738], [-84.395833904673, 33.776035994642]]}, "properties": {"OBJECTID": 134, "FACILITYID": null, "SURFTYPE": "Concrete", "ADACOMPLY": "Yes", "CONDITION": null, "WIDTH": 12, "INSTALLDATE": null, "OWNEDBY": null, "MAINTBY": null, "LASTUPDATE": null, "LASTEDITOR": null, "Shape__Length": 29.677858369832474, "GlobalID": "f2257b89-ee79-42fa-88ef-42afacf6bedc", "Status": null, "CreationDate": 1758294013017, "Creator": "dsimsGT", "EditDate": 1758294013017, "Editor": "dsimsGT"}}, {"type": "Feature", "id": 137, "geometry": {"type": "LineString", "coordinates": [[-84.395736664364, 33.7760283690175], [-84.3957349476835, 33.776086140795], [-84.3957314343724, 33.7761707688745]]}, "properties": {"OBJECTID": 137, "FACILITYID": null, "SURFTYPE": "Concrete", "ADACOMPLY": "Yes", "CONDITION": null, "WIDTH": 12, "INSTALLDATE": null, "OWNEDBY": null, "MAINTBY": null, "LASTUPDATE": null, "LASTEDITOR": null, "Shape__Length": 51.84003030226435, "GlobalID": "9654197b-b8d0-4973-98cc-cf51977b1edf", "Status": null, "CreationDate": 1758294013017, "Creator": "dsimsGT", "EditDate": 1758294013017, "Editor": "dsimsGT"}}, {"type": "Feature", "id": 138, "geometry": {"type": "LineString", "coordinates": [[-84.3956891824342, 33.7764806098568], [-84.3956612225341, 33.7764844090054], [-84.3956088728237, 33.7764845061322], [-84.3955770811128, 33.7764814426864], [-84.395481717365, 33.7764769354572]]}, "properties": {"OBJECTID": 138, "FACILITYID": null, "SURFTYPE": "Concrete", "ADACOMPLY": "No", "CONDITION": null, "WIDTH": 8, "INSTALLDATE": null, "OWNEDBY": null, "MAINTBY": null, "LASTUPDATE": null, "LASTEDITOR": null, "Shape__Length": 63.2629716905261, "GlobalID": "8be3fde9-fa8c-4479-85b5-77a4be4d5b2b", "Status": null, "CreationDate": 1758294013017, "Creator": "dsimsGT", "EditDate": 1758294013017, "Editor": "dsimsGT"}}, {"type": "Feature", "id": 140, "geometry": {"type": "LineString", "coordinates": [[-84.3955013847076, 33.7769545949055], [-84.3954925101344, 33.7770202479875], [-84.3955113642633, 33.7770795425998]]}, "properties": {"OBJECTID": 140, "FACILITYID": null, "SURFTYPE": "Concrete", "ADACOMPLY": "Yes", "CONDITION": null, "WIDTH": 12, "INSTALLDATE": null, "OWNEDBY": null, "MAINTBY": null, "LASTUPDATE": null, "LASTEDITOR": null, "Shape__Length": 46.36412690875156, "GlobalID": "f5c9bf31-911c-4280-b89f-883486f5ac0f", "Status": null, "CreationDate": 1758294013017, "Creator": "dsimsGT", "EditDate": 1758294013017, "Editor": "dsimsGT"}}, {"type": "Feature", "id": 141, "geometry": {"type": "LineString", "coordinates": [[-84.3955113642633, 33.7770795425998], [-84.3956371573331, 33.7772775950628], [-84.3957757618104, 33.7774958746981], [-84.395777278166, 33.7775134712179]]}, "properties": {"OBJECTID": 141, "FACILITYID": null, "SURFTYPE": "Concrete", "ADACOMPLY": "Yes", "CONDITION": null, "WIDTH": 6, "INSTALLDATE": null, "OWNEDBY": null, "MAINTBY": null, "LASTUPDATE": null, "LASTEDITOR": null, "Shape__Length": 177.89514538275702, "GlobalID": "453ac9d3-0cc5-4610-b99e-05fdc3611c59", "Status": null, "CreationDate": 1758294013017, "Creator": "dsimsGT", "EditDate": 1758294013017, "Editor": "dsimsGT"}}, {"type": "Feature", "id": 142, "geometry": {"type": "LineString", "coordinates": [[-84.3958521081984, 33.7776377547627], [-84.3958820460963, 33.7776532517461], [-84.3959593830915, 33.7777441379053], [-84.396034972412, 33.7778209380575], [-84.3961105165795, 33.7778807520353], [-84.3961800647545, 33.7779355801655], [-84.3962627706544, 33.7779883857174], [-84.3963442445671, 33.7780282034147], [-84.3963837804171, 33.7780461159685], [-84.3963969903271, 33.7780640775198]]}, "properties": {"OBJECTID": 142, "FACILITYID": null, "SURFTYPE": "Concrete", "ADACOMPLY": "Yes", "CONDITION": null, "WIDTH": 6, "INSTALLDATE": null, "OWNEDBY": null, "MAINTBY": null, "LASTUPDATE": null, "LASTEDITOR": null, "Shape__Length": 229.79628169190244, "GlobalID": "6e48f1ba-264a-4633-a777-0bed533c3f12", "Status": null, "CreationDate": 1758294013017, "Creator": "dsimsGT", "EditDate": 1758294013017, "Editor": "dsimsGT"}}, {"type": "Feature", "id": 143, "geometry": {"type": "LineString", "coordinates": [[-84.3965717753636, 33.7781274446753], [-84.3966012722051, 33.7781313182147], [-84.3967243106664, 33.7781601653585], [-84.3968058992396, 33.7781720619997], [-84.3968805714834, 33.7781784714162], [-84.3970462089389, 33.7781839247648], [-84.3972901280133, 33.7781892487543], [-84.3973273732527, 33.7781875417459], [-84.3973723855924, 33.7781655032966], [-84.3975282954859, 33.7781696649854], [-84.3975816742529, 33.7781897350567], [-84.397614948458, 33.7781985784008], [-84.3976983720458, 33.7781929221777]]}, "properties": {"OBJECTID": 143, "FACILITYID": null, "SURFTYPE": "Concrete", "ADACOMPLY": "Yes", "CONDITION": null, "WIDTH": 6, "INSTALLDATE": null, "OWNEDBY": null, "MAINTBY": null, "LASTUPDATE": null, "LASTEDITOR": null, "Shape__Length": 348.8080102096992, "GlobalID": "875cc91c-f4a9-418a-a798-db9ae420384b", "Status": null, "CreationDate": 1758294013017, "Creator": "dsimsGT", "EditDate": 1758294013017, "Editor": "dsimsGT"}}, {"type": "Feature", "id": 144, "geometry": {"type": "LineString", "coordinates": [[-84.3976983720458, 33.7781929221777], [-84.3977271244918, 33.7781901642943], [-84.3977563804863, 33.7781911716588], [-84.3977968036922, 33.778191590963]]}, "properties": {"OBJECTID": 144, "FACILITYID": null, "SURFTYPE": "Concrete", "ADACOMPLY": "Yes", "CONDITION": null, "WIDTH": 6, "INSTALLDATE": null, "OWNEDBY": null, "MAINTBY": null, "LASTUPDATE": null, "LASTEDITOR": null, "Shape__Length": 29.974980323616833, "GlobalID": "bdd3b951-3c6f-4482-a6cb-d119e7260f9b", "Status": null, "CreationDate": 1758294013017, "Creator": "dsimsGT", "EditDate": 1758294013017, "Editor": "dsimsGT"}}, {"type": "Feature", "id": 147, "geometry": {"type": "LineString", "coordinates": [[-84.3937291142185, 33.7770083095521], [-84.3940814189624, 33.7770210909386], [-84.3943992449591, 33.7770268993619], [-84.3946519702804, 33.7770302701664], [-84.3949031713621, 33.7770362003562], [-84.3950303007189, 33.777038524061], [-84.3951337338759, 33.7770568777879], [-84.3951850923353, 33.7770753287681], [-84.3952395615314, 33.7771116798632], [-84.3952956008886, 33.7771627366665], [-84.3953570605933, 33.7772361659968], [-84.3954208571461, 33.7773243005064], [-84.3955415849081, 33.7775108131939], [-84.3956200053651, 33.7776264190393]]}, "properties": {"OBJECTID": 147, "FACILITYID": null, "SURFTYPE": "Concrete", "ADACOMPLY": "Yes", "CONDITION": null, "WIDTH": 6, "INSTALLDATE": null, "OWNEDBY": null, "MAINTBY": null, "LASTUPDATE": null, "LASTEDITOR": null, "Shape__Length": 686.6236640777572, "GlobalID": "6dbb022e-61a8-4efe-ba03-00769f3b7871", "Status": null, "CreationDate": 1758294013017, "Creator": "dsimsGT", "EditDate": 1758911320656, "Editor": "aramirez91_GTFacilities"}}, {"type": "Feature", "id": 148, "geometry": {"type": "LineString", "coordinates": [[-84.3956999462494, 33.777737545311], [-84.3957437148347, 33.7777815899924], [-84.395788281341, 33.777837783831], [-84.3958604704547, 33.7779137509645], [-84.3959142045254, 33.7779616145038], [-84.3959594850227, 33.7779979823429], [-84.3960224183753, 33.7780490259972], [-84.3960477388663, 33.7780675250031], [-84.3960976103169, 33.7781026057156], [-84.3961581984089, 33.7781357468634], [-84.3962532807241, 33.7781809753683], [-84.3963529420319, 33.7782204391347], [-84.3963851368709, 33.778231890592], [-84.3964786268692, 33.7782540991207], [-84.3965575499952, 33.7782705794749], [-84.3966150170843, 33.7782819837905], [-84.3966977638627, 33.778296538216], [-84.3968057691998, 33.7783059295147], [-84.396880826066, 33.7783083475046], [-84.3969175872588, 33.7783089181923], [-84.3970048969316, 33.778311313245], [-84.3971573049329, 33.7783148661101], [-84.3972331290584, 33.7783179217234], [-84.3974230627305, 33.7783220434146], [-84.3975647473075, 33.7783249765567], [-84.3976673712971, 33.7783267023137], [-84.397704299809, 33.7783280577921], [-84.3977938196975, 33.7783328474427]]}, "properties": {"OBJECTID": 148, "FACILITYID": null, "SURFTYPE": "Concrete", "ADACOMPLY": "Yes", "CONDITION": null, "WIDTH": 6, "INSTALLDATE": null, "OWNEDBY": null, "MAINTBY": null, "LASTUPDATE": null, "LASTEDITOR": null, "Shape__Length": 711.0019048357303, "GlobalID": "e1ebf48f-75bb-4986-bd2a-9a872faa9371", "Status": null, "CreationDate": 1758294013017, "Creator": "dsimsGT", "EditDate": 1758294013017, "Editor": "dsimsGT"}}, {"type": "Feature", "id": 149, "geometry": {"type": "LineString", "coordinates": [[-84.397704299809, 33.7783280577921], [-84.3975909240536, 33.7783767274438], [-84.3975466117372, 33.7784158202983], [-84.3974923603079, 33.7784613271405]]}, "properties": {"OBJECTID": 149, "FACILITYID": null, "SURFTYPE": "Concrete", "ADACOMPLY": "Yes", "CONDITION": null, "WIDTH": 6, "INSTALLDATE": null, "OWNEDBY": null, "MAINTBY": null, "LASTUPDATE": null, "LASTEDITOR": null, "Shape__Length": 81.68692617106475, "GlobalID": "1ad8d750-8418-44b1-b11d-a3acb78ee5e5", "Status": null, "CreationDate": 1758294013017, "Creator": "dsimsGT", "EditDate": 1758294013017, "Editor": "dsimsGT"}}, {"type": "Feature", "id": 150, "geometry": {"type": "LineString", "coordinates": [[-84.3974923603079, 33.7784613271405], [-84.3975268736481, 33.7784804479163], [-84.3975544699564, 33.7784906282268], [-84.3976027871726, 33.7785167578373], [-84.3976335119322, 33.7785512335807], [-84.3976466120534, 33.7785812656069], [-84.3976551357124, 33.7786183417826], [-84.3976460473509, 33.7786560892922], [-84.3976308005812, 33.7786823378471], [-84.3976078493329, 33.7786906949262]]}, "properties": {"OBJECTID": 150, "FACILITYID": null, "SURFTYPE": "Concrete", "ADACOMPLY": "No", "CONDITION": null, "WIDTH": 8, "INSTALLDATE": null, "OWNEDBY": null, "MAINTBY": null, "LASTUPDATE": null, "LASTEDITOR": null, "Shape__Length": 112.481563409952, "GlobalID": "9968e337-54db-465d-bd1c-dceb1021a64c", "Status": null, "CreationDate": 1758294013017, "Creator": "dsimsGT", "EditDate": 1758294013017, "Editor": "dsimsGT"}}, {"type": "Feature", "id": 151, "geometry": {"type": "LineString", "coordinates": [[-84.3977783165172, 33.7788035276185], [-84.3977138941107, 33.7788254321441], [-84.397645783674, 33.7788434664387], [-84.3976266559866, 33.7788498967491], [-84.3975547270505, 33.7788717746659], [-84.3975087896774, 33.7788763373029], [-84.3974735655356, 33.778877682631], [-84.3974321943706, 33.7788713645887], [-84.3974023043344, 33.7788631072543]]}, "properties": {"OBJECTID": 151, "FACILITYID": null, "SURFTYPE": "Concrete", "ADACOMPLY": "No", "CONDITION": null, "WIDTH": 8, "INSTALLDATE": null, "OWNEDBY": null, "MAINTBY": null, "LASTUPDATE": null, "LASTEDITOR": null, "Shape__Length": 119.48866846545201, "GlobalID": "a4e7d9bf-bd3b-4b98-800b-6d355e0c677e", "Status": null, "CreationDate": 1758294013017, "Creator": "dsimsGT", "EditDate": 1758294013017, "Editor": "dsimsGT"}}, {"type": "Feature", "id": 152, "geometry": {"type": "LineString", "coordinates": [[-84.3974923603079, 33.7784613271405], [-84.3974058760167, 33.7784813134815], [-84.3972948620341, 33.7784923922094], [-84.3971732290388, 33.7785418622467], [-84.3971357741461, 33.778568152221], [-84.3971343070837, 33.7785924562661], [-84.3970715997667, 33.77862582716], [-84.3969598976665, 33.7786663250477], [-84.3968260336067, 33.7787241307913], [-84.396574381448, 33.7788377922782], [-84.3963762632473, 33.7789238559559]]}, "properties": {"OBJECTID": 152, "FACILITYID": null, "SURFTYPE": "Concrete", "ADACOMPLY": "Yes", "CONDITION": null, "WIDTH": 12, "INSTALLDATE": null, "OWNEDBY": null, "MAINTBY": null, "LASTUPDATE": null, "LASTEDITOR": null, "Shape__Length": 386.2486520798798, "GlobalID": "b9322fbb-fee6-4e03-bf8c-7c6888abe7b8", "Status": null, "CreationDate": 1758294013017, "Creator": "dsimsGT", "EditDate": 1758294013017, "Editor": "dsimsGT"}}, {"type": "Feature", "id": 153, "geometry": {"type": "LineString", "coordinates": [[-84.3963732981044, 33.7786738137427], [-84.3963762632473, 33.7789238559559], [-84.3963719597791, 33.7790332198354]]}, "properties": {"OBJECTID": 153, "FACILITYID": null, "SURFTYPE": "Concrete", "ADACOMPLY": "Yes", "CONDITION": null, "WIDTH": 12, "INSTALLDATE": null, "OWNEDBY": null, "MAINTBY": null, "LASTUPDATE": null, "LASTEDITOR": null, "Shape__Length": 130.80315553440045, "GlobalID": "92cdbd12-ddc1-48d8-8c14-f849be2693c3", "Status": null, "CreationDate": 1758294013017, "Creator": "dsimsGT", "EditDate": 1758294013017, "Editor": "dsimsGT"}}, {"type": "Feature", "id": 154, "geometry": {"type": "LineString", "coordinates": [[-84.3963732981044, 33.7786738137427], [-84.3965992095484, 33.7786714743135], [-84.3967944911886, 33.7786704710363], [-84.3969598976665, 33.7786663250477]]}, "properties": {"OBJECTID": 154, "FACILITYID": null, "SURFTYPE": "Concrete", "ADACOMPLY": "Yes", "CONDITION": null, "WIDTH": 12, "INSTALLDATE": null, "OWNEDBY": null, "MAINTBY": null, "LASTUPDATE": null, "LASTEDITOR": null, "Shape__Length": 178.269760351598, "GlobalID": "134e05fd-598a-4a38-95a4-8aac4376d7c9", "Status": null, "CreationDate": 1758294013017, "Creator": "dsimsGT", "EditDate": 1758294013017, "Editor": "dsimsGT"}}, {"type": "Feature", "id": 155, "geometry": {"type": "LineString", "coordinates": [[-84.3968219448811, 33.7786269331965], [-84.3968205500965, 33.7786698174309], [-84.3968260336067, 33.7787241307913], [-84.3968169489938, 33.7790496573577], [-84.3968162336883, 33.7790688440264]]}, "properties": {"OBJECTID": 155, "FACILITYID": null, "SURFTYPE": "Concrete", "ADACOMPLY": "Yes", "CONDITION": null, "WIDTH": 12, "INSTALLDATE": null, "OWNEDBY": null, "MAINTBY": null, "LASTUPDATE": null, "LASTEDITOR": null, "Shape__Length": 160.90965577124246, "GlobalID": "104ed1f2-92b6-4b28-a4e9-921fbf60651d", "Status": null, "CreationDate": 1758294013017, "Creator": "dsimsGT", "EditDate": 1758294013017, "Editor": "dsimsGT"}}, {"type": "Feature", "id": 156, "geometry": {"type": "LineString", "coordinates": [[-84.3970858356219, 33.7790804915798], [-84.3968162336883, 33.7790688440264], [-84.3966477204727, 33.7790570075343], [-84.3965067859602, 33.7790483167055], [-84.3963719597791, 33.7790332198354], [-84.3961490799053, 33.7790240418319]]}, "properties": {"OBJECTID": 156, "FACILITYID": null, "SURFTYPE": "Concrete", "ADACOMPLY": "Yes", "CONDITION": null, "WIDTH": 12, "INSTALLDATE": null, "OWNEDBY": null, "MAINTBY": null, "LASTUPDATE": null, "LASTEDITOR": null, "Shape__Length": 285.49180036832615, "GlobalID": "f4c18efd-8b86-468e-b170-528da450351c", "Status": null, "CreationDate": 1758294013017, "Creator": "dsimsGT", "EditDate": 1758294013017, "Editor": "dsimsGT"}}, {"type": "Feature", "id": 158, "geometry": {"type": "LineString", "coordinates": [[-84.3968162336883, 33.7790688440264], [-84.396816350291, 33.7791661364827], [-84.3968165549017, 33.7792426403034], [-84.3968187173208, 33.7793519272137], [-84.3968189052305, 33.7794221853257], [-84.396809748865, 33.7794940216219]]}, "properties": {"OBJECTID": 158, "FACILITYID": null, "SURFTYPE": "Concrete", "ADACOMPLY": "No", "CONDITION": null, "WIDTH": 8, "INSTALLDATE": null, "OWNEDBY": null, "MAINTBY": null, "LASTUPDATE": null, "LASTEDITOR": null, "Shape__Length": 154.8627548778633, "GlobalID": "02979a3d-08c0-4290-9400-6afb1fecdd27", "Status": null, "CreationDate": 1758294013017, "Creator": "dsimsGT", "EditDate": 1758294013017, "Editor": "dsimsGT"}}, {"type": "Feature", "id": 160, "geometry": {"type": "LineString", "coordinates": [[-84.3964899290238, 33.779510043102], [-84.3965852979368, 33.7795103568543], [-84.3967156340076, 33.7795540541185], [-84.396789261174, 33.7795237250532], [-84.3968132861384, 33.7795735559844]]}, "properties": {"OBJECTID": 160, "FACILITYID": null, "SURFTYPE": "Concrete", "ADACOMPLY": "Yes", "CONDITION": null, "WIDTH": 12, "INSTALLDATE": null, "OWNEDBY": null, "MAINTBY": null, "LASTUPDATE": null, "LASTEDITOR": null, "Shape__Length": 116.14556500153634, "GlobalID": "17fd71aa-8019-42b8-abf9-7675db940470", "Status": null, "CreationDate": 1758294013017, "Creator": "dsimsGT", "EditDate": 1758294013017, "Editor": "dsimsGT"}}, {"type": "Feature", "id": 161, "geometry": {"type": "LineString", "coordinates": [[-84.396809748865, 33.7794940216219], [-84.396789261174, 33.7795237250532]]}, "properties": {"OBJECTID": 161, "FACILITYID": null, "SURFTYPE": "Concrete", "ADACOMPLY": "No", "CONDITION": null, "WIDTH": 8, "INSTALLDATE": null, "OWNEDBY": null, "MAINTBY": null, "LASTUPDATE": null, "LASTEDITOR": null, "Shape__Length": 12.472786438733225, "GlobalID": "e873cf58-a1df-4d1d-bd5b-5acf03544879", "Status": null, "CreationDate": 1758294013017, "Creator": "dsimsGT", "EditDate": 1758294013017, "Editor": "dsimsGT"}}, {"type": "Feature", "id": 162, "geometry": {"type": "LineString", "coordinates": [[-84.397069263894, 33.7795657163451], [-84.3971436445171, 33.7795663934447], [-84.3971990526287, 33.7795678146412], [-84.3972788990822, 33.7795673264333], [-84.3974799424114, 33.7795664213009], [-84.3976388249946, 33.779570890156], [-84.3977005223427, 33.7795621314361], [-84.397767038614, 33.7795879482931]]}, "properties": {"OBJECTID": 162, "FACILITYID": null, "SURFTYPE": "Concrete", "ADACOMPLY": "No", "CONDITION": null, "WIDTH": 8, "INSTALLDATE": null, "OWNEDBY": null, "MAINTBY": null, "LASTUPDATE": null, "LASTEDITOR": null, "Shape__Length": 214.40320300027338, "GlobalID": "b2adfe4f-157e-4242-9947-6153ef6e070c", "Status": null, "CreationDate": 1758294013017, "Creator": "dsimsGT", "EditDate": 1758294013017, "Editor": "dsimsGT"}}, {"type": "Feature", "id": 163, "geometry": {"type": "LineString", "coordinates": [[-84.3977005223427, 33.7795621314361], [-84.3976792773272, 33.7795376751507], [-84.3976492738323, 33.7795049436717], [-84.3976286313795, 33.7794768787432], [-84.3976285056654, 33.779430040005], [-84.3976265810412, 33.7793928396775], [-84.3976119600216, 33.7793666479269], [-84.3975851220979, 33.7793539073264], [-84.3975544639869, 33.7793443720241], [-84.397518464458, 33.7793425215611], [-84.3974862964988, 33.77934130229], [-84.3974533424202, 33.7793324105276], [-84.397422655814, 33.7793126433084], [-84.3974026636497, 33.7792826241485], [-84.3973750190965, 33.7792545371039], [-84.3973297836225, 33.7792354363304], [-84.3972891641231, 33.7792240008671], [-84.3972385945428, 33.779214503597], [-84.397235298277, 33.7791275364818]]}, "properties": {"OBJECTID": 163, "FACILITYID": null, "SURFTYPE": "Concrete", "ADACOMPLY": "No", "CONDITION": null, "WIDTH": 8, "INSTALLDATE": null, "OWNEDBY": null, "MAINTBY": null, "LASTUPDATE": null, "LASTEDITOR": null, "Shape__Length": 243.0122122039738, "GlobalID": "c3303e53-17e1-457e-b3d7-6ddc0197f01b", "Status": null, "CreationDate": 1758294013017, "Creator": "dsimsGT", "EditDate": 1758294013017, "Editor": "dsimsGT"}}, {"type": "Feature", "id": 165, "geometry": {"type": "LineString", "coordinates": [[-84.3966254958816, 33.7798113099066], [-84.396630376147, 33.7798742522894], [-84.3966509884008, 33.7799751356838]]}, "properties": {"OBJECTID": 165, "FACILITYID": null, "SURFTYPE": "Concrete", "ADACOMPLY": "No", "CONDITION": null, "WIDTH": 8, "INSTALLDATE": null, "OWNEDBY": null, "MAINTBY": null, "LASTUPDATE": null, "LASTEDITOR": null, "Shape__Length": 60.18975798950345, "GlobalID": "ac808c09-f104-4054-a543-22088f578548", "Status": null, "CreationDate": 1758294013017, "Creator": "dsimsGT", "EditDate": 1758294013017, "Editor": "dsimsGT"}}, {"type": "Feature", "id": 166, "geometry": {"type": "LineString", "coordinates": [[-84.397772026375, 33.7799040947937], [-84.3977290746909, 33.7799511395233], [-84.397681336411, 33.7799981922968], [-84.3976108402483, 33.7800372945074], [-84.3975211131125, 33.780044456502], [-84.397418213044, 33.7800476469465], [-84.3973225056435, 33.78005581991], [-84.39724836929, 33.7800759426512], [-84.3971694543825, 33.7800990731651], [-84.3970857394983, 33.780117215641], [-84.397023516464, 33.7801173318081], [-84.396952902241, 33.7801124675545], [-84.3968726759003, 33.7800926321447], [-84.396809172589, 33.7800617743694], [-84.3967695700018, 33.7800188809398]]}, "properties": {"OBJECTID": 166, "FACILITYID": null, "SURFTYPE": "Concrete", "ADACOMPLY": "Yes", "CONDITION": null, "WIDTH": 12, "INSTALLDATE": null, "OWNEDBY": null, "MAINTBY": null, "LASTUPDATE": null, "LASTEDITOR": null, "Shape__Length": 340.85692190428506, "GlobalID": "2025a0be-e87b-4427-a952-3b2cdfd9108b", "Status": null, "CreationDate": 1758294013017, "Creator": "dsimsGT", "EditDate": 1758294013017, "Editor": "dsimsGT"}}, {"type": "Feature", "id": 167, "geometry": {"type": "LineString", "coordinates": [[-84.3970071696758, 33.7800187974335], [-84.3968716225356, 33.7800209690793], [-84.3967695700018, 33.7800188809398], [-84.3966563833649, 33.780006022507], [-84.396596635571, 33.7800010178772]]}, "properties": {"OBJECTID": 167, "FACILITYID": null, "SURFTYPE": "Concrete", "ADACOMPLY": "Yes", "CONDITION": null, "WIDTH": 12, "INSTALLDATE": null, "OWNEDBY": null, "MAINTBY": null, "LASTUPDATE": null, "LASTEDITOR": null, "Shape__Length": 125.16534674487858, "GlobalID": "47a4e804-685f-4489-b36d-1796cb78d014", "Status": null, "CreationDate": 1758294013017, "Creator": "dsimsGT", "EditDate": 1758294013017, "Editor": "dsimsGT"}}, {"type": "Feature", "id": 168, "geometry": {"type": "LineString", "coordinates": [[-84.3966509884008, 33.7799751356838], [-84.3966563833649, 33.780006022507], [-84.3966519736059, 33.7800750971981], [-84.3966481915755, 33.7800930110368], [-84.3965532481108, 33.7801002226235], [-84.3964597834088, 33.7800882460519], [-84.3963899954968, 33.7800519240361], [-84.3963087457419, 33.7800252150747]]}, "properties": {"OBJECTID": 168, "FACILITYID": null, "SURFTYPE": "Concrete", "ADACOMPLY": "Yes", "CONDITION": null, "WIDTH": 12, "INSTALLDATE": null, "OWNEDBY": null, "MAINTBY": null, "LASTUPDATE": null, "LASTEDITOR": null, "Shape__Length": 152.36395920789212, "GlobalID": "cf8990c0-8728-4d25-82fc-ec3e8dbd3978", "Status": null, "CreationDate": 1758294013017, "Creator": "dsimsGT", "EditDate": 1758294013017, "Editor": "dsimsGT"}}, {"type": "Feature", "id": 169, "geometry": {"type": "LineString", "coordinates": [[-84.3967913481177, 33.7800424689978], [-84.3966481915755, 33.7800930110368]]}, "properties": {"OBJECTID": 169, "FACILITYID": null, "SURFTYPE": "Concrete", "ADACOMPLY": "Yes", "CONDITION": null, "WIDTH": 12, "INSTALLDATE": null, "OWNEDBY": null, "MAINTBY": null, "LASTUPDATE": null, "LASTEDITOR": null, "Shape__Length": 47.22601342697284, "GlobalID": "0e3c5c65-6c10-4be7-bcfd-a85e7e17394e", "Status": null, "CreationDate": 1758294013017, "Creator": "dsimsGT", "EditDate": 1758294013017, "Editor": "dsimsGT"}}, {"type": "Feature", "id": 170, "geometry": {"type": "LineString", "coordinates": [[-84.3963087457419, 33.7800252150747], [-84.3958216666009, 33.7800216447225], [-84.3957512145336, 33.7800236933404], [-84.3956723682393, 33.7800366305065], [-84.3956134744994, 33.78006487761], [-84.3955599542339, 33.7800982315886], [-84.3955178885045, 33.7801187734796], [-84.3954605410551, 33.7801527737829], [-84.3953962623817, 33.7801720782726], [-84.3953296740626, 33.7801869103109], [-84.3952913860791, 33.7801882606944], [-84.3952439649693, 33.7802113712993]]}, "properties": {"OBJECTID": 170, "FACILITYID": null, "SURFTYPE": "Concrete", "ADACOMPLY": "Yes", "CONDITION": null, "WIDTH": 8, "INSTALLDATE": null, "OWNEDBY": null, "MAINTBY": null, "LASTUPDATE": null, "LASTEDITOR": null, "Shape__Length": 340.96825093007595, "GlobalID": "f82201e7-8c5a-41b7-9c58-d9c91d433f74", "Status": null, "CreationDate": 1758294013017, "Creator": "dsimsGT", "EditDate": 1758294013017, "Editor": "dsimsGT"}}, {"type": "Feature", "id": 171, "geometry": {"type": "LineString", "coordinates": [[-84.3952439649693, 33.7802113712993], [-84.3951675044502, 33.7802575575176], [-84.3951011754197, 33.7803009559636], [-84.3950467826368, 33.7803632994162]]}, "properties": {"OBJECTID": 171, "FACILITYID": null, "SURFTYPE": "Concrete", "ADACOMPLY": "Yes", "CONDITION": null, "WIDTH": 6, "INSTALLDATE": null, "OWNEDBY": null, "MAINTBY": null, "LASTUPDATE": null, "LASTEDITOR": null, "Shape__Length": 82.34436475941126, "GlobalID": "11e8c07c-22e5-4d1a-8318-ff10f91a1e50", "Status": null, "CreationDate": 1758294013017, "Creator": "dsimsGT", "EditDate": 1758294013017, "Editor": "dsimsGT"}}, {"type": "Feature", "id": 172, "geometry": {"type": "LineString", "coordinates": [[-84.3950467826368, 33.7803632994162], [-84.3949933665553, 33.7804356628888], [-84.3949430244595, 33.7805124973488], [-84.3949057223841, 33.7805969807204], [-84.3948906777988, 33.7806449439208], [-84.3948865425876, 33.7807101941352], [-84.3948873624496, 33.7808931078544], [-84.3948914881253, 33.7810050140466], [-84.3948936750467, 33.7812518603957], [-84.3948979517156, 33.7814206821147]]}, "properties": {"OBJECTID": 172, "FACILITYID": null, "SURFTYPE": "Asphalt", "ADACOMPLY": "Yes", "CONDITION": null, "WIDTH": 12, "INSTALLDATE": null, "OWNEDBY": null, "MAINTBY": null, "LASTUPDATE": null, "LASTEDITOR": null, "Shape__Length": 395.94236905611143, "GlobalID": "bd315677-3cbe-4482-83a6-8cdb0c27db23", "Status": null, "CreationDate": 1758294013017, "Creator": "dsimsGT", "EditDate": 1758294013017, "Editor": "dsimsGT"}}, {"type": "Feature", "id": 173, "geometry": {"type": "LineString", "coordinates": [[-84.3936725624664, 33.7802679923385], [-84.3937641735708, 33.7802662630238], [-84.3938202647869, 33.7802661597873], [-84.3943045361091, 33.780271512255], [-84.3948000509926, 33.7802862101917], [-84.3948598814168, 33.7802860995699], [-84.3949664503868, 33.7802843417022], [-84.3950716785842, 33.780334764772]]}, "properties": {"OBJECTID": 173, "FACILITYID": null, "SURFTYPE": "Concrete", "ADACOMPLY": "Yes", "CONDITION": null, "WIDTH": 6, "INSTALLDATE": null, "OWNEDBY": null, "MAINTBY": null, "LASTUPDATE": null, "LASTEDITOR": null, "Shape__Length": 430.13087799846124, "GlobalID": "83d08273-5e1f-406f-8675-7b86019e7db0", "Status": null, "CreationDate": 1758294013017, "Creator": "dsimsGT", "EditDate": 1758294013017, "Editor": "dsimsGT"}}, {"type": "Feature", "id": 174, "geometry": {"type": "LineString", "coordinates": [[-84.3936811663511, 33.7814030424563], [-84.3936585557175, 33.7813375096806], [-84.3936608585978, 33.7807926115969], [-84.3936725624664, 33.7802679923385], [-84.3936715410074, 33.7798807918546], [-84.3936873504699, 33.7794951220446], [-84.3936826392514, 33.7791266637122], [-84.3936930339755, 33.7788143838077], [-84.393697534121, 33.7783943863255], [-84.3937044161634, 33.7781679843244], [-84.3937057538157, 33.7779665745718], [-84.3937105886046, 33.7776730411545], [-84.3937153986505, 33.7773701396091], [-84.3937147766614, 33.7771343841176], [-84.3937164160604, 33.7770469479476], [-84.3937291142185, 33.7770083095521]]}, "properties": {"OBJECTID": 174, "FACILITYID": null, "SURFTYPE": "Concrete", "ADACOMPLY": "Yes", "CONDITION": null, "WIDTH": 6, "INSTALLDATE": null, "OWNEDBY": null, "MAINTBY": null, "LASTUPDATE": null, "LASTEDITOR": null, "Shape__Length": 1600.8287333523344, "GlobalID": "e602cec0-6752-4758-a5f4-bed63b6415c6", "Status": null, "CreationDate": 1758294013017, "Creator": "dsimsGT", "EditDate": 1758294013017, "Editor": "dsimsGT"}}, {"type": "Feature", "id": 175, "geometry": {"type": "LineString", "coordinates": [[-84.393538213201, 33.7782432325449], [-84.393540276753, 33.7783166096513], [-84.3935354619428, 33.7786179503952], [-84.3935325501417, 33.7789317772999], [-84.3935202240455, 33.7792206403449], [-84.3935154338269, 33.7795313482536]]}, "properties": {"OBJECTID": 175, "FACILITYID": null, "SURFTYPE": "Concrete", "ADACOMPLY": "Yes", "CONDITION": null, "WIDTH": 6, "INSTALLDATE": null, "OWNEDBY": null, "MAINTBY": null, "LASTUPDATE": null, "LASTEDITOR": null, "Shape__Length": 468.803661373708, "GlobalID": "ef60f566-c3f0-4f8d-8c06-ed86cf0bceb9", "Status": null, "CreationDate": 1758294013017, "Creator": "dsimsGT", "EditDate": 1758294013017, "Editor": "dsimsGT"}}, {"type": "Feature", "id": 176, "geometry": {"type": "LineString", "coordinates": [[-84.3935154338269, 33.7795313482536], [-84.3934593801212, 33.7795455026144], [-84.3933079264459, 33.7795426584442], [-84.3927058684817, 33.7795375169585], [-84.3923768075146, 33.7795396809175], [-84.3921075671815, 33.7795386114108], [-84.3920720219446, 33.7795308698446], [-84.3919615879505, 33.7794842325287]]}, "properties": {"OBJECTID": 176, "FACILITYID": null, "SURFTYPE": "Concrete", "ADACOMPLY": "Yes", "CONDITION": null, "WIDTH": 6, "INSTALLDATE": null, "OWNEDBY": null, "MAINTBY": null, "LASTUPDATE": null, "LASTEDITOR": null, "Shape__Length": 477.3329521650214, "GlobalID": "65d7f7f1-d92c-466e-8dd0-5877de52c758", "Status": null, "CreationDate": 1758294013017, "Creator": "dsimsGT", "EditDate": 1758294013017, "Editor": "dsimsGT"}}, {"type": "Feature", "id": 177, "geometry": {"type": "LineString", "coordinates": [[-84.3920346643606, 33.7795150933569], [-84.3921034967066, 33.7794121541413]]}, "properties": {"OBJECTID": 177, "FACILITYID": null, "SURFTYPE": "Concrete", "ADACOMPLY": "No", "CONDITION": null, "WIDTH": 8, "INSTALLDATE": null, "OWNEDBY": null, "MAINTBY": null, "LASTUPDATE": null, "LASTEDITOR": null, "Shape__Length": 42.900115433994024, "GlobalID": "5aa3a697-0a91-41dc-a0d0-76a153fd1336", "Status": null, "CreationDate": 1758294013017, "Creator": "dsimsGT", "EditDate": 1758294013017, "Editor": "dsimsGT"}}, {"type": "Feature", "id": 178, "geometry": {"type": "LineString", "coordinates": [[-84.3921034967066, 33.7794121541413], [-84.3920529569916, 33.7793903877252], [-84.3920248585108, 33.7793701419688], [-84.3920172166449, 33.7793077039488]]}, "properties": {"OBJECTID": 178, "FACILITYID": null, "SURFTYPE": "Concrete", "ADACOMPLY": "No", "CONDITION": null, "WIDTH": 8, "INSTALLDATE": null, "OWNEDBY": null, "MAINTBY": null, "LASTUPDATE": null, "LASTEDITOR": null, "Shape__Length": 51.393064098278444, "GlobalID": "d030d560-a1e7-438d-b33c-d4c64f60ca3b", "Status": null, "CreationDate": 1758294013017, "Creator": "dsimsGT", "EditDate": 1758294013017, "Editor": "dsimsGT"}}, {"type": "Feature", "id": 179, "geometry": {"type": "LineString", "coordinates": [[-84.3921034967066, 33.7794121541413], [-84.3921632569801, 33.7793855021461], [-84.3922099664517, 33.7793729271119], [-84.3922660611833, 33.779374385335], [-84.3922712856985, 33.7792276140031]]}, "properties": {"OBJECTID": 179, "FACILITYID": null, "SURFTYPE": "Concrete", "ADACOMPLY": "No", "CONDITION": null, "WIDTH": 8, "INSTALLDATE": null, "OWNEDBY": null, "MAINTBY": null, "LASTUPDATE": null, "LASTEDITOR": null, "Shape__Length": 105.97984860642376, "GlobalID": "0af6efc2-1532-4a53-923c-465247e7bca5", "Status": null, "CreationDate": 1758294013017, "Creator": "dsimsGT", "EditDate": 1758294013017, "Editor": "dsimsGT"}}, {"type": "Feature", "id": 180, "geometry": {"type": "LineString", "coordinates": [[-84.3923768075146, 33.7795396809175], [-84.3923767460866, 33.7795162615402], [-84.3924185045749, 33.7795163095837], [-84.3926505129624, 33.779501816474], [-84.392650484411, 33.7794909444155], [-84.3925371053222, 33.7794770826215], [-84.3925340101868, 33.7794649376342], [-84.3925967702552, 33.7794507533824], [-84.3926993764374, 33.779444810248], [-84.3927774436675, 33.7794267613403]]}, "properties": {"OBJECTID": 180, "FACILITYID": null, "SURFTYPE": "Concrete", "ADACOMPLY": "Yes", "CONDITION": null, "WIDTH": 6, "INSTALLDATE": null, "OWNEDBY": null, "MAINTBY": null, "LASTUPDATE": null, "LASTEDITOR": null, "Shape__Length": 210.8158270759863, "GlobalID": "765050fc-cabd-40ec-86c9-08272ccb6eeb", "Status": null, "CreationDate": 1758294013017, "Creator": "dsimsGT", "EditDate": 1758294013017, "Editor": "dsimsGT"}}, {"type": "Feature", "id": 181, "geometry": {"type": "LineString", "coordinates": [[-84.3927058684817, 33.7795375169585], [-84.3927047961735, 33.7794671829118], [-84.3926993764374, 33.779444810248]]}, "properties": {"OBJECTID": 181, "FACILITYID": null, "SURFTYPE": "Concrete", "ADACOMPLY": "No", "CONDITION": null, "WIDTH": 8, "INSTALLDATE": null, "OWNEDBY": null, "MAINTBY": null, "LASTUPDATE": null, "LASTEDITOR": null, "Shape__Length": 33.90018877324508, "GlobalID": "b63df85e-7fda-442e-b744-45588abab2ac", "Status": null, "CreationDate": 1758294013017, "Creator": "dsimsGT", "EditDate": 1758294013017, "Editor": "dsimsGT"}}, {"type": "Feature", "id": 182, "geometry": {"type": "LineString", "coordinates": [[-84.3927774436675, 33.7794267613403], [-84.3928210872552, 33.7794234832088], [-84.3928593648574, 33.7794182970853], [-84.3929749188463, 33.7793854706993], [-84.3930085892484, 33.7793758162799], [-84.3930499513246, 33.7793782983938], [-84.3931411345302, 33.7793973164223], [-84.3931902299348, 33.7794285622997], [-84.3932400420844, 33.7794412607768], [-84.3932982295921, 33.7794353986899], [-84.3933257728889, 33.7794251152639]]}, "properties": {"OBJECTID": 182, "FACILITYID": null, "SURFTYPE": "Concrete", "ADACOMPLY": "Yes", "CONDITION": null, "WIDTH": 12, "INSTALLDATE": null, "OWNEDBY": null, "MAINTBY": null, "LASTUPDATE": null, "LASTEDITOR": null, "Shape__Length": 175.71715089354066, "GlobalID": "ebb92be6-b84c-435c-8313-8c7134a59b33", "Status": null, "CreationDate": 1758294013017, "Creator": "dsimsGT", "EditDate": 1758294013017, "Editor": "dsimsGT"}}, {"type": "Feature", "id": 183, "geometry": {"type": "LineString", "coordinates": [[-84.3934593801212, 33.7795455026144], [-84.3934409022031, 33.7795221098694], [-84.3933878683498, 33.7794493025013], [-84.3933717377442, 33.7794307869728], [-84.3933464618264, 33.779429553961], [-84.3933257728889, 33.7794251152639]]}, "properties": {"OBJECTID": 183, "FACILITYID": null, "SURFTYPE": "Concrete", "ADACOMPLY": "No", "CONDITION": null, "WIDTH": 8, "INSTALLDATE": null, "OWNEDBY": null, "MAINTBY": null, "LASTUPDATE": null, "LASTEDITOR": null, "Shape__Length": 63.720510805509676, "GlobalID": "48103aa1-1b1c-4d03-958a-6cc7c7e24729", "Status": null, "CreationDate": 1758294013017, "Creator": "dsimsGT", "EditDate": 1758294013017, "Editor": "dsimsGT"}}, {"type": "Feature", "id": 184, "geometry": {"type": "LineString", "coordinates": [[-84.3933717377442, 33.7794307869728], [-84.3933823978914, 33.7794077446258], [-84.3933808297465, 33.7793936790422]]}, "properties": {"OBJECTID": 184, "FACILITYID": null, "SURFTYPE": "Concrete", "ADACOMPLY": "No", "CONDITION": null, "WIDTH": 8, "INSTALLDATE": null, "OWNEDBY": null, "MAINTBY": null, "LASTUPDATE": null, "LASTEDITOR": null, "Shape__Length": 14.12852738835568, "GlobalID": "b7177050-1428-4310-ac63-4fc4e5232346", "Status": null, "CreationDate": 1758294013017, "Creator": "dsimsGT", "EditDate": 1758294013017, "Editor": "dsimsGT"}}, {"type": "Feature", "id": 185, "geometry": {"type": "LineString", "coordinates": [[-84.3933808297465, 33.7793936790422], [-84.393406050652, 33.7793744473696], [-84.3934167253435, 33.779356520962], [-84.3934163579916, 33.7792171092198], [-84.3934146516645, 33.7791506029499], [-84.3934007671729, 33.7791128979609], [-84.393397607901, 33.7790764518069], [-84.3934020084289, 33.7790028996316], [-84.3934078972927, 33.7789127182703], [-84.3934116091786, 33.7788679462652], [-84.3934138428296, 33.7788436399528], [-84.3933999853474, 33.7788161668516], [-84.3933861362976, 33.7787918909887], [-84.3933753369951, 33.7787624935519], [-84.3933767899599, 33.778732434335], [-84.3933912444656, 33.7786959549172], [-84.3933988171118, 33.7786633264715], [-84.393396446981, 33.7786358322629], [-84.393387188264, 33.7786096292516], [-84.3933672145138, 33.7785860039086], [-84.3933349980421, 33.7785662384781], [-84.3933066120108, 33.7785471052753], [-84.3932843389373, 33.7785228448706], [-84.3932727724885, 33.7784928095612], [-84.3932688612349, 33.7784614807508], [-84.3932557895961, 33.7784416792418], [-84.3932281921234, 33.7784308587], [-84.3931960161428, 33.7784264410683]]}, "properties": {"OBJECTID": 185, "FACILITYID": null, "SURFTYPE": "Concrete", "ADACOMPLY": "Yes", "CONDITION": null, "WIDTH": 6, "INSTALLDATE": null, "OWNEDBY": null, "MAINTBY": null, "LASTUPDATE": null, "LASTEDITOR": null, "Shape__Length": 389.1383693738466, "GlobalID": "035394c3-8e8d-4a29-b5dc-95916a470c55", "Status": null, "CreationDate": 1758294013017, "Creator": "dsimsGT", "EditDate": 1758294013017, "Editor": "dsimsGT"}}, {"type": "Feature", "id": 186, "geometry": {"type": "LineString", "coordinates": [[-84.3934007671729, 33.7791128979609], [-84.3933652245405, 33.779120877052], [-84.3933077597598, 33.7791099905718], [-84.393299462066, 33.7791399830112]]}, "properties": {"OBJECTID": 186, "FACILITYID": null, "SURFTYPE": "Concrete", "ADACOMPLY": "Yes", "CONDITION": null, "WIDTH": 6, "INSTALLDATE": null, "OWNEDBY": null, "MAINTBY": null, "LASTUPDATE": null, "LASTEDITOR": null, "Shape__Length": 40.28850916593221, "GlobalID": "fefaf9e0-5dd7-43cb-80e1-b176ce4e388b", "Status": null, "CreationDate": 1758294013017, "Creator": "dsimsGT", "EditDate": 1758294013017, "Editor": "dsimsGT"}}, {"type": "Feature", "id": 187, "geometry": {"type": "LineString", "coordinates": [[-84.3934116091786, 33.7788679462652], [-84.3933645506579, 33.7788650744032], [-84.3933408509348, 33.7789530505812], [-84.393324264568, 33.7790160325377], [-84.3933053186007, 33.7790920089151], [-84.3933077597598, 33.7791099905718]]}, "properties": {"OBJECTID": 187, "FACILITYID": null, "SURFTYPE": "Concrete", "ADACOMPLY": "Yes", "CONDITION": null, "WIDTH": 6, "INSTALLDATE": null, "OWNEDBY": null, "MAINTBY": null, "LASTUPDATE": null, "LASTEDITOR": null, "Shape__Length": 105.43727886752035, "GlobalID": "cd014555-45bf-461f-92c2-cfdf5d1c8d37", "Status": null, "CreationDate": 1758294013017, "Creator": "dsimsGT", "EditDate": 1758294013017, "Editor": "dsimsGT"}}, {"type": "Feature", "id": 188, "geometry": {"type": "LineString", "coordinates": [[-84.3930085892484, 33.7793758162799], [-84.3930448731173, 33.7792493670694], [-84.3930927502475, 33.7792542752827]]}, "properties": {"OBJECTID": 188, "FACILITYID": null, "SURFTYPE": "Concrete", "ADACOMPLY": "Yes", "CONDITION": null, "WIDTH": 12, "INSTALLDATE": null, "OWNEDBY": null, "MAINTBY": null, "LASTUPDATE": null, "LASTEDITOR": null, "Shape__Length": 61.970325974330876, "GlobalID": "02e12448-d62f-4905-bd30-bad3bac9d2a8", "Status": null, "CreationDate": 1758294013017, "Creator": "dsimsGT", "EditDate": 1758294013017, "Editor": "dsimsGT"}}, {"type": "Feature", "id": 189, "geometry": {"type": "LineString", "coordinates": [[-84.3930448731173, 33.7792493670694], [-84.3928353477801, 33.77920378597], [-84.3928090094189, 33.7791988381885], [-84.3928131158022, 33.7793956791708], [-84.3928210872552, 33.7794234832088]]}, "properties": {"OBJECTID": 189, "FACILITYID": null, "SURFTYPE": "Concrete", "ADACOMPLY": "Yes", "CONDITION": null, "WIDTH": 6, "INSTALLDATE": null, "OWNEDBY": null, "MAINTBY": null, "LASTUPDATE": null, "LASTEDITOR": null, "Shape__Length": 156.03105889007395, "GlobalID": "781811ce-8c13-4bbd-a20b-94bd71716dd8", "Status": null, "CreationDate": 1758294013017, "Creator": "dsimsGT", "EditDate": 1758294013017, "Editor": "dsimsGT"}}, {"type": "Feature", "id": 190, "geometry": {"type": "LineString", "coordinates": [[-84.391930467903, 33.7791095152712], [-84.3919314837723, 33.7790405659428], [-84.3919311201904, 33.7789016735278], [-84.3919330603764, 33.7787288026804], [-84.391936404626, 33.7786348688454], [-84.391938530516, 33.7785329431916], [-84.3919420003086, 33.7784869715702]]}, "properties": {"OBJECTID": 190, "FACILITYID": null, "SURFTYPE": "Concrete", "ADACOMPLY": "No", "CONDITION": null, "WIDTH": 8, "INSTALLDATE": null, "OWNEDBY": null, "MAINTBY": null, "LASTUPDATE": null, "LASTEDITOR": null, "Shape__Length": 226.5838383010336, "GlobalID": "78094555-4e8f-4006-96a5-5e63cad68706", "Status": null, "CreationDate": 1758294013017, "Creator": "dsimsGT", "EditDate": 1758294013017, "Editor": "dsimsGT"}}, {"type": "Feature", "id": 191, "geometry": {"type": "LineString", "coordinates": [[-84.3919338489038, 33.7787066494698], [-84.3919773297926, 33.7787267229016], [-84.3920277065631, 33.7787725962008]]}, "properties": {"OBJECTID": 191, "FACILITYID": null, "SURFTYPE": "Concrete", "ADACOMPLY": "No", "CONDITION": null, "WIDTH": 8, "INSTALLDATE": null, "OWNEDBY": null, "MAINTBY": null, "LASTUPDATE": null, "LASTEDITOR": null, "Shape__Length": 37.7444142763274, "GlobalID": "0d66fe33-66de-4b19-bca9-fbbbdd227cc8", "Status": null, "CreationDate": 1758294013017, "Creator": "dsimsGT", "EditDate": 1758294013017, "Editor": "dsimsGT"}}, {"type": "Feature", "id": 192, "geometry": {"type": "LineString", "coordinates": [[-84.3919314837723, 33.7790405659428], [-84.3919625614419, 33.7790275191188], [-84.3919840661147, 33.7790144897659], [-84.3920246607223, 33.7789804423196]]}, "properties": {"OBJECTID": 192, "FACILITYID": null, "SURFTYPE": "Concrete", "ADACOMPLY": "No", "CONDITION": null, "WIDTH": 8, "INSTALLDATE": null, "OWNEDBY": null, "MAINTBY": null, "LASTUPDATE": null, "LASTEDITOR": null, "Shape__Length": 36.124526119419706, "GlobalID": "0ccd7c2f-5e20-4912-99c6-1658b321adf5", "Status": null, "CreationDate": 1758294013017, "Creator": "dsimsGT", "EditDate": 1758294013017, "Editor": "dsimsGT"}}, {"type": "Feature", "id": 193, "geometry": {"type": "LineString", "coordinates": [[-84.391930467903, 33.7791095152712], [-84.3919293907895, 33.7791554816186], [-84.3919284429237, 33.7792504101009]]}, "properties": {"OBJECTID": 193, "FACILITYID": null, "SURFTYPE": "Concrete", "ADACOMPLY": "Yes", "CONDITION": null, "WIDTH": 6, "INSTALLDATE": null, "OWNEDBY": null, "MAINTBY": null, "LASTUPDATE": null, "LASTEDITOR": null, "Shape__Length": 51.27184354748498, "GlobalID": "df209994-4a0c-4527-8669-637be9ac22d1", "Status": null, "CreationDate": 1758294013017, "Creator": "dsimsGT", "EditDate": 1758294013017, "Editor": "dsimsGT"}}, {"type": "Feature", "id": 194, "geometry": {"type": "LineString", "coordinates": [[-84.3919299977667, 33.7791295562318], [-84.3918826353726, 33.7791215927346], [-84.3917533994262, 33.779120829494], [-84.3915284419472, 33.7791222386323]]}, "properties": {"OBJECTID": 194, "FACILITYID": null, "SURFTYPE": "Concrete", "ADACOMPLY": "Yes", "CONDITION": null, "WIDTH": 6, "INSTALLDATE": null, "OWNEDBY": null, "MAINTBY": null, "LASTUPDATE": null, "LASTEDITOR": null, "Shape__Length": 122.30547417600941, "GlobalID": "0b8867e0-eb6c-42c3-930f-d0544056ba6a", "Status": null, "CreationDate": 1758294013017, "Creator": "dsimsGT", "EditDate": 1758294013017, "Editor": "dsimsGT"}}, {"type": "Feature", "id": 195, "geometry": {"type": "LineString", "coordinates": [[-84.3917664214255, 33.7790668473192], [-84.3917688875702, 33.7791209211629]]}, "properties": {"OBJECTID": 195, "FACILITYID": null, "SURFTYPE": "Concrete", "ADACOMPLY": "Yes", "CONDITION": null, "WIDTH": 6, "INSTALLDATE": null, "OWNEDBY": null, "MAINTBY": null, "LASTUPDATE": null, "LASTEDITOR": null, "Shape__Length": 19.69012819201788, "GlobalID": "c28da885-2d7a-4196-82f7-38b0d940a93d", "Status": null, "CreationDate": 1758294013017, "Creator": "dsimsGT", "EditDate": 1758294013017, "Editor": "dsimsGT"}}, {"type": "Feature", "id": 196, "geometry": {"type": "LineString", "coordinates": [[-84.3917906630155, 33.7787280635016], [-84.3918504934485, 33.7787279543413], [-84.3919330603764, 33.7787288026804]]}, "properties": {"OBJECTID": 196, "FACILITYID": null, "SURFTYPE": "Concrete", "ADACOMPLY": "No", "CONDITION": null, "WIDTH": 8, "INSTALLDATE": null, "OWNEDBY": null, "MAINTBY": null, "LASTUPDATE": null, "LASTEDITOR": null, "Shape__Length": 43.26993543841419, "GlobalID": "db1d99e1-0de4-48df-b2f2-d0ed88d328ee", "Status": null, "CreationDate": 1758294013017, "Creator": "dsimsGT", "EditDate": 1758294013017, "Editor": "dsimsGT"}}, {"type": "Feature", "id": 197, "geometry": {"type": "LineString", "coordinates": [[-84.3918473492518, 33.7784411799305], [-84.391877261754, 33.7784401263156], [-84.3919215325609, 33.778439046486], [-84.3919406784078, 33.7784390115375]]}, "properties": {"OBJECTID": 197, "FACILITYID": null, "SURFTYPE": "Concrete", "ADACOMPLY": "No", "CONDITION": null, "WIDTH": 8, "INSTALLDATE": null, "OWNEDBY": null, "MAINTBY": null, "LASTUPDATE": null, "LASTEDITOR": null, "Shape__Length": 28.372355875143995, "GlobalID": "a6a461ba-125f-4733-85d5-cb7e6977e359", "Status": null, "CreationDate": 1758294013017, "Creator": "dsimsGT", "EditDate": 1758294013017, "Editor": "dsimsGT"}}, {"type": "Feature", "id": 198, "geometry": {"type": "LineString", "coordinates": [[-84.3919420003086, 33.7784869715702], [-84.3919406784078, 33.7784390115375], [-84.3919391812523, 33.7783241024018], [-84.3919413280598, 33.7782301707465], [-84.3920119106081, 33.7782240458984], [-84.3921315749287, 33.7782258262908]]}, "properties": {"OBJECTID": 198, "FACILITYID": null, "SURFTYPE": "Concrete", "ADACOMPLY": "Yes", "CONDITION": null, "WIDTH": 12, "INSTALLDATE": null, "OWNEDBY": null, "MAINTBY": null, "LASTUPDATE": null, "LASTEDITOR": null, "Shape__Length": 151.3843412173685, "GlobalID": "150c592d-d428-4f00-b5af-f8c30d54f2bb", "Status": null, "CreationDate": 1758294013017, "Creator": "dsimsGT", "EditDate": 1758294013017, "Editor": "dsimsGT"}}, {"type": "Feature", "id": 199, "geometry": {"type": "LineString", "coordinates": [[-84.3919415051561, 33.7784689944464], [-84.3919874319366, 33.778471900476], [-84.3920580670234, 33.7784857606092]]}, "properties": {"OBJECTID": 199, "FACILITYID": null, "SURFTYPE": "Concrete", "ADACOMPLY": "Yes", "CONDITION": null, "WIDTH": 12, "INSTALLDATE": null, "OWNEDBY": null, "MAINTBY": null, "LASTUPDATE": null, "LASTEDITOR": null, "Shape__Length": 36.042456935959436, "GlobalID": "b43c2bb1-f689-4fb4-a8bf-8a9b2cd9e462", "Status": null, "CreationDate": 1758294013017, "Creator": "dsimsGT", "EditDate": 1758294013017, "Editor": "dsimsGT"}}, {"type": "Feature", "id": 200, "geometry": {"type": "LineString", "coordinates": [[-84.3920454269403, 33.7782245446175], [-84.392046981093, 33.7783648739083], [-84.3920335162363, 33.7784809428405]]}, "properties": {"OBJECTID": 200, "FACILITYID": null, "SURFTYPE": "Concrete", "ADACOMPLY": "Yes", "CONDITION": null, "WIDTH": 12, "INSTALLDATE": null, "OWNEDBY": null, "MAINTBY": null, "LASTUPDATE": null, "LASTEDITOR": null, "Shape__Length": 93.49557464235971, "GlobalID": "7b08ef26-8d19-48c3-980d-e65dca95737e", "Status": null, "CreationDate": 1758294013017, "Creator": "dsimsGT", "EditDate": 1758294013017, "Editor": "dsimsGT"}}, {"type": "Feature", "id": 201, "geometry": {"type": "LineString", "coordinates": [[-84.392046981093, 33.7783648739083], [-84.3921355315554, 33.7783657111848]]}, "properties": {"OBJECTID": 201, "FACILITYID": null, "SURFTYPE": "Concrete", "ADACOMPLY": "No", "CONDITION": null, "WIDTH": 8, "INSTALLDATE": null, "OWNEDBY": null, "MAINTBY": null, "LASTUPDATE": null, "LASTEDITOR": null, "Shape__Length": 26.90824165234581, "GlobalID": "009aed78-aed8-4569-91d5-09772c6ee67a", "Status": null, "CreationDate": 1758294013017, "Creator": "dsimsGT", "EditDate": 1758294013017, "Editor": "dsimsGT"}}, {"type": "Feature", "id": 202, "geometry": {"type": "LineString", "coordinates": [[-84.3921315749287, 33.7782258262908], [-84.3922141335188, 33.7782236764672], [-84.3924127883687, 33.7782313072732], [-84.3924714157888, 33.7782292019537], [-84.3926186029416, 33.7782319296387]]}, "properties": {"OBJECTID": 202, "FACILITYID": null, "SURFTYPE": "Concrete", "ADACOMPLY": "Yes", "CONDITION": null, "WIDTH": 6, "INSTALLDATE": null, "OWNEDBY": null, "MAINTBY": null, "LASTUPDATE": null, "LASTEDITOR": null, "Shape__Length": 148.08972010690627, "GlobalID": "8c53ca1c-a2e9-4706-91c7-1d40bc477049", "Status": null, "CreationDate": 1758294013017, "Creator": "dsimsGT", "EditDate": 1758294013017, "Editor": "dsimsGT"}}, {"type": "Feature", "id": 203, "geometry": {"type": "LineString", "coordinates": [[-84.3927633984997, 33.7782346624315], [-84.3929393096261, 33.778239336066], [-84.3934646388142, 33.7782493637641], [-84.393538213201, 33.7782432325449]]}, "properties": {"OBJECTID": 203, "FACILITYID": null, "SURFTYPE": "Concrete", "ADACOMPLY": "Yes", "CONDITION": null, "WIDTH": 6, "INSTALLDATE": null, "OWNEDBY": null, "MAINTBY": null, "LASTUPDATE": null, "LASTEDITOR": null, "Shape__Length": 235.61159424847563, "GlobalID": "0774a571-9178-4f4e-ad84-3cf2546f0bcc", "Status": null, "CreationDate": 1758294013017, "Creator": "dsimsGT", "EditDate": 1758294013017, "Editor": "dsimsGT"}}, {"type": "Feature", "id": 204, "geometry": {"type": "LineString", "coordinates": [[-84.393543229016, 33.7781033312033], [-84.3932129667732, 33.7781019389668], [-84.393082523949, 33.7780961832793], [-84.3928455867819, 33.7780916217109], [-84.3927893427242, 33.77808972582], [-84.3927534396997, 33.7780877935413], [-84.3925236880158, 33.77808521625], [-84.3921563134019, 33.7780768949916]]}, "properties": {"OBJECTID": 204, "FACILITYID": null, "SURFTYPE": "Concrete", "ADACOMPLY": "Yes", "CONDITION": null, "WIDTH": 6, "INSTALLDATE": null, "OWNEDBY": null, "MAINTBY": null, "LASTUPDATE": null, "LASTEDITOR": null, "Shape__Length": 421.5824610925265, "GlobalID": "4690b128-51f9-46de-bbf0-68326171852b", "Status": null, "CreationDate": 1758294013017, "Creator": "dsimsGT", "EditDate": 1758294013017, "Editor": "dsimsGT"}}, {"type": "Feature", "id": 205, "geometry": {"type": "LineString", "coordinates": [[-84.3920079474197, 33.7780811630176], [-84.3916716987885, 33.7780787785571]]}, "properties": {"OBJECTID": 205, "FACILITYID": null, "SURFTYPE": "Concrete", "ADACOMPLY": "No", "CONDITION": null, "WIDTH": 6, "INSTALLDATE": null, "OWNEDBY": null, "MAINTBY": null, "LASTUPDATE": null, "LASTEDITOR": null, "Shape__Length": 102.17491057627228, "GlobalID": "f60feb2a-ebd9-4497-aa94-011ff825d065", "Status": null, "CreationDate": 1758294013017, "Creator": "dsimsGT", "EditDate": 1758294013017, "Editor": "dsimsGT"}}, {"type": "Feature", "id": 206, "geometry": {"type": "LineString", "coordinates": [[-84.3920079474197, 33.7780811630176], [-84.392014608462, 33.7778833032711], [-84.3920192012627, 33.7778093513456], [-84.3920167447102, 33.7777853737043], [-84.3920205682254, 33.7774176497788]]}, "properties": {"OBJECTID": 206, "FACILITYID": null, "SURFTYPE": "Concrete", "ADACOMPLY": "Yes", "CONDITION": null, "WIDTH": 6, "INSTALLDATE": null, "OWNEDBY": null, "MAINTBY": null, "LASTUPDATE": null, "LASTEDITOR": null, "Shape__Length": 241.53421773932632, "GlobalID": "be628fbb-73f5-4667-ab2b-519fadbd55bc", "Status": null, "CreationDate": 1758294013017, "Creator": "dsimsGT", "EditDate": 1758294013017, "Editor": "dsimsGT"}}, {"type": "Feature", "id": 207, "geometry": {"type": "LineString", "coordinates": [[-84.3920168484027, 33.7773676942543], [-84.3920175685231, 33.7771858325178], [-84.392025383945, 33.7769719825474], [-84.3920217583383, 33.7769580000429]]}, "properties": {"OBJECTID": 207, "FACILITYID": null, "SURFTYPE": "Concrete", "ADACOMPLY": "Yes", "CONDITION": null, "WIDTH": 6, "INSTALLDATE": null, "OWNEDBY": null, "MAINTBY": null, "LASTUPDATE": null, "LASTEDITOR": null, "Shape__Length": 149.22999880412038, "GlobalID": "95f4aaee-b250-41a2-bda8-9261aea7789a", "Status": null, "CreationDate": 1758294013017, "Creator": "dsimsGT", "EditDate": 1758294013017, "Editor": "dsimsGT"}}, {"type": "Feature", "id": 208, "geometry": {"type": "LineString", "coordinates": [[-84.3920217583383, 33.7769580000429], [-84.3917692610455, 33.7769504668212], [-84.3916963208396, 33.7769695859237], [-84.3914797312868, 33.7769659836504], [-84.3913852126089, 33.7769701528195]]}, "properties": {"OBJECTID": 208, "FACILITYID": null, "SURFTYPE": "Concrete", "ADACOMPLY": "Yes", "CONDITION": null, "WIDTH": 6, "INSTALLDATE": null, "OWNEDBY": null, "MAINTBY": null, "LASTUPDATE": null, "LASTEDITOR": null, "Shape__Length": 194.5891000468421, "GlobalID": "da17ab4d-eb0c-4a96-abf0-f86c9752f706", "Status": null, "CreationDate": 1758294013017, "Creator": "dsimsGT", "EditDate": 1758294013017, "Editor": "dsimsGT"}}, {"type": "Feature", "id": 209, "geometry": {"type": "LineString", "coordinates": [[-84.3913852126089, 33.7769701528195], [-84.390999567795, 33.7769623590839], [-84.390695442755, 33.7769590164113], [-84.3905200623282, 33.776959734092], [-84.3904638190577, 33.7769578380394]]}, "properties": {"OBJECTID": 209, "FACILITYID": null, "SURFTYPE": "Concrete", "ADACOMPLY": "Yes", "CONDITION": null, "WIDTH": 12, "INSTALLDATE": null, "OWNEDBY": null, "MAINTBY": null, "LASTUPDATE": null, "LASTEDITOR": null, "Shape__Length": 280.0316278314784, "GlobalID": "fec299d9-bd9d-43aa-b470-c3ccfd87aaa1", "Status": null, "CreationDate": 1758294013017, "Creator": "dsimsGT", "EditDate": 1758294013017, "Editor": "dsimsGT"}}, {"type": "Feature", "id": 210, "geometry": {"type": "LineString", "coordinates": [[-84.3904166824416, 33.7767770620993], [-84.390477718241, 33.7767809484442], [-84.3907385876735, 33.7767874691775], [-84.3909862761232, 33.7767870192068], [-84.3912507356565, 33.7767935332333], [-84.3913333163752, 33.7768003770351]]}, "properties": {"OBJECTID": 210, "FACILITYID": null, "SURFTYPE": "Concrete", "ADACOMPLY": "Yes", "CONDITION": null, "WIDTH": 12, "INSTALLDATE": null, "OWNEDBY": null, "MAINTBY": null, "LASTUPDATE": null, "LASTEDITOR": null, "Shape__Length": 278.7767896201273, "GlobalID": "26d296ee-d52f-4f44-ba24-3728f255a755", "Status": null, "CreationDate": 1758294013017, "Creator": "dsimsGT", "EditDate": 1758294013017, "Editor": "dsimsGT"}}, {"type": "Feature", "id": 211, "geometry": {"type": "LineString", "coordinates": [[-84.3913333163752, 33.7768003770351], [-84.3914123081404, 33.7768072282193], [-84.3916288920662, 33.7768088316604], [-84.3916516291335, 33.7768097901428], [-84.3916946766531, 33.7767987196209], [-84.3918645942587, 33.7768004086337], [-84.3919029427571, 33.7768223218186], [-84.3920189930633, 33.7768161139756]]}, "properties": {"OBJECTID": 211, "FACILITYID": null, "SURFTYPE": "Concrete", "ADACOMPLY": "Yes", "CONDITION": null, "WIDTH": 6, "INSTALLDATE": null, "OWNEDBY": null, "MAINTBY": null, "LASTUPDATE": null, "LASTEDITOR": null, "Shape__Length": 211.63973968436648, "GlobalID": "225e0f97-c80a-4b1a-ae04-343ffa0e87c5", "Status": null, "CreationDate": 1758294013017, "Creator": "dsimsGT", "EditDate": 1758294013017, "Editor": "dsimsGT"}}, {"type": "Feature", "id": 212, "geometry": {"type": "LineString", "coordinates": [[-84.3920189930633, 33.7768161139756], [-84.3920067634237, 33.7767152144357], [-84.3919835790293, 33.7765433884303], [-84.391974980279, 33.77645846944], [-84.3919591005504, 33.7763345934505]]}, "properties": {"OBJECTID": 212, "FACILITYID": null, "SURFTYPE": "Concrete", "ADACOMPLY": "Yes", "CONDITION": null, "WIDTH": 6, "INSTALLDATE": null, "OWNEDBY": null, "MAINTBY": null, "LASTUPDATE": null, "LASTEDITOR": null, "Shape__Length": 176.16197410136837, "GlobalID": "f1d9c8b5-9f7e-4ba1-b624-9ad97614189e", "Status": null, "CreationDate": 1758294013017, "Creator": "dsimsGT", "EditDate": 1758294013017, "Editor": "dsimsGT"}}, {"type": "Feature", "id": 213, "geometry": {"type": "LineString", "coordinates": [[-84.3919541755732, 33.7762816430248], [-84.3919383754541, 33.7761877440996], [-84.3919273098482, 33.7760748504478], [-84.3919224016794, 33.7760278959721], [-84.3919138475004, 33.775959963107], [-84.3919089330346, 33.7759110096793]]}, "properties": {"OBJECTID": 213, "FACILITYID": null, "SURFTYPE": "Concrete", "ADACOMPLY": "Yes", "CONDITION": null, "WIDTH": 6, "INSTALLDATE": null, "OWNEDBY": null, "MAINTBY": null, "LASTUPDATE": null, "LASTEDITOR": null, "Shape__Length": 135.5991906166775, "GlobalID": "4919a0a2-651b-43c8-b75e-097191884026", "Status": null, "CreationDate": 1758294013017, "Creator": "dsimsGT", "EditDate": 1758294013017, "Editor": "dsimsGT"}}, {"type": "Feature", "id": 214, "geometry": {"type": "LineString", "coordinates": [[-84.3919052305763, 33.7758680500236], [-84.39189541844, 33.7757761382179]]}, "properties": {"OBJECTID": 214, "FACILITYID": null, "SURFTYPE": "Concrete", "ADACOMPLY": "Yes", "CONDITION": null, "WIDTH": 6, "INSTALLDATE": null, "OWNEDBY": null, "MAINTBY": null, "LASTUPDATE": null, "LASTEDITOR": null, "Shape__Length": 33.5765972840445, "GlobalID": "602bd317-e32a-408d-890f-1b4db476809f", "Status": null, "CreationDate": 1758294013017, "Creator": "dsimsGT", "EditDate": 1758294013017, "Editor": "dsimsGT"}}, {"type": "Feature", "id": 215, "geometry": {"type": "LineString", "coordinates": [[-84.3918905589096, 33.7757481688307], [-84.3918806071399, 33.7756032978544], [-84.3918816570167, 33.7755473385233], [-84.3918802802936, 33.7754783944233]]}, "properties": {"OBJECTID": 215, "FACILITYID": null, "SURFTYPE": "Concrete", "ADACOMPLY": "Yes", "CONDITION": null, "WIDTH": 6, "INSTALLDATE": null, "OWNEDBY": null, "MAINTBY": null, "LASTUPDATE": null, "LASTEDITOR": null, "Shape__Length": 98.2554843884038, "GlobalID": "1b979e72-ce3b-4989-b747-50c222e198ef", "Status": null, "CreationDate": 1758294013017, "Creator": "dsimsGT", "EditDate": 1758294013017, "Editor": "dsimsGT"}}, {"type": "Feature", "id": 216, "geometry": {"type": "LineString", "coordinates": [[-84.3918860798563, 33.7754084372945], [-84.3918856667169, 33.7752505597057], [-84.3918876420273, 33.7750906787917], [-84.3918874093096, 33.775001747484], [-84.3918894410601, 33.7748638496368], [-84.3918902738948, 33.7747249540425], [-84.3918935840683, 33.77461803011], [-84.3918982003514, 33.7745530720859], [-84.3918957073233, 33.7745151053651], [-84.3918907981837, 33.7744681499762], [-84.3918994377899, 33.774311754388], [-84.3918978353926, 33.7739931820023], [-84.3919107704765, 33.7739611831075]]}, "properties": {"OBJECTID": 216, "FACILITYID": null, "SURFTYPE": "Concrete", "ADACOMPLY": "Yes", "CONDITION": null, "WIDTH": 6, "INSTALLDATE": null, "OWNEDBY": null, "MAINTBY": null, "LASTUPDATE": null, "LASTEDITOR": null, "Shape__Length": 527.4675798632054, "GlobalID": "7c6060cd-da94-4510-9775-ca50db78b6a4", "Status": null, "CreationDate": 1758294013017, "Creator": "dsimsGT", "EditDate": 1758294013017, "Editor": "dsimsGT"}}, {"type": "Feature", "id": 217, "geometry": {"type": "LineString", "coordinates": [[-84.3918856667169, 33.7752505597057], [-84.3918680304861, 33.7752454470636], [-84.3918552665172, 33.7752372842569], [-84.3918301270487, 33.7751820768976], [-84.3918168322265, 33.7751583624616], [-84.3917961600812, 33.7751252482361], [-84.3917907092218, 33.7751023372861], [-84.3917945600066, 33.7750753176718]]}, "properties": {"OBJECTID": 217, "FACILITYID": null, "SURFTYPE": "Concrete", "ADACOMPLY": "Yes", "CONDITION": null, "WIDTH": 6, "INSTALLDATE": null, "OWNEDBY": null, "MAINTBY": null, "LASTUPDATE": null, "LASTEDITOR": null, "Shape__Length": 73.56645829889757, "GlobalID": "d1f861dc-0df9-4955-82e3-72694b07dc28", "Status": null, "CreationDate": 1758294013017, "Creator": "dsimsGT", "EditDate": 1758294013017, "Editor": "dsimsGT"}}, {"type": "Feature", "id": 218, "geometry": {"type": "LineString", "coordinates": [[-84.3918894410601, 33.7748638496368], [-84.3918739002291, 33.7748664368853], [-84.3918573487546, 33.7749090331745], [-84.3918545886552, 33.7749782075377], [-84.3918424037861, 33.7750040152124], [-84.3918233628228, 33.7750318812427], [-84.3917945600066, 33.7750753176718]]}, "properties": {"OBJECTID": 218, "FACILITYID": null, "SURFTYPE": "Concrete", "ADACOMPLY": "No", "CONDITION": null, "WIDTH": 8, "INSTALLDATE": null, "OWNEDBY": null, "MAINTBY": null, "LASTUPDATE": null, "LASTEDITOR": null, "Shape__Length": 86.1300301260342, "GlobalID": "9c3a4194-eaec-4edd-a74f-7787109d4ac1", "Status": null, "CreationDate": 1758294013017, "Creator": "dsimsGT", "EditDate": 1758294013017, "Editor": "dsimsGT"}}, {"type": "Feature", "id": 219, "geometry": {"type": "LineString", "coordinates": [[-84.3917907092218, 33.7751023372861], [-84.3917730606181, 33.7751003236305]]}, "properties": {"OBJECTID": 219, "FACILITYID": null, "SURFTYPE": "Concrete", "ADACOMPLY": "Yes", "CONDITION": null, "WIDTH": 6, "INSTALLDATE": null, "OWNEDBY": null, "MAINTBY": null, "LASTUPDATE": null, "LASTEDITOR": null, "Shape__Length": 5.412645627548123, "GlobalID": "ced9302d-0268-4758-830f-ea7a2294f2ab", "Status": null, "CreationDate": 1758294013017, "Creator": "dsimsGT", "EditDate": 1758294013017, "Editor": "dsimsGT"}}, {"type": "Feature", "id": 220, "geometry": {"type": "LineString", "coordinates": [[-84.3914803790409, 33.7752543390328], [-84.3914822232339, 33.7752097237403], [-84.3914924774633, 33.7751949702646], [-84.3915081471815, 33.7751900304195], [-84.3916595893057, 33.7751897544185], [-84.3916904578195, 33.7751864242403], [-84.3917203202819, 33.7751732723914], [-84.3917442941466, 33.7751576760768], [-84.3917569895857, 33.7751396442288], [-84.3917677210949, 33.7751199785617], [-84.3917730606181, 33.7751003236305], [-84.3917739746077, 33.7750749458717], [-84.391768028229, 33.7750499908778], [-84.3917562136077, 33.775030366333], [-84.3917360766583, 33.7750140317646], [-84.3917174188165, 33.7750009683937], [-84.3916938709565, 33.7749924167862], [-84.3916512146815, 33.774985945859], [-84.3915664201467, 33.7749832349626], [-84.3915154479507, 33.7749829184907], [-84.3914894631263, 33.7749792825822], [-84.391477186207, 33.7749698917003], [-84.3914682721175, 33.7749347092493], [-84.3914677338316, 33.7749162921855]]}, "properties": {"OBJECTID": 220, "FACILITYID": null, "SURFTYPE": "Concrete", "ADACOMPLY": "Yes", "CONDITION": null, "WIDTH": 6, "INSTALLDATE": null, "OWNEDBY": null, "MAINTBY": null, "LASTUPDATE": null, "LASTEDITOR": null, "Shape__Length": 262.8413157845613, "GlobalID": "8c58dbe4-1067-4dcd-b918-e21822604420", "Status": null, "CreationDate": 1758294013017, "Creator": "dsimsGT", "EditDate": 1758294013017, "Editor": "dsimsGT"}}, {"type": "Feature", "id": 221, "geometry": {"type": "LineString", "coordinates": [[-84.3916938709565, 33.7749924167862], [-84.3917041069308, 33.7749707052779], [-84.3917079480972, 33.774940411785], [-84.3917074033379, 33.7749195386342]]}, "properties": {"OBJECTID": 221, "FACILITYID": null, "SURFTYPE": "Concrete", "ADACOMPLY": "Yes", "CONDITION": null, "WIDTH": 6, "INSTALLDATE": null, "OWNEDBY": null, "MAINTBY": null, "LASTUPDATE": null, "LASTEDITOR": null, "Shape__Length": 27.1718476135808, "GlobalID": "52e88337-19f9-40aa-8c77-c4e5b8d750bc", "Status": null, "CreationDate": 1758294013017, "Creator": "dsimsGT", "EditDate": 1758294013017, "Editor": "dsimsGT"}}, {"type": "Feature", "id": 222, "geometry": {"type": "LineString", "coordinates": [[-84.3916904578195, 33.7751864242403], [-84.3917002903105, 33.7751982756575], [-84.3917101495678, 33.7752199496209], [-84.39171510381, 33.7752404053799], [-84.3917131923225, 33.7752588260072]]}, "properties": {"OBJECTID": 222, "FACILITYID": null, "SURFTYPE": "Concrete", "ADACOMPLY": "Yes", "CONDITION": null, "WIDTH": 6, "INSTALLDATE": null, "OWNEDBY": null, "MAINTBY": null, "LASTUPDATE": null, "LASTEDITOR": null, "Shape__Length": 28.004424327327996, "GlobalID": "a03571d6-658d-4b0b-9427-07899d74a20b", "Status": null, "CreationDate": 1758294013017, "Creator": "dsimsGT", "EditDate": 1758294013017, "Editor": "dsimsGT"}}, {"type": "Feature", "id": 223, "geometry": {"type": "LineString", "coordinates": [[-84.3935711672353, 33.7759919003419], [-84.3935657431109, 33.7764433321622]]}, "properties": {"OBJECTID": 223, "FACILITYID": null, "SURFTYPE": "Concrete", "ADACOMPLY": "Yes", "CONDITION": null, "WIDTH": 6, "INSTALLDATE": null, "OWNEDBY": null, "MAINTBY": null, "LASTUPDATE": null, "LASTEDITOR": null, "Shape__Length": 164.27082530760956, "GlobalID": "255b00c6-9858-4783-bb30-38229ea9203b", "Status": null, "CreationDate": 1758294013017, "Creator": "dsimsGT", "EditDate": 1758294013017, "Editor": "dsimsGT"}}, {"type": "Feature", "id": 224, "geometry": {"type": "LineString", "coordinates": [[-84.39356180502, 33.7765255078212], [-84.393559716892, 33.7766414234892], [-84.3935578379501, 33.7768362765671], [-84.3935566853319, 33.7768532658027]]}, "properties": {"OBJECTID": 224, "FACILITYID": null, "SURFTYPE": "Concrete", "ADACOMPLY": "Yes", "CONDITION": null, "WIDTH": 6, "INSTALLDATE": null, "OWNEDBY": null, "MAINTBY": null, "LASTUPDATE": null, "LASTEDITOR": null, "Shape__Length": 119.27833386408159, "GlobalID": "2911f882-23f8-4c29-b45e-f2848cf9da85", "Status": null, "CreationDate": 1758294013017, "Creator": "dsimsGT", "EditDate": 1758294013017, "Editor": "dsimsGT"}}, {"type": "Feature", "id": 225, "geometry": {"type": "LineString", "coordinates": [[-84.3935578379501, 33.7768362765671], [-84.3935195691253, 33.7768443409625], [-84.3932790453378, 33.7768397868105], [-84.3928841551522, 33.776831518228], [-84.3922631109413, 33.7768226629755], [-84.3921841295713, 33.7768198093388]]}, "properties": {"OBJECTID": 225, "FACILITYID": null, "SURFTYPE": "Concrete", "ADACOMPLY": "Yes", "CONDITION": null, "WIDTH": 6, "INSTALLDATE": null, "OWNEDBY": null, "MAINTBY": null, "LASTUPDATE": null, "LASTEDITOR": null, "Shape__Length": 417.88684808668415, "GlobalID": "853e85a0-015f-45d7-a89f-ffd65d1832f0", "Status": null, "CreationDate": 1758294013017, "Creator": "dsimsGT", "EditDate": 1758294013017, "Editor": "dsimsGT"}}, {"type": "Feature", "id": 226, "geometry": {"type": "LineString", "coordinates": [[-84.3922018256825, 33.7768204487303], [-84.3921935504397, 33.7767618366591], [-84.3921654824286, 33.7765530482886], [-84.3921539393494, 33.7764608006562]]}, "properties": {"OBJECTID": 226, "FACILITYID": null, "SURFTYPE": "Concrete", "ADACOMPLY": "Yes", "CONDITION": null, "WIDTH": 6, "INSTALLDATE": null, "OWNEDBY": null, "MAINTBY": null, "LASTUPDATE": null, "LASTEDITOR": null, "Shape__Length": 131.67290756103426, "GlobalID": "7fa0a8d7-1a79-4e14-818d-0e05bb1dcd07", "Status": null, "CreationDate": 1758294013017, "Creator": "dsimsGT", "EditDate": 1758294013017, "Editor": "dsimsGT"}}, {"type": "Feature", "id": 227, "geometry": {"type": "LineString", "coordinates": [[-84.3921484034726, 33.7764281754872], [-84.3921300497186, 33.7762733277945], [-84.3921080447317, 33.7760955045633], [-84.3920921816641, 33.7759776236362], [-84.3920836038044, 33.7759006986524]]}, "properties": {"OBJECTID": 227, "FACILITYID": null, "SURFTYPE": "Concrete", "ADACOMPLY": "Yes", "CONDITION": null, "WIDTH": 6, "INSTALLDATE": null, "OWNEDBY": null, "MAINTBY": null, "LASTUPDATE": null, "LASTEDITOR": null, "Shape__Length": 192.94404355477428, "GlobalID": "441ee890-d66c-42b1-a84d-042976fed9b6", "Status": null, "CreationDate": 1758294013017, "Creator": "dsimsGT", "EditDate": 1758294013017, "Editor": "dsimsGT"}}, {"type": "Feature", "id": 228, "geometry": {"type": "LineString", "coordinates": [[-84.3920737511393, 33.7757937987778], [-84.3920675853277, 33.7757238634982], [-84.3920599772346, 33.7755600030748], [-84.3920561177074, 33.7754570892697], [-84.3920552271185, 33.7753928355778], [-84.3920778499726, 33.7753589841176], [-84.3921365659623, 33.7753444468228], [-84.3921982294824, 33.7753509107988], [-84.3922437264265, 33.7753618196842], [-84.3922821031901, 33.7753947238422]]}, "properties": {"OBJECTID": 228, "FACILITYID": null, "SURFTYPE": "Concrete", "ADACOMPLY": "Yes", "CONDITION": null, "WIDTH": 6, "INSTALLDATE": null, "OWNEDBY": null, "MAINTBY": null, "LASTUPDATE": null, "LASTEDITOR": null, "Shape__Length": 228.72884950023808, "GlobalID": "a4655094-28fa-4388-a02c-074ff1335191", "Status": null, "CreationDate": 1758294013017, "Creator": "dsimsGT", "EditDate": 1758912804727, "Editor": "aramirez91_GTFacilities"}}, {"type": "Feature", "id": 229, "geometry": {"type": "LineString", "coordinates": [[-84.3922821031901, 33.7753947238422], [-84.392367259762, 33.7754715096934], [-84.392433224099, 33.7755303435433], [-84.3925219578247, 33.775602125787], [-84.3925818899187, 33.7756419854146], [-84.392693355422, 33.7757127268884], [-84.3927856207212, 33.775762519299], [-84.392930573922, 33.7758272041118], [-84.3930719200085, 33.7758849003562], [-84.3932347794404, 33.775933563869]]}, "properties": {"OBJECTID": 229, "FACILITYID": null, "SURFTYPE": "Concrete", "ADACOMPLY": "Yes", "CONDITION": null, "WIDTH": 6, "INSTALLDATE": null, "OWNEDBY": null, "MAINTBY": null, "LASTUPDATE": null, "LASTEDITOR": null, "Shape__Length": 354.45849511472375, "GlobalID": "a9de41dd-9f44-43a0-b059-b79412d021a6", "Status": null, "CreationDate": 1758294013017, "Creator": "dsimsGT", "EditDate": 1758294013017, "Editor": "dsimsGT"}}, {"type": "Feature", "id": 230, "geometry": {"type": "LineString", "coordinates": [[-84.3932347794404, 33.775933563869], [-84.3933700485117, 33.7759552986283], [-84.393478992327, 33.7759770816241], [-84.3935711672353, 33.7759919003419]]}, "properties": {"OBJECTID": 230, "FACILITYID": null, "SURFTYPE": "Concrete", "ADACOMPLY": "Yes", "CONDITION": null, "WIDTH": 6, "INSTALLDATE": null, "OWNEDBY": null, "MAINTBY": null, "LASTUPDATE": null, "LASTEDITOR": null, "Shape__Length": 104.4199404939197, "GlobalID": "73948b8a-3460-49c9-af87-d25ecedfddd1", "Status": null, "CreationDate": 1758294013017, "Creator": "dsimsGT", "EditDate": 1758294013017, "Editor": "dsimsGT"}}, {"type": "Feature", "id": 232, "geometry": {"type": "LineString", "coordinates": [[-84.3939334706884, 33.7754426552106], [-84.3940518308247, 33.7754054649574], [-84.3940589632821, 33.7753874656652], [-84.3940070838717, 33.7752256858874], [-84.3938948845324, 33.7748771597242], [-84.3938405894191, 33.7747063912331], [-84.3938128081968, 33.7746075185283], [-84.3937765664689, 33.7744766852], [-84.3937571894975, 33.7743887881501], [-84.3937124911469, 33.7742269950057], [-84.3936810781241, 33.7741121408507], [-84.3936449580256, 33.7740272725675], [-84.3935910064342, 33.7739864034176], [-84.3935490936333, 33.7739734903754]]}, "properties": {"OBJECTID": 232, "FACILITYID": null, "SURFTYPE": "Concrete", "ADACOMPLY": "Yes", "CONDITION": null, "WIDTH": 6, "INSTALLDATE": null, "OWNEDBY": null, "MAINTBY": null, "LASTUPDATE": null, "LASTEDITOR": null, "Shape__Length": 591.9860739560937, "GlobalID": "1c753b8f-675f-440f-ad8f-e02579f6831f", "Status": null, "CreationDate": 1758294013017, "Creator": "dsimsGT", "EditDate": 1758294013017, "Editor": "dsimsGT"}}, {"type": "Feature", "id": 233, "geometry": {"type": "LineString", "coordinates": [[-84.3935490936333, 33.7739734903754], [-84.3934856524103, 33.77396361488], [-84.3932140294662, 33.7739601167632], [-84.3930309588066, 33.7739594527511], [-84.3929603666944, 33.7739605821415], [-84.3929221332347, 33.7739816354874], [-84.3928899085198, 33.7740126708169]]}, "properties": {"OBJECTID": 233, "FACILITYID": null, "SURFTYPE": "Concrete", "ADACOMPLY": "Yes", "CONDITION": null, "WIDTH": 12, "INSTALLDATE": null, "OWNEDBY": null, "MAINTBY": null, "LASTUPDATE": null, "LASTEDITOR": null, "Shape__Length": 208.1065964096082, "GlobalID": "d190f3a8-23f6-45d5-9330-8e98e2de6387", "Status": null, "CreationDate": 1758294013017, "Creator": "dsimsGT", "EditDate": 1758294013017, "Editor": "dsimsGT"}}, {"type": "Feature", "id": 234, "geometry": {"type": "LineString", "coordinates": [[-84.3957075729974, 33.7732834697262], [-84.3957382255953, 33.7733096725512], [-84.3957434265254, 33.7733218938081], [-84.3957357385162, 33.7733463689972], [-84.3957091466667, 33.773389584944], [-84.3956893890255, 33.7734108455981], [-84.3956851769754, 33.773446465966], [-84.3957029931865, 33.7735050682389], [-84.3956742436188, 33.7735464893857], [-84.3956691344439, 33.7735691618904], [-84.3956843373389, 33.7736166173814], [-84.3956797307346, 33.7736662672842], [-84.3956527023511, 33.7737069666145], [-84.3956644015139, 33.7737328448616], [-84.3957631490512, 33.7737725912546], [-84.3957606026063, 33.7737869845444], [-84.3956667295314, 33.7737986701558], [-84.3956525615374, 33.7738159630802], [-84.3957444241683, 33.7738585994332], [-84.3957733922437, 33.7738988350783], [-84.3957774234075, 33.7739571031664], [-84.3957762248446, 33.7740016767541]]}, "properties": {"OBJECTID": 234, "FACILITYID": null, "SURFTYPE": "Concrete", "ADACOMPLY": "No", "CONDITION": null, "WIDTH": 8, "INSTALLDATE": null, "OWNEDBY": null, "MAINTBY": null, "LASTUPDATE": null, "LASTEDITOR": null, "Shape__Length": 340.11049633025, "GlobalID": "d47fbabf-361b-45aa-96ee-989250b80c55", "Status": null, "CreationDate": 1758294013017, "Creator": "dsimsGT", "EditDate": 1758294013017, "Editor": "dsimsGT"}}, {"type": "Feature", "id": 235, "geometry": {"type": "LineString", "coordinates": [[-84.396256411444, 33.7738628889338], [-84.3962692198004, 33.7740698244685], [-84.3963040780267, 33.774201494358], [-84.3963385841134, 33.7742014301409], [-84.3963596091826, 33.7740751447923], [-84.3963758264684, 33.7739950106004]]}, "properties": {"OBJECTID": 235, "FACILITYID": null, "SURFTYPE": "Concrete", "ADACOMPLY": "Yes", "CONDITION": null, "WIDTH": 6, "INSTALLDATE": null, "OWNEDBY": null, "MAINTBY": null, "LASTUPDATE": null, "LASTEDITOR": null, "Shape__Length": 210.91662836890228, "GlobalID": "093bada3-923c-4064-adee-e41292ee2101", "Status": null, "CreationDate": 1758294013017, "Creator": "dsimsGT", "EditDate": 1758294013017, "Editor": "dsimsGT"}}, {"type": "Feature", "id": 236, "geometry": {"type": "LineString", "coordinates": [[-84.3965662091215, 33.773998113192], [-84.3965628557106, 33.7741791199071], [-84.3965217763282, 33.7742746349787]]}, "properties": {"OBJECTID": 236, "FACILITYID": null, "SURFTYPE": "Concrete", "ADACOMPLY": "Yes", "CONDITION": null, "WIDTH": 6, "INSTALLDATE": null, "OWNEDBY": null, "MAINTBY": null, "LASTUPDATE": null, "LASTEDITOR": null, "Shape__Length": 102.79959259378677, "GlobalID": "98bf59d0-42f6-40ee-b805-201c2a8130d3", "Status": null, "CreationDate": 1758294013017, "Creator": "dsimsGT", "EditDate": 1758294013017, "Editor": "dsimsGT"}}, {"type": "Feature", "id": 238, "geometry": {"type": "LineString", "coordinates": [[-84.3993090322173, 33.7794360567242], [-84.3993236796533, 33.7794079255468], [-84.3993478016269, 33.7793832893363], [-84.3993635136668, 33.7793595471876], [-84.3993728647168, 33.77931737466], [-84.3993822228827, 33.7792778367426], [-84.3994105193116, 33.7792408977325], [-84.3994409523138, 33.7792162496005], [-84.3994850807678, 33.7792003586073], [-84.3995386979955, 33.7791932308732], [-84.399578629249, 33.7791808605996], [-84.3996059143055, 33.7791588529928], [-84.3996321156916, 33.7791254307189], [-84.3996414581545, 33.7790797453531]]}, "properties": {"OBJECTID": 238, "FACILITYID": null, "SURFTYPE": "Concrete", "ADACOMPLY": "No", "CONDITION": null, "WIDTH": 4, "INSTALLDATE": null, "OWNEDBY": null, "MAINTBY": null, "LASTUPDATE": null, "LASTEDITOR": null, "Shape__Length": 178.68714200905757, "GlobalID": "0fc1ad94-7ffe-4bfe-921e-e643249ea0e6", "Status": null, "CreationDate": 1758294013017, "Creator": "dsimsGT", "EditDate": 1758294013017, "Editor": "dsimsGT"}}, {"type": "Feature", "id": 239, "geometry": {"type": "LineString", "coordinates": [[-84.3998815109546, 33.7785228225746], [-84.3999334802129, 33.778565946806], [-84.3999590647531, 33.7786583799051], [-84.3999286686821, 33.7787491056041], [-84.3998918245685, 33.7788646253633], [-84.3998876680748, 33.7789337420755], [-84.3999025579002, 33.7790126715263], [-84.3999910614386, 33.7790962883524], [-84.4000869103349, 33.7791248463204], [-84.400146120454, 33.7791439457913], [-84.4002398205504, 33.7791561183932], [-84.4003909719697, 33.7791448546093], [-84.4004632571987, 33.7791378561181], [-84.4005635046965, 33.7791404107803], [-84.4006687009593, 33.7791498166406], [-84.4007887051465, 33.7791660558837], [-84.4009202567048, 33.7791987399447]]}, "properties": {"OBJECTID": 239, "FACILITYID": null, "SURFTYPE": "Concrete", "ADACOMPLY": "Yes", "CONDITION": null, "WIDTH": 12, "INSTALLDATE": null, "OWNEDBY": null, "MAINTBY": null, "LASTUPDATE": null, "LASTEDITOR": null, "Shape__Length": 517.9325944435692, "GlobalID": "b24771b2-4597-4cdd-b52d-562283888210", "Status": null, "CreationDate": 1758294013017, "Creator": "dsimsGT", "EditDate": 1758912804727, "Editor": "aramirez91_GTFacilities"}}, {"type": "Feature", "id": 240, "geometry": {"type": "LineString", "coordinates": [[-84.4012487188183, 33.7785243481764], [-84.401150253723, 33.7785725635621], [-84.4011026957277, 33.7786083322548], [-84.4009764524421, 33.7787142338118], [-84.4009142657512, 33.778809036061], [-84.4008815650123, 33.7788694762963], [-84.4008669961696, 33.7789504659069], [-84.4008606206429, 33.7790232069896], [-84.4008788758556, 33.7790890397618], [-84.400906991305, 33.7791548538148], [-84.4009202567048, 33.7791987399447], [-84.4009926727191, 33.7792397700456], [-84.4010601261292, 33.779268458713], [-84.4011143989711, 33.7792848224699]]}, "properties": {"OBJECTID": 240, "FACILITYID": null, "SURFTYPE": "Concrete", "ADACOMPLY": "Yes", "CONDITION": null, "WIDTH": 6, "INSTALLDATE": null, "OWNEDBY": null, "MAINTBY": null, "LASTUPDATE": null, "LASTEDITOR": null, "Shape__Length": 361.916835060703, "GlobalID": "822be2b3-273f-4737-82cb-8191d217f3cc", "Status": null, "CreationDate": 1758294013017, "Creator": "dsimsGT", "EditDate": 1758294013017, "Editor": "dsimsGT"}}, {"type": "Feature", "id": 241, "geometry": {"type": "LineString", "coordinates": [[-84.4011143989711, 33.7792848224699], [-84.4011687167071, 33.7793176529711], [-84.4011671817785, 33.7793574502578], [-84.4011473687274, 33.7794194033829]]}, "properties": {"OBJECTID": 241, "FACILITYID": null, "SURFTYPE": "Concrete", "ADACOMPLY": "Yes", "CONDITION": null, "WIDTH": 12, "INSTALLDATE": null, "OWNEDBY": null, "MAINTBY": null, "LASTUPDATE": null, "LASTEDITOR": null, "Shape__Length": 58.195712655610635, "GlobalID": "911b4761-f06a-4676-bb67-34304019ace2", "Status": null, "CreationDate": 1758294013017, "Creator": "dsimsGT", "EditDate": 1758294013017, "Editor": "dsimsGT"}}, {"type": "Feature", "id": 242, "geometry": {"type": "LineString", "coordinates": [[-84.4017695435943, 33.7789982990797], [-84.4016708594243, 33.7790600896524], [-84.4015331013681, 33.7791618967595], [-84.4014117093104, 33.7792389736531], [-84.4012918919769, 33.7792913458002], [-84.4011671817785, 33.7793574502578]]}, "properties": {"OBJECTID": 242, "FACILITYID": null, "SURFTYPE": "Concrete", "ADACOMPLY": "Yes", "CONDITION": null, "WIDTH": 12, "INSTALLDATE": null, "OWNEDBY": null, "MAINTBY": null, "LASTUPDATE": null, "LASTEDITOR": null, "Shape__Length": 225.68751909783322, "GlobalID": "6babc876-281c-4cd3-aae3-e6fe2c60c984", "Status": null, "CreationDate": 1758294013017, "Creator": "dsimsGT", "EditDate": 1758912804727, "Editor": "aramirez91_GTFacilities"}}, {"type": "Feature", "id": 243, "geometry": {"type": "LineString", "coordinates": [[-84.4008815650123, 33.7788694762963], [-84.4008389106933, 33.7788956302898], [-84.4007717237776, 33.7789643698091], [-84.4006995421335, 33.779009790344], [-84.4006207954897, 33.7790579679088], [-84.400548588661, 33.7790937831135], [-84.4004775475719, 33.7791382203601]]}, "properties": {"OBJECTID": 243, "FACILITYID": null, "SURFTYPE": "Concrete", "ADACOMPLY": "Yes", "CONDITION": null, "WIDTH": 6, "INSTALLDATE": null, "OWNEDBY": null, "MAINTBY": null, "LASTUPDATE": null, "LASTEDITOR": null, "Shape__Length": 157.9791132685331, "GlobalID": "9819b2f8-337f-4dc0-8df2-dcb63508719c", "Status": null, "CreationDate": 1758294013017, "Creator": "dsimsGT", "EditDate": 1758294013017, "Editor": "dsimsGT"}}, {"type": "Feature", "id": 245, "geometry": {"type": "LineString", "coordinates": [[-84.3998815109546, 33.7785228225746], [-84.3998469171147, 33.7784913265461], [-84.3998041139611, 33.7784625906432], [-84.3997202636594, 33.7784462821667], [-84.3995805080709, 33.7784177283409], [-84.3995410548782, 33.7784123144462], [-84.3995146806079, 33.7783821751258], [-84.3994160328363, 33.7783631497351], [-84.3993519463823, 33.7783632705877], [-84.3993109055194, 33.7783784425077]]}, "properties": {"OBJECTID": 245, "FACILITYID": null, "SURFTYPE": "Concrete", "ADACOMPLY": "Yes", "CONDITION": null, "WIDTH": 6, "INSTALLDATE": null, "OWNEDBY": null, "MAINTBY": null, "LASTUPDATE": null, "LASTEDITOR": null, "Shape__Length": 191.7234415375011, "GlobalID": "8e4531eb-aad7-4df0-83f5-2a47a7d0afba", "Status": null, "CreationDate": 1758294013017, "Creator": "dsimsGT", "EditDate": 1758294013017, "Editor": "dsimsGT"}}, {"type": "Feature", "id": 246, "geometry": {"type": "LineString", "coordinates": [[-84.3993109055194, 33.7783784425077], [-84.3993028260072, 33.7784292306225], [-84.3993020692464, 33.7787571968624], [-84.3992993575096, 33.7789698978823], [-84.3992900028902, 33.7791565401745], [-84.3992756253846, 33.7793088859065], [-84.3992643257859, 33.7793843799114], [-84.3992701192455, 33.7794361300766], [-84.3992613023844, 33.7794818144216], [-84.3992647857163, 33.7795545359348], [-84.399258553447, 33.7796807941602], [-84.3992623483535, 33.7798687830555], [-84.3992561987371, 33.7800252292964], [-84.3992557200059, 33.7804561129749]]}, "properties": {"OBJECTID": 246, "FACILITYID": null, "SURFTYPE": "Concrete", "ADACOMPLY": "Yes", "CONDITION": null, "WIDTH": 6, "INSTALLDATE": null, "OWNEDBY": null, "MAINTBY": null, "LASTUPDATE": null, "LASTEDITOR": null, "Shape__Length": 757.0120710855019, "GlobalID": "75f51126-4ff6-4205-a55c-dfefa65fc06d", "Status": null, "CreationDate": 1758294013017, "Creator": "dsimsGT", "EditDate": 1758294013017, "Editor": "dsimsGT"}}, {"type": "Feature", "id": 247, "geometry": {"type": "LineString", "coordinates": [[-84.3992557200059, 33.7804561129749], [-84.3993181657056, 33.780455995262], [-84.3993837894865, 33.7804160762577], [-84.399814341957, 33.7804180081839]]}, "properties": {"OBJECTID": 247, "FACILITYID": null, "SURFTYPE": "Concrete", "ADACOMPLY": "No", "CONDITION": null, "WIDTH": 8, "INSTALLDATE": null, "OWNEDBY": null, "MAINTBY": null, "LASTUPDATE": null, "LASTEDITOR": null, "Shape__Length": 174.46778258888637, "GlobalID": "378afa79-eadc-43fd-8e25-34998a953b0d", "Status": null, "CreationDate": 1758294013017, "Creator": "dsimsGT", "EditDate": 1758294013017, "Editor": "dsimsGT"}}, {"type": "Feature", "id": 248, "geometry": {"type": "LineString", "coordinates": [[-84.3992557200059, 33.7804561129749], [-84.39924993646, 33.7807484102551], [-84.3992460744653, 33.7811436219356], [-84.3992320859999, 33.7814400506824]]}, "properties": {"OBJECTID": 248, "FACILITYID": null, "SURFTYPE": "Concrete", "ADACOMPLY": "Yes", "CONDITION": null, "WIDTH": 6, "INSTALLDATE": null, "OWNEDBY": null, "MAINTBY": null, "LASTUPDATE": null, "LASTEDITOR": null, "Shape__Length": 358.1289328341986, "GlobalID": "7d6b3db0-8b5c-4129-9f31-a1b57f012d62", "Status": null, "CreationDate": 1758294013017, "Creator": "dsimsGT", "EditDate": 1758294013017, "Editor": "dsimsGT"}}, {"type": "Feature", "id": 249, "geometry": {"type": "LineString", "coordinates": [[-84.3992320859999, 33.7814400506824], [-84.399360579852, 33.7814441958853], [-84.3998631402057, 33.7814457213297]]}, "properties": {"OBJECTID": 249, "FACILITYID": null, "SURFTYPE": "Concrete", "ADACOMPLY": "Yes", "CONDITION": null, "WIDTH": 6, "INSTALLDATE": null, "OWNEDBY": null, "MAINTBY": null, "LASTUPDATE": null, "LASTEDITOR": null, "Shape__Length": 191.7724323330584, "GlobalID": "2b055caf-b0c5-4172-b370-23eeff7b0756", "Status": null, "CreationDate": 1758294013017, "Creator": "dsimsGT", "EditDate": 1758913078918, "Editor": "aramirez91_GTFacilities"}}, {"type": "Feature", "id": 250, "geometry": {"type": "LineString", "coordinates": [[-84.3990271771783, 33.7810191601672], [-84.399021027878, 33.7805677061185]]}, "properties": {"OBJECTID": 250, "FACILITYID": null, "SURFTYPE": "Concrete", "ADACOMPLY": "Yes", "CONDITION": null, "WIDTH": 6, "INSTALLDATE": null, "OWNEDBY": null, "MAINTBY": null, "LASTUPDATE": null, "LASTEDITOR": null, "Shape__Length": 164.2814359900923, "GlobalID": "fccf6575-69cf-454e-aaf3-2ff1a0a87021", "Status": null, "CreationDate": 1758294013017, "Creator": "dsimsGT", "EditDate": 1758294013017, "Editor": "dsimsGT"}}, {"type": "Feature", "id": 251, "geometry": {"type": "LineString", "coordinates": [[-84.3990125107762, 33.780456571134], [-84.3990121810091, 33.7803344422295], [-84.3989987570885, 33.7802315503551], [-84.3989998002656, 33.7800092454331], [-84.3989974307159, 33.7797402918957], [-84.3989940809734, 33.7797169697841]]}, "properties": {"OBJECTID": 251, "FACILITYID": null, "SURFTYPE": "Concrete", "ADACOMPLY": "Yes", "CONDITION": null, "WIDTH": 6, "INSTALLDATE": null, "OWNEDBY": null, "MAINTBY": null, "LASTUPDATE": null, "LASTEDITOR": null, "Shape__Length": 269.40481364917287, "GlobalID": "6b27fdeb-575a-427e-bfcc-db15d8ef87f2", "Status": null, "CreationDate": 1758294013017, "Creator": "dsimsGT", "EditDate": 1758294013017, "Editor": "dsimsGT"}}, {"type": "Feature", "id": 252, "geometry": {"type": "LineString", "coordinates": [[-84.3989940809734, 33.7797169697841], [-84.3989464114054, 33.77971157117], [-84.3989037227457, 33.7797253737417], [-84.3988775112234, 33.7797556121479], [-84.3988778556026, 33.7798832293871]]}, "properties": {"OBJECTID": 252, "FACILITYID": null, "SURFTYPE": "Concrete", "ADACOMPLY": "Yes", "CONDITION": null, "WIDTH": 6, "INSTALLDATE": null, "OWNEDBY": null, "MAINTBY": null, "LASTUPDATE": null, "LASTEDITOR": null, "Shape__Length": 88.54550342141802, "GlobalID": "70be481d-5828-429d-a97c-32d0d40ee96b", "Status": null, "CreationDate": 1758294013017, "Creator": "dsimsGT", "EditDate": 1758294013017, "Editor": "dsimsGT"}}, {"type": "Feature", "id": 254, "geometry": {"type": "LineString", "coordinates": [[-84.39904676769, 33.7791460208388], [-84.3990546324865, 33.7790156435006], [-84.3990588325453, 33.7787453043351], [-84.3990598978106, 33.7785312340987], [-84.3990594679454, 33.7783720546913], [-84.3990541783346, 33.778360469417]]}, "properties": {"OBJECTID": 254, "FACILITYID": null, "SURFTYPE": "Concrete", "ADACOMPLY": "Yes", "CONDITION": null, "WIDTH": 6, "INSTALLDATE": null, "OWNEDBY": null, "MAINTBY": null, "LASTUPDATE": null, "LASTEDITOR": null, "Shape__Length": 286.2041575186298, "GlobalID": "5bcc1722-1cdb-41de-958a-abacee5a3410", "Status": null, "CreationDate": 1758294013017, "Creator": "dsimsGT", "EditDate": 1758911320656, "Editor": "aramirez91_GTFacilities"}}, {"type": "Feature", "id": 256, "geometry": {"type": "LineString", "coordinates": [[-84.3983593569828, 33.7783431820277], [-84.3983533562111, 33.7785558901233]]}, "properties": {"OBJECTID": 256, "FACILITYID": null, "SURFTYPE": "Concrete", "ADACOMPLY": "Yes", "CONDITION": null, "WIDTH": 12, "INSTALLDATE": null, "OWNEDBY": null, "MAINTBY": null, "LASTUPDATE": null, "LASTEDITOR": null, "Shape__Length": 77.41964374986415, "GlobalID": "cf725100-7c8f-4dc8-820b-db720cf2ff75", "Status": null, "CreationDate": 1758294013017, "Creator": "dsimsGT", "EditDate": 1758294013017, "Editor": "dsimsGT"}}, {"type": "Feature", "id": 257, "geometry": {"type": "LineString", "coordinates": [[-84.398354511376, 33.7785149250363], [-84.3978685044112, 33.7785238657311], [-84.3978274189744, 33.7785225703845]]}, "properties": {"OBJECTID": 257, "FACILITYID": null, "SURFTYPE": "Concrete", "ADACOMPLY": "Yes", "CONDITION": null, "WIDTH": 12, "INSTALLDATE": null, "OWNEDBY": null, "MAINTBY": null, "LASTUPDATE": null, "LASTEDITOR": null, "Shape__Length": 160.2042412786215, "GlobalID": "66228869-a2cd-4d1e-b9e9-1d72c9c1dbff", "Status": null, "CreationDate": 1758294013017, "Creator": "dsimsGT", "EditDate": 1758294013017, "Editor": "dsimsGT"}}, {"type": "Feature", "id": 259, "geometry": {"type": "LineString", "coordinates": [[-84.397872464857, 33.7781629597566], [-84.3978510176061, 33.7781314385336], [-84.3978537808302, 33.7779365756822], [-84.3978582194862, 33.7777540605066], [-84.3978573494883, 33.7774302141974], [-84.3978662694353, 33.7770802764748]]}, "properties": {"OBJECTID": 259, "FACILITYID": null, "SURFTYPE": "Concrete", "ADACOMPLY": "Yes", "CONDITION": null, "WIDTH": 6, "INSTALLDATE": null, "OWNEDBY": null, "MAINTBY": null, "LASTUPDATE": null, "LASTEDITOR": null, "Shape__Length": 395.72619923305626, "GlobalID": "8bd0b2cf-43e6-40a6-96d6-b4b8e1a2a82f", "Status": null, "CreationDate": 1758294013017, "Creator": "dsimsGT", "EditDate": 1758294013017, "Editor": "dsimsGT"}}, {"type": "Feature", "id": 260, "geometry": {"type": "LineString", "coordinates": [[-84.3993708972472, 33.7772761165428], [-84.399321683943, 33.7772064233148], [-84.3992593993711, 33.7771418409185], [-84.3991858627091, 33.7770914969308], [-84.399132826325, 33.7770765491861]]}, "properties": {"OBJECTID": 260, "FACILITYID": null, "SURFTYPE": "Concrete", "ADACOMPLY": "Yes", "CONDITION": null, "WIDTH": 6, "INSTALLDATE": null, "OWNEDBY": null, "MAINTBY": null, "LASTUPDATE": null, "LASTEDITOR": null, "Shape__Length": 105.51586107950257, "GlobalID": "f41cc998-25db-4232-a8b6-a8be18f9fe53", "Status": null, "CreationDate": 1758294013017, "Creator": "dsimsGT", "EditDate": 1759417901518, "Editor": "aramirez91_GTFacilities"}}, {"type": "Feature", "id": 261, "geometry": {"type": "LineString", "coordinates": [[-84.3991160197183, 33.7774072660127], [-84.3991234383995, 33.777112220873]]}, "properties": {"OBJECTID": 261, "FACILITYID": null, "SURFTYPE": "Concrete", "ADACOMPLY": "Yes", "CONDITION": null, "WIDTH": 6, "INSTALLDATE": null, "OWNEDBY": null, "MAINTBY": null, "LASTUPDATE": null, "LASTEDITOR": null, "Shape__Length": 107.38182527441757, "GlobalID": "3e3fcf1e-6042-41b2-be79-0fac1c8e610a", "Status": null, "CreationDate": 1758294013017, "Creator": "dsimsGT", "EditDate": 1758294013017, "Editor": "dsimsGT"}}, {"type": "Feature", "id": 262, "geometry": {"type": "LineString", "coordinates": [[-84.3991234387492, 33.7771122206589], [-84.3991282716855, 33.7770765335592], [-84.3992365375418, 33.7766837743682], [-84.3992246843841, 33.7766079886191]]}, "properties": {"OBJECTID": 262, "FACILITYID": null, "SURFTYPE": "Concrete", "ADACOMPLY": "Yes", "CONDITION": null, "WIDTH": 6, "INSTALLDATE": null, "OWNEDBY": null, "MAINTBY": null, "LASTUPDATE": null, "LASTEDITOR": null, "Shape__Length": 187.52958461582722, "GlobalID": "3ab5c430-f53d-4121-89e3-f090116114c1", "Status": null, "CreationDate": 1758294013017, "Creator": "dsimsGT", "EditDate": 1758294013017, "Editor": "dsimsGT"}}, {"type": "Feature", "id": 263, "geometry": {"type": "LineString", "coordinates": [[-84.3993887334902, 33.7767755229905], [-84.3993294991998, 33.7767468169952], [-84.3992246840154, 33.7766079880101], [-84.3991495829534, 33.7764563842629]]}, "properties": {"OBJECTID": 263, "FACILITYID": null, "SURFTYPE": "Concrete", "ADACOMPLY": "Yes", "CONDITION": null, "WIDTH": 6, "INSTALLDATE": null, "OWNEDBY": null, "MAINTBY": null, "LASTUPDATE": null, "LASTEDITOR": null, "Shape__Length": 140.22601467181835, "GlobalID": "eb20e145-98e7-4929-a4e9-738e9cffdbde", "Status": null, "CreationDate": 1758294013017, "Creator": "dsimsGT", "EditDate": 1758294013017, "Editor": "dsimsGT"}}, {"type": "Feature", "id": 264, "geometry": {"type": "LineString", "coordinates": [[-84.3993983820142, 33.7766972876226], [-84.3993474417502, 33.7766973827805], [-84.3992963554583, 33.7767029179876]]}, "properties": {"OBJECTID": 264, "FACILITYID": null, "SURFTYPE": "Concrete", "ADACOMPLY": "Yes", "CONDITION": null, "WIDTH": 6, "INSTALLDATE": null, "OWNEDBY": null, "MAINTBY": null, "LASTUPDATE": null, "LASTEDITOR": null, "Shape__Length": 31.132065002175423, "GlobalID": "bc4dd598-beb8-4eaf-a50c-0fbccd6871ad", "Status": null, "CreationDate": 1758294013017, "Creator": "dsimsGT", "EditDate": 1758294013017, "Editor": "dsimsGT"}}, {"type": "Feature", "id": 265, "geometry": {"type": "LineString", "coordinates": [[-84.3993887334902, 33.7767755229905], [-84.3993984264356, 33.7767137533056], [-84.3993979700013, 33.7765449695121], [-84.3994058737924, 33.7764296865733], [-84.3993630320817, 33.7763858560292], [-84.3992989126351, 33.7763736260902], [-84.3992167437813, 33.776371037228], [-84.3991723912594, 33.7763766091494]]}, "properties": {"OBJECTID": 265, "FACILITYID": null, "SURFTYPE": "Concrete", "ADACOMPLY": "Yes", "CONDITION": null, "WIDTH": 6, "INSTALLDATE": null, "OWNEDBY": null, "MAINTBY": null, "LASTUPDATE": null, "LASTEDITOR": null, "Shape__Length": 205.28737053912505, "GlobalID": "6bfc1966-915e-4fc5-a0e7-8a8d253d922f", "Status": null, "CreationDate": 1758294013017, "Creator": "dsimsGT", "EditDate": 1758294013017, "Editor": "dsimsGT"}}, {"type": "Feature", "id": 266, "geometry": {"type": "LineString", "coordinates": [[-84.3992167437813, 33.776371037228], [-84.399236618459, 33.7764047458878], [-84.3993983013742, 33.7765401414449]]}, "properties": {"OBJECTID": 266, "FACILITYID": null, "SURFTYPE": "Concrete", "ADACOMPLY": "Yes", "CONDITION": null, "WIDTH": 6, "INSTALLDATE": null, "OWNEDBY": null, "MAINTBY": null, "LASTUPDATE": null, "LASTEDITOR": null, "Shape__Length": 83.24805728092548, "GlobalID": "90f7d81f-0418-4fd7-a164-20916d5f72fb", "Status": null, "CreationDate": 1758294013017, "Creator": "dsimsGT", "EditDate": 1758911320656, "Editor": "aramirez91_GTFacilities"}}, {"type": "Feature", "id": 267, "geometry": {"type": "LineString", "coordinates": [[-84.4004776660733, 33.7760279702193], [-84.4001099761864, 33.7761086166339], [-84.39993302726, 33.7761047837895], [-84.3995676547877, 33.7760972994887], [-84.399253788751, 33.7760937753786]]}, "properties": {"OBJECTID": 267, "FACILITYID": null, "SURFTYPE": "Concrete", "ADACOMPLY": "Yes", "CONDITION": null, "WIDTH": 6, "INSTALLDATE": null, "OWNEDBY": null, "MAINTBY": null, "LASTUPDATE": null, "LASTEDITOR": null, "Shape__Length": 375.74093302012636, "GlobalID": "1ec46d34-e5e2-4bf7-98e4-5aa0077a3c02", "Status": null, "CreationDate": 1758294013017, "Creator": "dsimsGT", "EditDate": 1758911320656, "Editor": "aramirez91_GTFacilities"}}, {"type": "Feature", "id": 268, "geometry": {"type": "LineString", "coordinates": [[-84.3991342858126, 33.7762614128972], [-84.39914027341, 33.7760445886747], [-84.3991445620722, 33.7758071829379]]}, "properties": {"OBJECTID": 268, "FACILITYID": null, "SURFTYPE": "Concrete", "ADACOMPLY": "Yes", "CONDITION": null, "WIDTH": 6, "INSTALLDATE": null, "OWNEDBY": null, "MAINTBY": null, "LASTUPDATE": null, "LASTEDITOR": null, "Shape__Length": 165.3115605019139, "GlobalID": "85f4fd9e-c526-4314-a356-c4058ad59be2", "Status": null, "CreationDate": 1758294013017, "Creator": "dsimsGT", "EditDate": 1758294013017, "Editor": "dsimsGT"}}, {"type": "Feature", "id": 270, "geometry": {"type": "LineString", "coordinates": [[-84.4034742374291, 33.7805070956779], [-84.403799618567, 33.7805092154748]]}, "properties": {"OBJECTID": 270, "FACILITYID": null, "SURFTYPE": "Concrete", "ADACOMPLY": "Yes", "CONDITION": null, "WIDTH": 6, "INSTALLDATE": null, "OWNEDBY": null, "MAINTBY": null, "LASTUPDATE": null, "LASTEDITOR": null, "Shape__Length": 98.86934760808487, "GlobalID": "39b3cf77-0280-4bcd-b178-ec5e52244ec4", "Status": null, "CreationDate": 1758294013017, "Creator": "dsimsGT", "EditDate": 1758294013017, "Editor": "dsimsGT"}}, {"type": "Feature", "id": 271, "geometry": {"type": "LineString", "coordinates": [[-84.4038785084903, 33.7805131807912], [-84.4040658332124, 33.7805087036255]]}, "properties": {"OBJECTID": 271, "FACILITYID": null, "SURFTYPE": "Concrete", "ADACOMPLY": "Yes", "CONDITION": null, "WIDTH": 6, "INSTALLDATE": null, "OWNEDBY": null, "MAINTBY": null, "LASTUPDATE": null, "LASTEDITOR": null, "Shape__Length": 56.94151079214553, "GlobalID": "d4ba6bc0-cc19-4412-bc43-226e86e9621c", "Status": null, "CreationDate": 1758294013017, "Creator": "dsimsGT", "EditDate": 1758294013017, "Editor": "dsimsGT"}}, {"type": "Feature", "id": 272, "geometry": {"type": "LineString", "coordinates": [[-84.4040658332124, 33.7805087036255], [-84.4040904527472, 33.7804976786619], [-84.4041034738624, 33.7804523699993], [-84.4040984122427, 33.7804043515029], [-84.404081887461, 33.7803714495974], [-84.4040554893661, 33.7803330774325], [-84.4040578486585, 33.779996875233], [-84.404098873219, 33.779976212519], [-84.404106999262, 33.7799432631831], [-84.4041096574776, 33.779715466782]]}, "properties": {"OBJECTID": 272, "FACILITYID": null, "SURFTYPE": "Concrete", "ADACOMPLY": "Yes", "CONDITION": null, "WIDTH": 6, "INSTALLDATE": null, "OWNEDBY": null, "MAINTBY": null, "LASTUPDATE": null, "LASTEDITOR": null, "Shape__Length": 304.0943914822624, "GlobalID": "13f94dd1-9e92-4450-bdaf-c25cf804181f", "Status": null, "CreationDate": 1758294013017, "Creator": "dsimsGT", "EditDate": 1758294013017, "Editor": "dsimsGT"}}, {"type": "Feature", "id": 273, "geometry": {"type": "LineString", "coordinates": [[-84.4041096574776, 33.779715466782], [-84.4031548886243, 33.7797104386009], [-84.4028590816337, 33.7797055167721], [-84.4027358320483, 33.7797043802939]]}, "properties": {"OBJECTID": 273, "FACILITYID": null, "SURFTYPE": "Concrete", "ADACOMPLY": "Yes", "CONDITION": null, "WIDTH": 6, "INSTALLDATE": null, "OWNEDBY": null, "MAINTBY": null, "LASTUPDATE": null, "LASTEDITOR": null, "Shape__Length": 417.4635715335364, "GlobalID": "6debce01-d51c-4b48-8764-19f76b5c8efa", "Status": null, "CreationDate": 1758294013017, "Creator": "dsimsGT", "EditDate": 1758294013017, "Editor": "dsimsGT"}}, {"type": "Feature", "id": 274, "geometry": {"type": "LineString", "coordinates": [[-84.4028590816337, 33.7797055167721], [-84.4029266565871, 33.7797781154858]]}, "properties": {"OBJECTID": 274, "FACILITYID": null, "SURFTYPE": "Concrete", "ADACOMPLY": "No", "CONDITION": null, "WIDTH": 8, "INSTALLDATE": null, "OWNEDBY": null, "MAINTBY": null, "LASTUPDATE": null, "LASTEDITOR": null, "Shape__Length": 33.45779633201778, "GlobalID": "dd46fe5b-c77e-4e18-8faf-b41c2884bf10", "Status": null, "CreationDate": 1758294013017, "Creator": "dsimsGT", "EditDate": 1758294013017, "Editor": "dsimsGT"}}, {"type": "Feature", "id": 275, "geometry": {"type": "LineString", "coordinates": [[-84.4027854652715, 33.7798264139605], [-84.4029185640134, 33.779823414595]]}, "properties": {"OBJECTID": 275, "FACILITYID": null, "SURFTYPE": "Concrete", "ADACOMPLY": "No", "CONDITION": null, "WIDTH": 8, "INSTALLDATE": null, "OWNEDBY": null, "MAINTBY": null, "LASTUPDATE": null, "LASTEDITOR": null, "Shape__Length": 40.45680119022894, "GlobalID": "e245f697-901b-4f5d-8bd2-f9e1a193beb4", "Status": null, "CreationDate": 1758294013017, "Creator": "dsimsGT", "EditDate": 1758294013017, "Editor": "dsimsGT"}}, {"type": "Feature", "id": 276, "geometry": {"type": "LineString", "coordinates": [[-84.4031548886243, 33.7797104386009], [-84.4031534488909, 33.7797845426425], [-84.403112366554, 33.7797846213642]]}, "properties": {"OBJECTID": 276, "FACILITYID": null, "SURFTYPE": "Concrete", "ADACOMPLY": "No", "CONDITION": null, "WIDTH": 8, "INSTALLDATE": null, "OWNEDBY": null, "MAINTBY": null, "LASTUPDATE": null, "LASTEDITOR": null, "Shape__Length": 39.45073870325284, "GlobalID": "bb8e4f87-ae05-42d4-a94a-74d78ff11a9f", "Status": null, "CreationDate": 1758294013017, "Creator": "dsimsGT", "EditDate": 1758294013017, "Editor": "dsimsGT"}}, {"type": "Feature", "id": 277, "geometry": {"type": "LineString", "coordinates": [[-84.4040578486585, 33.779996875233], [-84.4039822562427, 33.7799970206265], [-84.4037209619888, 33.7799934059018], [-84.4035993694031, 33.7799977563549], [-84.4034399584765, 33.7799939453794], [-84.4033841244145, 33.7800077747202], [-84.4032458877574, 33.7799353117477]]}, "properties": {"OBJECTID": 277, "FACILITYID": null, "SURFTYPE": "Concrete", "ADACOMPLY": "Yes", "CONDITION": null, "WIDTH": 6, "INSTALLDATE": null, "OWNEDBY": null, "MAINTBY": null, "LASTUPDATE": null, "LASTEDITOR": null, "Shape__Length": 255.09936459743417, "GlobalID": "2ccc5119-f5fc-438d-9208-6ffdeadcca7a", "Status": null, "CreationDate": 1758294013017, "Creator": "dsimsGT", "EditDate": 1758294013017, "Editor": "dsimsGT"}}, {"type": "Feature", "id": 278, "geometry": {"type": "LineString", "coordinates": [[-84.4033841244145, 33.7800077747202], [-84.4033990761215, 33.7800667518774], [-84.4034617027751, 33.7801324991229], [-84.4035425190344, 33.7802393789976], [-84.4036265882648, 33.7803339017572]]}, "properties": {"OBJECTID": 278, "FACILITYID": null, "SURFTYPE": "Concrete", "ADACOMPLY": "Yes", "CONDITION": null, "WIDTH": 6, "INSTALLDATE": null, "OWNEDBY": null, "MAINTBY": null, "LASTUPDATE": null, "LASTEDITOR": null, "Shape__Length": 141.34067416842362, "GlobalID": "1231e262-9442-4346-a0a6-c549fe222cb9", "Status": null, "CreationDate": 1758294013017, "Creator": "dsimsGT", "EditDate": 1758294013017, "Editor": "dsimsGT"}}, {"type": "Feature", "id": 279, "geometry": {"type": "LineString", "coordinates": [[-84.4036265882648, 33.7803339017572], [-84.4035741012426, 33.7803696808567]]}, "properties": {"OBJECTID": 279, "FACILITYID": null, "SURFTYPE": "Concrete", "ADACOMPLY": "Yes", "CONDITION": null, "WIDTH": 6, "INSTALLDATE": null, "OWNEDBY": null, "MAINTBY": null, "LASTUPDATE": null, "LASTEDITOR": null, "Shape__Length": 20.58725478951501, "GlobalID": "538f3a63-072c-4ad3-aa5e-e17efa3bed85", "Status": null, "CreationDate": 1758294013017, "Creator": "dsimsGT", "EditDate": 1758294013017, "Editor": "dsimsGT"}}, {"type": "Feature", "id": 280, "geometry": {"type": "LineString", "coordinates": [[-84.4035425190344, 33.7802393789976], [-84.4034867339257, 33.7802710474532]]}, "properties": {"OBJECTID": 280, "FACILITYID": null, "SURFTYPE": "Concrete", "ADACOMPLY": "Yes", "CONDITION": null, "WIDTH": 6, "INSTALLDATE": null, "OWNEDBY": null, "MAINTBY": null, "LASTUPDATE": null, "LASTEDITOR": null, "Shape__Length": 20.49621698525502, "GlobalID": "906acd90-7272-471a-a4fa-17be48d135ea", "Status": null, "CreationDate": 1758294013017, "Creator": "dsimsGT", "EditDate": 1758294013017, "Editor": "dsimsGT"}}, {"type": "Feature", "id": 281, "geometry": {"type": "LineString", "coordinates": [[-84.4034617027751, 33.7801324991229], [-84.403396096216, 33.7801779095102]]}, "properties": {"OBJECTID": 281, "FACILITYID": null, "SURFTYPE": "Concrete", "ADACOMPLY": "Yes", "CONDITION": null, "WIDTH": 6, "INSTALLDATE": null, "OWNEDBY": null, "MAINTBY": null, "LASTUPDATE": null, "LASTEDITOR": null, "Shape__Length": 25.892276703902503, "GlobalID": "11510719-c1bb-42ba-9488-b1e6cc07138f", "Status": null, "CreationDate": 1758294013017, "Creator": "dsimsGT", "EditDate": 1758294013017, "Editor": "dsimsGT"}}, {"type": "Feature", "id": 282, "geometry": {"type": "LineString", "coordinates": [[-84.4039537294432, 33.7803785567552], [-84.4037515880095, 33.780373456029], [-84.4036020518417, 33.7803751155431]]}, "properties": {"OBJECTID": 282, "FACILITYID": null, "SURFTYPE": null, "ADACOMPLY": null, "CONDITION": null, "WIDTH": null, "INSTALLDATE": null, "OWNEDBY": null, "MAINTBY": null, "LASTUPDATE": null, "LASTEDITOR": null, "Shape__Length": 106.88867528481532, "GlobalID": "23b47c0e-d42f-4a07-a9c0-ba30cf42b067", "Status": null, "CreationDate": 1758294013017, "Creator": "dsimsGT", "EditDate": 1758294013017, "Editor": "dsimsGT"}}, {"type": "Feature", "id": 283, "geometry": {"type": "LineString", "coordinates": [[-84.4037515880095, 33.780373456029], [-84.4037498236343, 33.7803295481203], [-84.4037201578237, 33.780298043724], [-84.4036905260526, 33.780278889167], [-84.4036543725692, 33.7802789586026], [-84.4036627028981, 33.7803201101798], [-84.4036265882648, 33.7803339017572]]}, "properties": {"OBJECTID": 283, "FACILITYID": null, "SURFTYPE": null, "ADACOMPLY": null, "CONDITION": null, "WIDTH": null, "INSTALLDATE": null, "OWNEDBY": null, "MAINTBY": null, "LASTUPDATE": null, "LASTEDITOR": null, "Shape__Length": 80.19272191666599, "GlobalID": "e9b16cfa-f2a7-4a21-a41c-791bd2d38a1c", "Status": null, "CreationDate": 1758294013017, "Creator": "dsimsGT", "EditDate": 1758294013017, "Editor": "dsimsGT"}}, {"type": "Feature", "id": 284, "geometry": {"type": "LineString", "coordinates": [[-84.4036543725692, 33.7802789586026], [-84.4035868656938, 33.7802310599893], [-84.4035425190344, 33.7802393789976]]}, "properties": {"OBJECTID": 284, "FACILITYID": null, "SURFTYPE": null, "ADACOMPLY": null, "CONDITION": null, "WIDTH": null, "INSTALLDATE": null, "OWNEDBY": null, "MAINTBY": null, "LASTUPDATE": null, "LASTEDITOR": null, "Shape__Length": 40.72710051380155, "GlobalID": "82194a34-bfdb-4804-a033-e7b02c512916", "Status": null, "CreationDate": 1758294013017, "Creator": "dsimsGT", "EditDate": 1758294013017, "Editor": "dsimsGT"}}, {"type": "Feature", "id": 285, "geometry": {"type": "LineString", "coordinates": [[-84.4042371832929, 33.7805270912374], [-84.4042624358745, 33.780531433659], [-84.4049218684813, 33.7805327968715]]}, "properties": {"OBJECTID": 285, "FACILITYID": null, "SURFTYPE": "Concrete", "ADACOMPLY": "Yes", "CONDITION": null, "WIDTH": 6, "INSTALLDATE": null, "OWNEDBY": null, "MAINTBY": null, "LASTUPDATE": null, "LASTEDITOR": null, "Shape__Length": 208.20164846284473, "GlobalID": "17caa5a8-9e16-477f-9d2a-769016248d0f", "Status": null, "CreationDate": 1758294013017, "Creator": "dsimsGT", "EditDate": 1758294013017, "Editor": "dsimsGT"}}, {"type": "Feature", "id": 286, "geometry": {"type": "LineString", "coordinates": [[-84.4042371832929, 33.7805270912374], [-84.4042381210185, 33.7804858127591], [-84.4042425041164, 33.7801687622428], [-84.4042500713204, 33.7798622449775], [-84.4042488159804, 33.7797392054041], [-84.4042486292604, 33.7797208526588]]}, "properties": {"OBJECTID": 286, "FACILITYID": null, "SURFTYPE": "Concrete", "ADACOMPLY": "Yes", "CONDITION": null, "WIDTH": 6, "INSTALLDATE": null, "OWNEDBY": null, "MAINTBY": null, "LASTUPDATE": null, "LASTEDITOR": null, "Shape__Length": 293.40243181260917, "GlobalID": "7374a3bb-d29a-4204-aea7-40200c1f6655", "Status": null, "CreationDate": 1758294013017, "Creator": "dsimsGT", "EditDate": 1758912804727, "Editor": "aramirez91_GTFacilities"}}, {"type": "Feature", "id": 287, "geometry": {"type": "LineString", "coordinates": [[-84.4042486292604, 33.7797208526588], [-84.4043085720933, 33.7797189808243], [-84.4046219717604, 33.779715742283], [-84.4047029553833, 33.7797164643072], [-84.4050741969105, 33.779712234824], [-84.405245625446, 33.7797119035184], [-84.4054643720721, 33.7797088457954], [-84.4055695501875, 33.7797112768461], [-84.4058188086722, 33.7797125504618], [-84.406032301781, 33.779711258329], [-84.4060501338484, 33.7796945377876]]}, "properties": {"OBJECTID": 287, "FACILITYID": null, "SURFTYPE": "Concrete", "ADACOMPLY": "Yes", "CONDITION": null, "WIDTH": 6, "INSTALLDATE": null, "OWNEDBY": null, "MAINTBY": null, "LASTUPDATE": null, "LASTEDITOR": null, "Shape__Length": 550.1737683995308, "GlobalID": "c8fa01da-9156-4bea-a449-16cf5d884645", "Status": null, "CreationDate": 1758294013017, "Creator": "dsimsGT", "EditDate": 1758294013017, "Editor": "dsimsGT"}}, {"type": "Feature", "id": 288, "geometry": {"type": "LineString", "coordinates": [[-84.406032301781, 33.779711258329], [-84.4060628356578, 33.7797234940107], [-84.4060653030577, 33.7798543458165], [-84.4060645543463, 33.7799632477586], [-84.4060611172602, 33.7802398980342], [-84.4060574969103, 33.7804506803584], [-84.4059892060836, 33.7804762817473], [-84.4059703039822, 33.7804868568981], [-84.4059252293986, 33.7805405158798]]}, "properties": {"OBJECTID": 288, "FACILITYID": null, "SURFTYPE": "Concrete", "ADACOMPLY": "Yes", "CONDITION": null, "WIDTH": 6, "INSTALLDATE": null, "OWNEDBY": null, "MAINTBY": null, "LASTUPDATE": null, "LASTEDITOR": null, "Shape__Length": 328.42023427206055, "GlobalID": "3b3173ef-d21d-49f7-96b5-c0e7b535b0ae", "Status": null, "CreationDate": 1758294013017, "Creator": "dsimsGT", "EditDate": 1758294013017, "Editor": "dsimsGT"}}, {"type": "Feature", "id": 289, "geometry": {"type": "LineString", "coordinates": [[-84.4059252293986, 33.7805405158798], [-84.4055750020844, 33.7805385597944]]}, "properties": {"OBJECTID": 289, "FACILITYID": null, "SURFTYPE": "Concrete", "ADACOMPLY": "Yes", "CONDITION": null, "WIDTH": 4, "INSTALLDATE": null, "OWNEDBY": null, "MAINTBY": null, "LASTUPDATE": null, "LASTEDITOR": null, "Shape__Length": 106.41814725835745, "GlobalID": "2afe9579-20f8-469f-bd08-d95a9dec0cb3", "Status": null, "CreationDate": 1758294013017, "Creator": "dsimsGT", "EditDate": 1758294013017, "Editor": "dsimsGT"}}, {"type": "Feature", "id": 290, "geometry": {"type": "LineString", "coordinates": [[-84.4055750020844, 33.7805385597944], [-84.4055045247913, 33.7805343051791], [-84.4051469419265, 33.7805349967383], [-84.4050165296542, 33.7805352486955]]}, "properties": {"OBJECTID": 290, "FACILITYID": null, "SURFTYPE": "Concrete", "ADACOMPLY": "Yes", "CONDITION": null, "WIDTH": 6, "INSTALLDATE": null, "OWNEDBY": null, "MAINTBY": null, "LASTUPDATE": null, "LASTEDITOR": null, "Shape__Length": 169.74685819855986, "GlobalID": "3226ccfd-5bf4-44c3-82b3-2aa941c0ac52", "Status": null, "CreationDate": 1758294013017, "Creator": "dsimsGT", "EditDate": 1758294013017, "Editor": "dsimsGT"}}, {"type": "Feature", "id": 291, "geometry": {"type": "LineString", "coordinates": [[-84.4060653030577, 33.7798543458165], [-84.4060305770822, 33.7798473875149], [-84.4058275955271, 33.7798469028583], [-84.4058107822545, 33.7798522046896], [-84.4057981962957, 33.7798645248922], [-84.4057994066087, 33.7799216069653]]}, "properties": {"OBJECTID": 291, "FACILITYID": null, "SURFTYPE": "Concrete", "ADACOMPLY": "Yes", "CONDITION": null, "WIDTH": 6, "INSTALLDATE": null, "OWNEDBY": null, "MAINTBY": null, "LASTUPDATE": null, "LASTEDITOR": null, "Shape__Length": 104.65434312251215, "GlobalID": "add94c5d-bbf4-4098-a002-29f6f62496ff", "Status": null, "CreationDate": 1758294013017, "Creator": "dsimsGT", "EditDate": 1758294013017, "Editor": "dsimsGT"}}, {"type": "Feature", "id": 292, "geometry": {"type": "LineString", "coordinates": [[-84.4057994066087, 33.7799216069653], [-84.405718430107, 33.7799235202712]]}, "properties": {"OBJECTID": 292, "FACILITYID": null, "SURFTYPE": "Concrete", "ADACOMPLY": "Yes", "CONDITION": null, "WIDTH": 6, "INSTALLDATE": null, "OWNEDBY": null, "MAINTBY": null, "LASTUPDATE": null, "LASTEDITOR": null, "Shape__Length": 24.614548460840016, "GlobalID": "bf683e22-f935-471d-98fe-df59c69e34fe", "Status": null, "CreationDate": 1758294013017, "Creator": "dsimsGT", "EditDate": 1758294013017, "Editor": "dsimsGT"}}, {"type": "Feature", "id": 293, "geometry": {"type": "LineString", "coordinates": [[-84.4055538193084, 33.7797109132776], [-84.4055917280367, 33.779744606714], [-84.4056402110886, 33.7797822766801], [-84.405683469951, 33.7798322525587], [-84.4057067347868, 33.7798778752111], [-84.405718430107, 33.7799235202712], [-84.4057154214567, 33.7799762203794], [-84.4056966254102, 33.7800245591265], [-84.4056830256799, 33.7800509326077], [-84.4056410964314, 33.780101073467], [-84.4055655293262, 33.7801574259903], [-84.4055056141141, 33.7801689595711]]}, "properties": {"OBJECTID": 293, "FACILITYID": null, "SURFTYPE": "Concrete", "ADACOMPLY": "Yes", "CONDITION": null, "WIDTH": 12, "INSTALLDATE": null, "OWNEDBY": null, "MAINTBY": null, "LASTUPDATE": null, "LASTEDITOR": null, "Shape__Length": 214.26890713525697, "GlobalID": "1807a244-52b5-4d65-8968-92606d285f5d", "Status": null, "CreationDate": 1758294013017, "Creator": "dsimsGT", "EditDate": 1758294013017, "Editor": "dsimsGT"}}, {"type": "Feature", "id": 294, "geometry": {"type": "LineString", "coordinates": [[-84.4055056141141, 33.7801689595711], [-84.4054383067917, 33.7801699680293], [-84.4053625787065, 33.7801683572137]]}, "properties": {"OBJECTID": 294, "FACILITYID": null, "SURFTYPE": "Concrete", "ADACOMPLY": "No", "CONDITION": null, "WIDTH": 8, "INSTALLDATE": null, "OWNEDBY": null, "MAINTBY": null, "LASTUPDATE": null, "LASTEDITOR": null, "Shape__Length": 43.471922900185916, "GlobalID": "02e8fcfc-c1f9-443c-aaf7-4cc37d4ebc43", "Status": null, "CreationDate": 1758294013017, "Creator": "dsimsGT", "EditDate": 1758294013017, "Editor": "dsimsGT"}}, {"type": "Feature", "id": 295, "geometry": {"type": "LineString", "coordinates": [[-84.4058188086722, 33.7797125504618], [-84.4058089490796, 33.7797602137039], [-84.4057679517249, 33.77979048222], [-84.405683469951, 33.7798322525587]]}, "properties": {"OBJECTID": 295, "FACILITYID": null, "SURFTYPE": "Concrete", "ADACOMPLY": "Yes", "CONDITION": null, "WIDTH": 6, "INSTALLDATE": null, "OWNEDBY": null, "MAINTBY": null, "LASTUPDATE": null, "LASTEDITOR": null, "Shape__Length": 64.05987328946762, "GlobalID": "d5351b47-f251-41b4-8eb9-38e2932645b9", "Status": null, "CreationDate": 1758294013017, "Creator": "dsimsGT", "EditDate": 1758294013017, "Editor": "dsimsGT"}}, {"type": "Feature", "id": 296, "geometry": {"type": "LineString", "coordinates": [[-84.405245625446, 33.7797119035184], [-84.4052453153119, 33.7797367400924], [-84.4052204202413, 33.7797401612958], [-84.4051794084228, 33.7797571023429], [-84.4051592222555, 33.779759390074], [-84.4050811465034, 33.7797606643964], [-84.4050825287696, 33.7797735895967]]}, "properties": {"OBJECTID": 296, "FACILITYID": null, "SURFTYPE": "Concrete", "ADACOMPLY": "Yes", "CONDITION": null, "WIDTH": 6, "INSTALLDATE": null, "OWNEDBY": null, "MAINTBY": null, "LASTUPDATE": null, "LASTEDITOR": null, "Shape__Length": 65.24620384010653, "GlobalID": "14669939-4ba7-4bcb-b80b-7c14b472ca3a", "Status": null, "CreationDate": 1758294013017, "Creator": "dsimsGT", "EditDate": 1758294013017, "Editor": "dsimsGT"}}, {"type": "Feature", "id": 297, "geometry": {"type": "LineString", "coordinates": [[-84.4050741969105, 33.779712234824], [-84.4050811465034, 33.7797606643964]]}, "properties": {"OBJECTID": 297, "FACILITYID": null, "SURFTYPE": "Concrete", "ADACOMPLY": "No", "CONDITION": null, "WIDTH": 8, "INSTALLDATE": null, "OWNEDBY": null, "MAINTBY": null, "LASTUPDATE": null, "LASTEDITOR": null, "Shape__Length": 17.748161746228206, "GlobalID": "c5c6b4ef-bd12-40ac-b601-27e20cbd0098", "Status": null, "CreationDate": 1758294013017, "Creator": "dsimsGT", "EditDate": 1758294013017, "Editor": "dsimsGT"}}, {"type": "Feature", "id": 298, "geometry": {"type": "LineString", "coordinates": [[-84.4042425041164, 33.7801687622428], [-84.4043245354501, 33.7801678910834]]}, "properties": {"OBJECTID": 298, "FACILITYID": null, "SURFTYPE": "Concrete", "ADACOMPLY": "No", "CONDITION": null, "WIDTH": 8, "INSTALLDATE": null, "OWNEDBY": null, "MAINTBY": null, "LASTUPDATE": null, "LASTEDITOR": null, "Shape__Length": 24.92715409191168, "GlobalID": "eab26f8c-a6c5-42bf-b187-9737822cda26", "Status": null, "CreationDate": 1758294013017, "Creator": "dsimsGT", "EditDate": 1758294013017, "Editor": "dsimsGT"}}, {"type": "Feature", "id": 299, "geometry": {"type": "LineString", "coordinates": [[-84.4041195523245, 33.7796101980276], [-84.4040435093031, 33.779615965217], [-84.4039768695515, 33.7796149690263], [-84.4037338759195, 33.7796120638957], [-84.403452519175, 33.7796109179902], [-84.4030500055997, 33.7796094409502], [-84.4025451687971, 33.7796030999609]]}, "properties": {"OBJECTID": 299, "FACILITYID": null, "SURFTYPE": "Concrete", "ADACOMPLY": "Yes", "CONDITION": null, "WIDTH": 6, "INSTALLDATE": null, "OWNEDBY": null, "MAINTBY": null, "LASTUPDATE": null, "LASTEDITOR": null, "Shape__Length": 478.5033971284538, "GlobalID": "f5dea96c-844a-4478-acba-1a46f4035153", "Status": null, "CreationDate": 1758294013017, "Creator": "dsimsGT", "EditDate": 1758294013017, "Editor": "dsimsGT"}}, {"type": "Feature", "id": 300, "geometry": {"type": "LineString", "coordinates": [[-84.4025451687971, 33.7796030999609], [-84.4023883871188, 33.779445691759], [-84.4021131226816, 33.7791402086025], [-84.401918627123, 33.7789251381149], [-84.401584053201, 33.7785704356544]]}, "properties": {"OBJECTID": 300, "FACILITYID": null, "SURFTYPE": "Concrete", "ADACOMPLY": "Yes", "CONDITION": null, "WIDTH": 12, "INSTALLDATE": null, "OWNEDBY": null, "MAINTBY": null, "LASTUPDATE": null, "LASTEDITOR": null, "Shape__Length": 475.96835522102776, "GlobalID": "df0719a9-71fc-4860-988d-9f20f84dccce", "Status": null, "CreationDate": 1758294013017, "Creator": "dsimsGT", "EditDate": 1758294013017, "Editor": "dsimsGT"}}, {"type": "Feature", "id": 301, "geometry": {"type": "LineString", "coordinates": [[-84.401584053201, 33.7785704356544], [-84.4014677661239, 33.7784501052997], [-84.4014488319648, 33.7784181029517]]}, "properties": {"OBJECTID": 301, "FACILITYID": null, "SURFTYPE": "Concrete", "ADACOMPLY": "Yes", "CONDITION": null, "WIDTH": 6, "INSTALLDATE": null, "OWNEDBY": null, "MAINTBY": null, "LASTUPDATE": null, "LASTEDITOR": null, "Shape__Length": 69.25221569172021, "GlobalID": "724a5a50-153e-4fe4-a2b9-8c15995a423e", "Status": null, "CreationDate": 1758294013017, "Creator": "dsimsGT", "EditDate": 1758294013017, "Editor": "dsimsGT"}}, {"type": "Feature", "id": 302, "geometry": {"type": "LineString", "coordinates": [[-84.4014488319648, 33.7784181029517], [-84.401481706592, 33.77837925768], [-84.4015442033027, 33.7783426047419], [-84.4015953040739, 33.7783228352463], [-84.4017687787556, 33.7782104882436], [-84.4019344633455, 33.7781058820971], [-84.4020181260854, 33.778053578277], [-84.4020738840287, 33.7780123043356], [-84.4021837011598, 33.7779091767238], [-84.4022639953024, 33.7778266900775], [-84.4023425933359, 33.7777249942319], [-84.4023965421838, 33.7776233454215], [-84.4024438987616, 33.7775148485164], [-84.4024781107016, 33.7774063758076], [-84.4024944414397, 33.777369294847], [-84.4025227982647, 33.7773448654132], [-84.4025684240168, 33.7773321875465]]}, "properties": {"OBJECTID": 302, "FACILITYID": null, "SURFTYPE": "Concrete", "ADACOMPLY": "Yes", "CONDITION": null, "WIDTH": 6, "INSTALLDATE": null, "OWNEDBY": null, "MAINTBY": null, "LASTUPDATE": null, "LASTEDITOR": null, "Shape__Length": 539.4391555984815, "GlobalID": "be0d7798-eef8-4e2e-8ed7-d5a8e8c6e7d2", "Status": null, "CreationDate": 1758294013017, "Creator": "dsimsGT", "EditDate": 1758294013017, "Editor": "dsimsGT"}}, {"type": "Feature", "id": 303, "geometry": {"type": "LineString", "coordinates": [[-84.4025684240168, 33.7773321875465], [-84.4037250894284, 33.7773161641146], [-84.4041046787481, 33.7773154343688]]}, "properties": {"OBJECTID": 303, "FACILITYID": null, "SURFTYPE": "Concrete", "ADACOMPLY": "Yes", "CONDITION": null, "WIDTH": 6, "INSTALLDATE": null, "OWNEDBY": null, "MAINTBY": null, "LASTUPDATE": null, "LASTEDITOR": null, "Shape__Length": 466.85353980184385, "GlobalID": "fb5eca36-ff52-4738-9ba4-0753f32bb6ee", "Status": null, "CreationDate": 1758294013017, "Creator": "dsimsGT", "EditDate": 1758294013017, "Editor": "dsimsGT"}}, {"type": "Feature", "id": 304, "geometry": {"type": "LineString", "coordinates": [[-84.4037250894284, 33.7773161641146], [-84.4037778364867, 33.7773750686444], [-84.4037753891505, 33.7776797097528], [-84.4037630098999, 33.777958297782], [-84.4036581748552, 33.7780792563952], [-84.4036023798498, 33.7781068079904], [-84.4035548344684, 33.7781466945429], [-84.4035079887972, 33.7784404432251]]}, "properties": {"OBJECTID": 304, "FACILITYID": null, "SURFTYPE": "Concrete", "ADACOMPLY": "Yes", "CONDITION": null, "WIDTH": 6, "INSTALLDATE": null, "OWNEDBY": null, "MAINTBY": null, "LASTUPDATE": null, "LASTEDITOR": null, "Shape__Length": 441.39125668157186, "GlobalID": "03dca6a4-375a-4715-bf12-1cc4abfacfbb", "Status": null, "CreationDate": 1758294013017, "Creator": "dsimsGT", "EditDate": 1758294013017, "Editor": "dsimsGT"}}, {"type": "Feature", "id": 305, "geometry": {"type": "LineString", "coordinates": [[-84.4041046787481, 33.7773154343688], [-84.4041327593688, 33.7773225556795], [-84.4041610658052, 33.7773359908132], [-84.4041806547791, 33.7773612462354], [-84.4041820787503, 33.7773893461619], [-84.4041715588395, 33.7777237978755], [-84.404167451412, 33.7779424498885], [-84.4041598796485, 33.778125698916], [-84.4041548657569, 33.7782600428667], [-84.4041478854884, 33.7784135010942], [-84.4041439837809, 33.7784629704784], [-84.4041421973369, 33.7785472837056], [-84.4041410727094, 33.7786276617542], [-84.404141418597, 33.7787530023117], [-84.4041340607603, 33.7790138163353], [-84.4041294422948, 33.7792914868517], [-84.4041195523245, 33.7796101980276]]}, "properties": {"OBJECTID": 305, "FACILITYID": null, "SURFTYPE": "Concrete", "ADACOMPLY": "Yes", "CONDITION": null, "WIDTH": 6, "INSTALLDATE": null, "OWNEDBY": null, "MAINTBY": null, "LASTUPDATE": null, "LASTEDITOR": null, "Shape__Length": 848.3723366965996, "GlobalID": "c7da4153-63b9-4aa0-8402-bdda2b55ad35", "Status": null, "CreationDate": 1758294013017, "Creator": "dsimsGT", "EditDate": 1758294013017, "Editor": "dsimsGT"}}, {"type": "Feature", "id": 306, "geometry": {"type": "LineString", "coordinates": [[-84.4042802247172, 33.7773447545094], [-84.4042836786611, 33.7773767853324], [-84.4042795130317, 33.7775746417883], [-84.4042732320826, 33.7777376534909], [-84.4042619544678, 33.7780411917374], [-84.4042591067858, 33.7782283664779], [-84.4042503067016, 33.7784543344906], [-84.4042487624372, 33.7786263301177], [-84.4042461016924, 33.778637577026]]}, "properties": {"OBJECTID": 306, "FACILITYID": null, "SURFTYPE": "Concrete", "ADACOMPLY": "Yes", "CONDITION": null, "WIDTH": 6, "INSTALLDATE": null, "OWNEDBY": null, "MAINTBY": null, "LASTUPDATE": null, "LASTEDITOR": null, "Shape__Length": 470.69182957911653, "GlobalID": "668d5f19-5351-4b86-99dd-bea216391933", "Status": null, "CreationDate": 1758294013017, "Creator": "dsimsGT", "EditDate": 1758294013017, "Editor": "dsimsGT"}}, {"type": "Feature", "id": 307, "geometry": {"type": "LineString", "coordinates": [[-84.4042487624372, 33.7786263301177], [-84.4042737006832, 33.7786386482488], [-84.404602848488, 33.7786419479706], [-84.404691698736, 33.7786429009878]]}, "properties": {"OBJECTID": 307, "FACILITYID": null, "SURFTYPE": "Concrete", "ADACOMPLY": "Yes", "CONDITION": null, "WIDTH": 6, "INSTALLDATE": null, "OWNEDBY": null, "MAINTBY": null, "LASTUPDATE": null, "LASTEDITOR": null, "Shape__Length": 135.82396208458272, "GlobalID": "85a0c684-bf0d-4302-9b7f-1cd85779b532", "Status": null, "CreationDate": 1758294013017, "Creator": "dsimsGT", "EditDate": 1758294013017, "Editor": "dsimsGT"}}, {"type": "Feature", "id": 308, "geometry": {"type": "LineString", "coordinates": [[-84.4048059251189, 33.7785712978011], [-84.4052367159166, 33.7785772109968], [-84.4052999820256, 33.7785759643152], [-84.405300126978, 33.7786282363543], [-84.4054293828389, 33.7786364176808]]}, "properties": {"OBJECTID": 308, "FACILITYID": null, "SURFTYPE": "Concrete", "ADACOMPLY": "Yes", "CONDITION": null, "WIDTH": 6, "INSTALLDATE": null, "OWNEDBY": null, "MAINTBY": null, "LASTUPDATE": null, "LASTEDITOR": null, "Shape__Length": 208.55244681072614, "GlobalID": "42b386b4-84fb-4f6d-832d-37d061ef7668", "Status": null, "CreationDate": 1758294013017, "Creator": "dsimsGT", "EditDate": 1758294013017, "Editor": "dsimsGT"}}, {"type": "Feature", "id": 309, "geometry": {"type": "LineString", "coordinates": [[-84.4060917702622, 33.7786412926122], [-84.4058880085217, 33.7786430600828], [-84.4058812721447, 33.7785840663908], [-84.4056479170313, 33.7785804024758], [-84.405648035165, 33.7786229412426]]}, "properties": {"OBJECTID": 309, "FACILITYID": null, "SURFTYPE": "Concrete", "ADACOMPLY": "Yes", "CONDITION": null, "WIDTH": 6, "INSTALLDATE": null, "OWNEDBY": null, "MAINTBY": null, "LASTUPDATE": null, "LASTEDITOR": null, "Shape__Length": 169.87788170719207, "GlobalID": "5c794e90-d8d2-4f42-be52-57d9bc7a42bc", "Status": null, "CreationDate": 1758294013017, "Creator": "dsimsGT", "EditDate": 1758294013017, "Editor": "dsimsGT"}}, {"type": "Feature", "id": 310, "geometry": {"type": "LineString", "coordinates": [[-84.4062031891293, 33.7785494830735], [-84.406228061913, 33.7785381939082], [-84.4062442737161, 33.7785589590178], [-84.4062658748593, 33.7785813997491], [-84.4063096277683, 33.7785824391519], [-84.4065667356335, 33.7785785665292], [-84.406645514307, 33.7785885307859], [-84.4067041337971, 33.7786103377192], [-84.4067486514271, 33.7786439746719], [-84.4067951709487, 33.7786714259935], [-84.4068444858163, 33.7787359675833], [-84.4068790042202, 33.7788044727599], [-84.4069087882421, 33.7788645558044], [-84.4069513764312, 33.7789302348027], [-84.4069689165734, 33.778944814608], [-84.4070342737634, 33.7789688560781], [-84.4070552198107, 33.7789974814674], [-84.4070580215112, 33.7790368204514], [-84.4070621649413, 33.7790744707342], [-84.4070737336556, 33.7791194135308], [-84.4070845925074, 33.7791514307394], [-84.4070967852405, 33.7791789479131], [-84.407102270423, 33.7792149094922], [-84.4070975992566, 33.7792295325515], [-84.407096350181, 33.7792643828921], [-84.407076835293, 33.7792661079002]]}, "properties": {"OBJECTID": 310, "FACILITYID": null, "SURFTYPE": "Concrete", "ADACOMPLY": "Yes", "CONDITION": "Fair", "WIDTH": 4, "INSTALLDATE": null, "OWNEDBY": null, "MAINTBY": null, "LASTUPDATE": null, "LASTEDITOR": null, "Shape__Length": 450.9178876639083, "GlobalID": "7a2d8e33-147c-4b0a-a025-36535e69ad02", "Status": null, "CreationDate": 1758294013017, "Creator": "dsimsGT", "EditDate": 1758294013017, "Editor": "dsimsGT"}}, {"type": "Feature", "id": 311, "geometry": {"type": "LineString", "coordinates": [[-84.4069285462856, 33.7789499523763], [-84.4069089765427, 33.7789320043417], [-84.4068564606929, 33.7789264856745], [-84.406815341357, 33.7789046447611], [-84.4067278121717, 33.7788946976368]]}, "properties": {"OBJECTID": 311, "FACILITYID": null, "SURFTYPE": "Concrete", "ADACOMPLY": "Yes", "CONDITION": null, "WIDTH": 6, "INSTALLDATE": null, "OWNEDBY": null, "MAINTBY": null, "LASTUPDATE": null, "LASTEDITOR": null, "Shape__Length": 66.56410441908227, "GlobalID": "fdc6aec6-ba36-46c4-8fb6-2ead23a3d258", "Status": null, "CreationDate": 1758294013017, "Creator": "dsimsGT", "EditDate": 1758294013017, "Editor": "dsimsGT"}}, {"type": "Feature", "id": 312, "geometry": {"type": "LineString", "coordinates": [[-84.4067278121717, 33.7788946976368], [-84.4066874345406, 33.7788975866229], [-84.4066046439998, 33.7788971858919], [-84.4065602265715, 33.7788995200607], [-84.4065070636384, 33.7789035581998], [-84.4064680449601, 33.7789109410066], [-84.4064215833531, 33.7789042860306], [-84.4063865836157, 33.7789043540238], [-84.4063690753786, 33.7789015775867]]}, "properties": {"OBJECTID": 312, "FACILITYID": null, "SURFTYPE": "Concrete", "ADACOMPLY": "Yes", "CONDITION": null, "WIDTH": 6, "INSTALLDATE": null, "OWNEDBY": null, "MAINTBY": null, "LASTUPDATE": null, "LASTEDITOR": null, "Shape__Length": 109.74401414755653, "GlobalID": "381724e4-20c2-422b-b901-71aebf29bdb3", "Status": null, "CreationDate": 1758294013017, "Creator": "dsimsGT", "EditDate": 1758294013017, "Editor": "dsimsGT"}}, {"type": "Feature", "id": 313, "geometry": {"type": "LineString", "coordinates": [[-84.4067278121717, 33.7788946976368], [-84.4067317218187, 33.7788486003372], [-84.4067314427165, 33.7787485527825], [-84.4067299551664, 33.7786979694474]]}, "properties": {"OBJECTID": 313, "FACILITYID": null, "SURFTYPE": "Concrete", "ADACOMPLY": "Yes", "CONDITION": null, "WIDTH": 6, "INSTALLDATE": null, "OWNEDBY": null, "MAINTBY": null, "LASTUPDATE": null, "LASTEDITOR": null, "Shape__Length": 71.63125221065702, "GlobalID": "3e09f5b1-6b52-4657-a821-0c6ade19a787", "Status": null, "CreationDate": 1758294013017, "Creator": "dsimsGT", "EditDate": 1758294013017, "Editor": "dsimsGT"}}, {"type": "Feature", "id": 314, "geometry": {"type": "LineString", "coordinates": [[-84.4067299551664, 33.7786979694474], [-84.4067400533503, 33.7786985124331], [-84.4067432456453, 33.7786398907912]]}, "properties": {"OBJECTID": 314, "FACILITYID": null, "SURFTYPE": "Concrete", "ADACOMPLY": "Yes", "CONDITION": null, "WIDTH": 6, "INSTALLDATE": null, "OWNEDBY": null, "MAINTBY": null, "LASTUPDATE": null, "LASTEDITOR": null, "Shape__Length": 24.42746076157524, "GlobalID": "81263e9e-9946-49b3-b035-563d869c6a98", "Status": null, "CreationDate": 1758294013017, "Creator": "dsimsGT", "EditDate": 1758294013017, "Editor": "dsimsGT"}}, {"type": "Feature", "id": 315, "geometry": {"type": "LineString", "coordinates": [[-84.4067278121717, 33.7788946976368], [-84.4067265535432, 33.7789261758197]]}, "properties": {"OBJECTID": 315, "FACILITYID": null, "SURFTYPE": "Concrete", "ADACOMPLY": "Yes", "CONDITION": null, "WIDTH": 6, "INSTALLDATE": null, "OWNEDBY": null, "MAINTBY": null, "LASTUPDATE": null, "LASTEDITOR": null, "Shape__Length": 11.460365929624086, "GlobalID": "90a265d5-1e28-45c5-91ec-82188961ca4c", "Status": null, "CreationDate": 1758294013017, "Creator": "dsimsGT", "EditDate": 1758294013017, "Editor": "dsimsGT"}}, {"type": "Feature", "id": 316, "geometry": {"type": "LineString", "coordinates": [[-84.4065602265715, 33.7788995200607], [-84.4065616435159, 33.77892481042]]}, "properties": {"OBJECTID": 316, "FACILITYID": null, "SURFTYPE": "Concrete", "ADACOMPLY": "Yes", "CONDITION": null, "WIDTH": 6, "INSTALLDATE": null, "OWNEDBY": null, "MAINTBY": null, "LASTUPDATE": null, "LASTEDITOR": null, "Shape__Length": 9.212482516240545, "GlobalID": "93bb2f9c-ccde-4f7a-9fd0-21459a6ccb41", "Status": null, "CreationDate": 1758294013017, "Creator": "dsimsGT", "EditDate": 1758294013017, "Editor": "dsimsGT"}}, {"type": "Feature", "id": 317, "geometry": {"type": "LineString", "coordinates": [[-84.4064680449601, 33.7789109410066], [-84.4064694274175, 33.7789238652905]]}, "properties": {"OBJECTID": 317, "FACILITYID": null, "SURFTYPE": "Concrete", "ADACOMPLY": "Yes", "CONDITION": null, "WIDTH": 6, "INSTALLDATE": null, "OWNEDBY": null, "MAINTBY": null, "LASTUPDATE": null, "LASTEDITOR": null, "Shape__Length": 4.721489388559075, "GlobalID": "fc8ae4bb-7b9f-422a-9d52-92521e42006f", "Status": null, "CreationDate": 1758294013017, "Creator": "dsimsGT", "EditDate": 1758294013017, "Editor": "dsimsGT"}}, {"type": "Feature", "id": 318, "geometry": {"type": "LineString", "coordinates": [[-84.4068564606929, 33.7789264856745], [-84.4068437449109, 33.7789529269937], [-84.4068404431934, 33.7789754169885], [-84.4068399247374, 33.7790310624859]]}, "properties": {"OBJECTID": 318, "FACILITYID": null, "SURFTYPE": "Concrete", "ADACOMPLY": "Yes", "CONDITION": null, "WIDTH": 6, "INSTALLDATE": null, "OWNEDBY": null, "MAINTBY": null, "LASTUPDATE": null, "LASTEDITOR": null, "Shape__Length": 38.861121916335414, "GlobalID": "c39fa61d-3a83-4f5a-8bda-9f77d7956397", "Status": null, "CreationDate": 1758294013017, "Creator": "dsimsGT", "EditDate": 1758294013017, "Editor": "dsimsGT"}}, {"type": "Feature", "id": 319, "geometry": {"type": "LineString", "coordinates": [[-84.4069285462856, 33.7789499523763], [-84.4069346459953, 33.7789651161881], [-84.4069347087683, 33.778987598733]]}, "properties": {"OBJECTID": 319, "FACILITYID": null, "SURFTYPE": "Concrete", "ADACOMPLY": "Yes", "CONDITION": null, "WIDTH": 6, "INSTALLDATE": null, "OWNEDBY": null, "MAINTBY": null, "LASTUPDATE": null, "LASTEDITOR": null, "Shape__Length": 14.001391408333566, "GlobalID": "3b10203a-440b-4bb7-a182-9bfdba1ae18c", "Status": null, "CreationDate": 1758294013017, "Creator": "dsimsGT", "EditDate": 1758294013017, "Editor": "dsimsGT"}}, {"type": "Feature", "id": 320, "geometry": {"type": "LineString", "coordinates": [[-84.4069285462856, 33.7789499523763], [-84.4069447002677, 33.7789499209246], [-84.4069601470414, 33.7789375247046]]}, "properties": {"OBJECTID": 320, "FACILITYID": null, "SURFTYPE": "Concrete", "ADACOMPLY": "Yes", "CONDITION": null, "WIDTH": 6, "INSTALLDATE": null, "OWNEDBY": null, "MAINTBY": null, "LASTUPDATE": null, "LASTEDITOR": null, "Shape__Length": 11.418073472008379, "GlobalID": "fc8addee-5f27-45f0-a65c-e2501bdb25c1", "Status": null, "CreationDate": 1758294013017, "Creator": "dsimsGT", "EditDate": 1758294013017, "Editor": "dsimsGT"}}, {"type": "Feature", "id": 321, "geometry": {"type": "LineString", "coordinates": [[-84.4069513764312, 33.7789302348027], [-84.4069311894269, 33.778932522825], [-84.4069285462856, 33.7789499523763]]}, "properties": {"OBJECTID": 321, "FACILITYID": null, "SURFTYPE": "Concrete", "ADACOMPLY": "Yes", "CONDITION": null, "WIDTH": 6, "INSTALLDATE": null, "OWNEDBY": null, "MAINTBY": null, "LASTUPDATE": null, "LASTEDITOR": null, "Shape__Length": 12.582881770420185, "GlobalID": "18c63331-292b-41ab-bb49-5b8599f4f7b1", "Status": null, "CreationDate": 1758294013017, "Creator": "dsimsGT", "EditDate": 1758294013017, "Editor": "dsimsGT"}}, {"type": "Feature", "id": 322, "geometry": {"type": "LineString", "coordinates": [[-84.4062658748593, 33.7785813997491], [-84.4062645785075, 33.7785993884012], [-84.4062578896903, 33.7786145770764], [-84.4062555813034, 33.7787522880162]]}, "properties": {"OBJECTID": 322, "FACILITYID": null, "SURFTYPE": "Concrete", "ADACOMPLY": "Yes", "CONDITION": null, "WIDTH": 6, "INSTALLDATE": null, "OWNEDBY": null, "MAINTBY": null, "LASTUPDATE": null, "LASTEDITOR": null, "Shape__Length": 62.559812945269286, "GlobalID": "39dd08ef-72ce-4b36-a6dc-a222a741d107", "Status": null, "CreationDate": 1758294013017, "Creator": "dsimsGT", "EditDate": 1758294013017, "Editor": "dsimsGT"}}, {"type": "Feature", "id": 323, "geometry": {"type": "LineString", "coordinates": [[-84.4062555813034, 33.7787522880162], [-84.4062565873002, 33.7788720063837], [-84.4062562635942, 33.7789973482229], [-84.4062572476888, 33.7791091979202]]}, "properties": {"OBJECTID": 323, "FACILITYID": null, "SURFTYPE": "Concrete", "ADACOMPLY": "Yes", "CONDITION": null, "WIDTH": 12, "INSTALLDATE": null, "OWNEDBY": null, "MAINTBY": null, "LASTUPDATE": null, "LASTEDITOR": null, "Shape__Length": 129.87126976269576, "GlobalID": "153a8f77-3612-44ed-9571-749ea23e7f47", "Status": null, "CreationDate": 1758294013017, "Creator": "dsimsGT", "EditDate": 1758294013017, "Editor": "dsimsGT"}}, {"type": "Feature", "id": 324, "geometry": {"type": "LineString", "coordinates": [[-84.4062572476888, 33.7791091979202], [-84.4062488026123, 33.779218818106]]}, "properties": {"OBJECTID": 324, "FACILITYID": null, "SURFTYPE": "Concrete", "ADACOMPLY": "Yes", "CONDITION": null, "WIDTH": 12, "INSTALLDATE": null, "OWNEDBY": null, "MAINTBY": null, "LASTUPDATE": null, "LASTEDITOR": null, "Shape__Length": 39.9700106313799, "GlobalID": "389636fa-6613-4e63-9ea4-7bae593f4d43", "Status": null, "CreationDate": 1758294013017, "Creator": "dsimsGT", "EditDate": 1758294013017, "Editor": "dsimsGT"}}, {"type": "Feature", "id": 325, "geometry": {"type": "LineString", "coordinates": [[-84.4062488026123, 33.779218818106], [-84.4062491390587, 33.7793396621232], [-84.40624923608, 33.779374509842]]}, "properties": {"OBJECTID": 325, "FACILITYID": null, "SURFTYPE": "Concrete", "ADACOMPLY": "Yes", "CONDITION": null, "WIDTH": 12, "INSTALLDATE": null, "OWNEDBY": null, "MAINTBY": null, "LASTUPDATE": null, "LASTEDITOR": null, "Shape__Length": 56.65178958326578, "GlobalID": "3c1aaaeb-c772-4ff8-9ad0-a754aebbe25b", "Status": null, "CreationDate": 1758294013017, "Creator": "dsimsGT", "EditDate": 1758294013017, "Editor": "dsimsGT"}}, {"type": "Feature", "id": 326, "geometry": {"type": "LineString", "coordinates": [[-84.40624923608, 33.779374509842], [-84.4062491220615, 33.7795751688696]]}, "properties": {"OBJECTID": 326, "FACILITYID": null, "SURFTYPE": "Concrete", "ADACOMPLY": "Yes", "CONDITION": null, "WIDTH": 12, "INSTALLDATE": null, "OWNEDBY": null, "MAINTBY": null, "LASTUPDATE": null, "LASTEDITOR": null, "Shape__Length": 73.01391959163342, "GlobalID": "6b755aa2-55e5-4b50-ac0f-d10fd899c8ee", "Status": null, "CreationDate": 1758294013017, "Creator": "dsimsGT", "EditDate": 1758294013017, "Editor": "dsimsGT"}}, {"type": "Feature", "id": 327, "geometry": {"type": "LineString", "coordinates": [[-84.4020738840287, 33.7780123043356], [-84.4021106542107, 33.7780347448135], [-84.4021695344924, 33.7780529774601], [-84.4022249508598, 33.7780553764815], [-84.4022653590689, 33.7780558565647], [-84.4023023039728, 33.7780462600819], [-84.4023409803871, 33.7780381038249], [-84.4023888918923, 33.7780390627414], [-84.4024258364972, 33.7780553769735], [-84.4024570091839, 33.7780745694737], [-84.4024754813915, 33.7780990401565], [-84.4024870256974, 33.7781206315783], [-84.4024951077879, 33.7781652541804], [-84.4025118479609, 33.7782069983944], [-84.4025476379822, 33.778244423352], [-84.4029938572473, 33.7785313514436], [-84.4031855069084, 33.7786052424636], [-84.4034579720018, 33.7786892091776]]}, "properties": {"OBJECTID": 327, "FACILITYID": null, "SURFTYPE": "Concrete", "ADACOMPLY": "No", "CONDITION": "Good", "WIDTH": 12, "INSTALLDATE": null, "OWNEDBY": null, "MAINTBY": null, "LASTUPDATE": null, "LASTEDITOR": null, "Shape__Length": 517.4786680447696, "GlobalID": "4036e584-501e-4d17-af9e-5ecfb273325b", "Status": null, "CreationDate": 1758294013017, "Creator": "dsimsGT", "EditDate": 1758294013017, "Editor": "dsimsGT"}}, {"type": "Feature", "id": 328, "geometry": {"type": "LineString", "coordinates": [[-84.4034579720018, 33.7786892091776], [-84.4034475815549, 33.7787170387394], [-84.4034914529054, 33.7789243162722], [-84.4034949161735, 33.778951186041]]}, "properties": {"OBJECTID": 328, "FACILITYID": null, "SURFTYPE": "Concrete", "ADACOMPLY": "Yes", "CONDITION": "Good", "WIDTH": 10, "INSTALLDATE": null, "OWNEDBY": null, "MAINTBY": null, "LASTUPDATE": null, "LASTEDITOR": null, "Shape__Length": 97.0318562735612, "GlobalID": "80b5df72-bc54-426f-9ec4-e3a29f6a7d4a", "Status": null, "CreationDate": 1758294013017, "Creator": "dsimsGT", "EditDate": 1758294013017, "Editor": "dsimsGT"}}, {"type": "Feature", "id": 329, "geometry": {"type": "LineString", "coordinates": [[-84.4035375620952, 33.7786284582669], [-84.4036092133303, 33.7787036040751], [-84.4036288396469, 33.7787290335259], [-84.4036519303584, 33.7787448672611]]}, "properties": {"OBJECTID": 329, "FACILITYID": null, "SURFTYPE": "Concrete", "ADACOMPLY": "Yes", "CONDITION": "Good", "WIDTH": 10, "INSTALLDATE": null, "OWNEDBY": null, "MAINTBY": null, "LASTUPDATE": null, "LASTEDITOR": null, "Shape__Length": 55.039118144910574, "GlobalID": "7de1f136-1ad9-4ea5-9f70-a01e3f2c865b", "Status": null, "CreationDate": 1758294013017, "Creator": "dsimsGT", "EditDate": 1758294013017, "Editor": "dsimsGT"}}, {"type": "Feature", "id": 330, "geometry": {"type": "LineString", "coordinates": [[-84.4034579720018, 33.7786892091776], [-84.4035826592711, 33.7787208765926], [-84.4036288396469, 33.7787290335259]]}, "properties": {"OBJECTID": 330, "FACILITYID": null, "SURFTYPE": "Concrete", "ADACOMPLY": "Yes", "CONDITION": "Good", "WIDTH": 6, "INSTALLDATE": null, "OWNEDBY": null, "MAINTBY": null, "LASTUPDATE": null, "LASTEDITOR": null, "Shape__Length": 53.94283111797543, "GlobalID": "f8df28c5-eda1-4ae2-bdca-048fe539a3a4", "Status": null, "CreationDate": 1758294013017, "Creator": "dsimsGT", "EditDate": 1758294013017, "Editor": "dsimsGT"}}, {"type": "Feature", "id": 331, "geometry": {"type": "LineString", "coordinates": [[-84.4034949161735, 33.778951186041], [-84.4035341696128, 33.7789583825192], [-84.4037425600371, 33.7789617413375], [-84.4037835446674, 33.7789631809751], [-84.4037800818968, 33.7790058844127], [-84.4041340607603, 33.7790138163353]]}, "properties": {"OBJECTID": 331, "FACILITYID": null, "SURFTYPE": "Concrete", "ADACOMPLY": "Yes", "CONDITION": "Good", "WIDTH": 6, "INSTALLDATE": null, "OWNEDBY": null, "MAINTBY": null, "LASTUPDATE": null, "LASTEDITOR": null, "Shape__Length": 211.17796984659435, "GlobalID": "be5e299d-d79b-4cb2-9a09-5696a1f8cb7c", "Status": null, "CreationDate": 1758294013017, "Creator": "dsimsGT", "EditDate": 1758294013017, "Editor": "dsimsGT"}}, {"type": "Feature", "id": 332, "geometry": {"type": "LineString", "coordinates": [[-84.4034914529054, 33.7789243162722], [-84.403476444734, 33.7789550246524], [-84.4034348819444, 33.7790538649483], [-84.40342787541, 33.7793238453341]]}, "properties": {"OBJECTID": 332, "FACILITYID": null, "SURFTYPE": "Concrete", "ADACOMPLY": "Yes", "CONDITION": "Good", "WIDTH": 6, "INSTALLDATE": null, "OWNEDBY": null, "MAINTBY": null, "LASTUPDATE": null, "LASTEDITOR": null, "Shape__Length": 148.44751770417614, "GlobalID": "b8b7dc9e-8820-4dcd-9df8-395802910fa9", "Status": null, "CreationDate": 1758294013017, "Creator": "dsimsGT", "EditDate": 1758294013017, "Editor": "dsimsGT"}}, {"type": "Feature", "id": 333, "geometry": {"type": "LineString", "coordinates": [[-84.4041294422948, 33.7792914868517], [-84.4040438874124, 33.779292329493], [-84.4037712902585, 33.7792898690844]]}, "properties": {"OBJECTID": 333, "FACILITYID": null, "SURFTYPE": "Concrete", "ADACOMPLY": "Yes", "CONDITION": "Good", "WIDTH": 6, "INSTALLDATE": null, "OWNEDBY": null, "MAINTBY": null, "LASTUPDATE": null, "LASTEDITOR": null, "Shape__Length": 108.83189070777388, "GlobalID": "e4378210-05b8-4dc8-895c-ee618a970a1a", "Status": null, "CreationDate": 1758294013017, "Creator": "dsimsGT", "EditDate": 1758294013017, "Editor": "dsimsGT"}}, {"type": "Feature", "id": 334, "geometry": {"type": "LineString", "coordinates": [[-84.4037684525474, 33.7793419421774], [-84.4037712902585, 33.7792898690844], [-84.4037714227573, 33.7792654602352]]}, "properties": {"OBJECTID": 334, "FACILITYID": null, "SURFTYPE": "Concrete", "ADACOMPLY": "No", "CONDITION": "Good", "WIDTH": 6, "INSTALLDATE": null, "OWNEDBY": null, "MAINTBY": null, "LASTUPDATE": null, "LASTEDITOR": null, "Shape__Length": 27.849222160772555, "GlobalID": "eaef23a1-31da-4131-9cb3-4370037dd671", "Status": null, "CreationDate": 1758294013017, "Creator": "dsimsGT", "EditDate": 1758294013017, "Editor": "dsimsGT"}}, {"type": "Feature", "id": 335, "geometry": {"type": "LineString", "coordinates": [[-84.403597090258, 33.7789593969106], [-84.4035936279974, 33.7788854519404], [-84.4035930504118, 33.7788705776098], [-84.4036612375139, 33.7788710282438], [-84.4037396732267, 33.7788705773373]]}, "properties": {"OBJECTID": 335, "FACILITYID": null, "SURFTYPE": "Concrete", "ADACOMPLY": "No", "CONDITION": "Good", "WIDTH": 6, "INSTALLDATE": null, "OWNEDBY": null, "MAINTBY": null, "LASTUPDATE": null, "LASTEDITOR": null, "Shape__Length": 76.89520349550509, "GlobalID": "276c7fbb-bbf9-4889-b457-871010042fe5", "Status": null, "CreationDate": 1758294013017, "Creator": "dsimsGT", "EditDate": 1758294013017, "Editor": "dsimsGT"}}, {"type": "Feature", "id": 336, "geometry": {"type": "LineString", "coordinates": [[-84.4037425600371, 33.7789617413375], [-84.4037396732267, 33.7788705773373]]}, "properties": {"OBJECTID": 336, "FACILITYID": null, "SURFTYPE": "Concrete", "ADACOMPLY": "No", "CONDITION": "Good", "WIDTH": 6, "INSTALLDATE": null, "OWNEDBY": null, "MAINTBY": null, "LASTUPDATE": null, "LASTEDITOR": null, "Shape__Length": 33.18348346000028, "GlobalID": "3c217de7-7890-4a20-9322-2ed94fa77db5", "Status": null, "CreationDate": 1758294013017, "Creator": "dsimsGT", "EditDate": 1758294013017, "Editor": "dsimsGT"}}, {"type": "Feature", "id": 337, "geometry": {"type": "LineString", "coordinates": [[-84.4012487188183, 33.7785243481764], [-84.4013052421312, 33.7785481065241], [-84.4016691248522, 33.778928244514], [-84.4017512036793, 33.7789874709256], [-84.4017695435943, 33.7789982990797], [-84.4017881840765, 33.7790227073273], [-84.4019460283408, 33.7791966379385], [-84.4022076460052, 33.7794771041571], [-84.4022445786459, 33.7795152600554], [-84.4023979123356, 33.7796899389365]]}, "properties": {"OBJECTID": 337, "FACILITYID": null, "SURFTYPE": "Concrete", "ADACOMPLY": "Yes", "CONDITION": "Good", "WIDTH": 6, "INSTALLDATE": null, "OWNEDBY": null, "MAINTBY": null, "LASTUPDATE": null, "LASTEDITOR": null, "Shape__Length": 552.0569038278945, "GlobalID": "b3d7f6bd-a270-4066-ae35-32543706a050", "Status": null, "CreationDate": 1758294013017, "Creator": "dsimsGT", "EditDate": 1758294013017, "Editor": "dsimsGT"}}, {"type": "Feature", "id": 339, "geometry": {"type": "LineString", "coordinates": [[-84.401846806822, 33.7798745260132], [-84.4018432038179, 33.7800460440241], [-84.4018269689186, 33.7800655361967], [-84.4018314789982, 33.7801757409047], [-84.4018694672095, 33.7801741843889]]}, "properties": {"OBJECTID": 339, "FACILITYID": null, "SURFTYPE": "Concrete", "ADACOMPLY": "Yes", "CONDITION": "Good", "WIDTH": 6, "INSTALLDATE": null, "OWNEDBY": null, "MAINTBY": null, "LASTUPDATE": null, "LASTEDITOR": null, "Shape__Length": 122.73957717012439, "GlobalID": "1fee43b0-2b91-49fb-a32b-f02ae3eeba02", "Status": null, "CreationDate": 1758294013017, "Creator": "dsimsGT", "EditDate": 1758294013017, "Editor": "dsimsGT"}}, {"type": "Feature", "id": 340, "geometry": {"type": "LineString", "coordinates": [[-84.402376781551, 33.7796970401283], [-84.4024105395969, 33.7797469162883], [-84.4024772843399, 33.7798263838081]]}, "properties": {"OBJECTID": 340, "FACILITYID": null, "SURFTYPE": "Concrete", "ADACOMPLY": "Yes", "CONDITION": "Good", "WIDTH": 6, "INSTALLDATE": null, "OWNEDBY": null, "MAINTBY": null, "LASTUPDATE": null, "LASTEDITOR": null, "Shape__Length": 56.16548999769401, "GlobalID": "af01dbf2-37fc-4a36-ac66-d2eff4480e76", "Status": null, "CreationDate": 1758294013017, "Creator": "dsimsGT", "EditDate": 1758294013017, "Editor": "dsimsGT"}}, {"type": "Feature", "id": 341, "geometry": {"type": "LineString", "coordinates": [[-84.4026116776664, 33.7799718247027], [-84.402893090591, 33.78027619942], [-84.4030617569489, 33.780454625112], [-84.4031128948144, 33.7804892875837]]}, "properties": {"OBJECTID": 341, "FACILITYID": null, "SURFTYPE": "Concrete", "ADACOMPLY": "Yes", "CONDITION": "Good", "WIDTH": 6, "INSTALLDATE": null, "OWNEDBY": null, "MAINTBY": null, "LASTUPDATE": null, "LASTEDITOR": null, "Shape__Length": 242.64684195587262, "GlobalID": "47ee741c-2c6d-4a16-9e0f-33d942a2669f", "Status": null, "CreationDate": 1758294013017, "Creator": "dsimsGT", "EditDate": 1758912941213, "Editor": "aramirez91_GTFacilities"}}, {"type": "Feature", "id": 342, "geometry": {"type": "LineString", "coordinates": [[-84.4031128948144, 33.7804892875837], [-84.4030446195595, 33.7805146005903], [-84.4027983837582, 33.7805123517279], [-84.4026630892981, 33.7805116015926], [-84.4025341080183, 33.7805123513109], [-84.4023967217658, 33.7805114957819], [-84.4023953849525, 33.7804775755248], [-84.402220506069, 33.7804778959359], [-84.4020427537001, 33.7804765535259], [-84.4020156869474, 33.780474077822], [-84.4019185921752, 33.7804755919922]]}, "properties": {"OBJECTID": 342, "FACILITYID": null, "SURFTYPE": "Concrete", "ADACOMPLY": "Yes", "CONDITION": "Good", "WIDTH": 6, "INSTALLDATE": null, "OWNEDBY": null, "MAINTBY": null, "LASTUPDATE": null, "LASTEDITOR": null, "Shape__Length": 376.84627622474346, "GlobalID": "ebfe020b-e89c-4cd2-8067-1bbfefce6ab0", "Status": null, "CreationDate": 1758294013017, "Creator": "dsimsGT", "EditDate": 1758913078918, "Editor": "aramirez91_GTFacilities"}}, {"type": "Feature", "id": 344, "geometry": {"type": "LineString", "coordinates": [[-84.4018801908345, 33.7798737663118], [-84.4019541453982, 33.7799530824188], [-84.4019811894904, 33.779988791231]]}, "properties": {"OBJECTID": 344, "FACILITYID": null, "SURFTYPE": "Concrete", "ADACOMPLY": "Yes", "CONDITION": "Good", "WIDTH": 6, "INSTALLDATE": null, "OWNEDBY": null, "MAINTBY": null, "LASTUPDATE": null, "LASTEDITOR": null, "Shape__Length": 51.95101101691682, "GlobalID": "cb6c40a1-8826-4eee-861b-fe311309e4b2", "Status": null, "CreationDate": 1758294013017, "Creator": "dsimsGT", "EditDate": 1758294013017, "Editor": "dsimsGT"}}, {"type": "Feature", "id": 345, "geometry": {"type": "LineString", "coordinates": [[-84.4024772843399, 33.7798263838081], [-84.4023825783034, 33.7798841099116], [-84.4022860681981, 33.7799470842903]]}, "properties": {"OBJECTID": 345, "FACILITYID": null, "SURFTYPE": "Concrete", "ADACOMPLY": "Yes", "CONDITION": "Good", "WIDTH": 12, "INSTALLDATE": null, "OWNEDBY": null, "MAINTBY": null, "LASTUPDATE": null, "LASTEDITOR": null, "Shape__Length": 72.84271325733926, "GlobalID": "a46dae78-5b29-44da-9580-ea2e1f66dcdb", "Status": null, "CreationDate": 1758294013017, "Creator": "dsimsGT", "EditDate": 1758294013017, "Editor": "dsimsGT"}}, {"type": "Feature", "id": 346, "geometry": {"type": "LineString", "coordinates": [[-84.4024772843399, 33.7798263838081], [-84.4025377165956, 33.7799006031245], [-84.4026116776664, 33.7799718247027]]}, "properties": {"OBJECTID": 346, "FACILITYID": null, "SURFTYPE": "Concrete", "ADACOMPLY": "Yes", "CONDITION": "Good", "WIDTH": 12, "INSTALLDATE": null, "OWNEDBY": null, "MAINTBY": null, "LASTUPDATE": null, "LASTEDITOR": null, "Shape__Length": 66.95979040828298, "GlobalID": "938f56c5-a91d-486e-acde-6c714ef0f559", "Status": null, "CreationDate": 1758294013017, "Creator": "dsimsGT", "EditDate": 1758294013017, "Editor": "dsimsGT"}}, {"type": "Feature", "id": 348, "geometry": {"type": "LineString", "coordinates": [[-84.4005028005933, 33.7790940691489], [-84.4004924008168, 33.7790787003748], [-84.4004502905054, 33.7790706878384], [-84.400377738079, 33.7790643622276], [-84.4003883927913, 33.7790559287421], [-84.4004442016927, 33.7790491814689], [-84.4004847900775, 33.7790399032225], [-84.4005309600162, 33.7790259871117], [-84.4005674895647, 33.7790095402884], [-84.4006101063216, 33.7789838165478], [-84.4006446074172, 33.7789564058626], [-84.4006415628201, 33.7789445973003], [-84.4006293862088, 33.7789357418275], [-84.4005786511563, 33.7789564055689], [-84.4005304525356, 33.7789779129365], [-84.4004903713111, 33.7789918292322], [-84.4004594225917, 33.7789989982894], [-84.4004208634191, 33.7790036363938], [-84.4003726651543, 33.779007010593], [-84.4003133040761, 33.779007854236], [-84.4002793118662, 33.7790032146756]]}, "properties": {"OBJECTID": 348, "FACILITYID": null, "SURFTYPE": "Gravel", "ADACOMPLY": "No", "CONDITION": "Good", "WIDTH": 6, "INSTALLDATE": null, "OWNEDBY": null, "MAINTBY": null, "LASTUPDATE": null, "LASTEDITOR": null, "Shape__Length": 255.11259018483008, "GlobalID": "28831d31-3454-4685-920e-c2bcc25eba1f", "Status": null, "CreationDate": 1758294013017, "Creator": "dsimsGT", "EditDate": 1758294013017, "Editor": "dsimsGT"}}, {"type": "Feature", "id": 349, "geometry": {"type": "LineString", "coordinates": [[-84.4002793118662, 33.7790032146756], [-84.4002092970422, 33.7789977326154], [-84.4001392820191, 33.7789838164711], [-84.4000946348761, 33.7789648400261], [-84.4000723105361, 33.7789467058661], [-84.4000474501288, 33.7789159218241], [-84.4000398406977, 33.7788914626971], [-84.4000352738261, 33.7788231460112]]}, "properties": {"OBJECTID": 349, "FACILITYID": null, "SURFTYPE": "Gravel", "ADACOMPLY": "No", "CONDITION": "Good", "WIDTH": 6, "INSTALLDATE": null, "OWNEDBY": null, "MAINTBY": null, "LASTUPDATE": null, "LASTEDITOR": null, "Shape__Length": 115.52473749016278, "GlobalID": "d0842f38-db81-486a-8fff-6e71181c6fb1", "Status": null, "CreationDate": 1758294013017, "Creator": "dsimsGT", "EditDate": 1758294013017, "Editor": "dsimsGT"}}, {"type": "Feature", "id": 350, "geometry": {"type": "LineString", "coordinates": [[-84.4000352738261, 33.7788231460112], [-84.400063685987, 33.7788501355023], [-84.4000961564102, 33.7788737505448], [-84.4001296421709, 33.7788855583391], [-84.4001692153974, 33.7788893542554], [-84.4002118330955, 33.778883449844], [-84.4002255314723, 33.7788741729782], [-84.400213355278, 33.7788606775665], [-84.4001864660421, 33.7788442309403], [-84.4001469700382, 33.7788243178688], [-84.4001265976279, 33.7787957352979], [-84.4001057962535, 33.7787666368888], [-84.4000931127869, 33.778740069384], [-84.4000865172263, 33.7787084411161], [-84.4000855021318, 33.7786578360596]]}, "properties": {"OBJECTID": 350, "FACILITYID": null, "SURFTYPE": "Gravel", "ADACOMPLY": "No", "CONDITION": "Good", "WIDTH": 6, "INSTALLDATE": null, "OWNEDBY": null, "MAINTBY": null, "LASTUPDATE": null, "LASTEDITOR": null, "Shape__Length": 163.02726068487442, "GlobalID": "903d13b0-4d85-4658-9cb2-6f773cf296e3", "Status": null, "CreationDate": 1758294013017, "Creator": "dsimsGT", "EditDate": 1758294013017, "Editor": "dsimsGT"}}, {"type": "Feature", "id": 351, "geometry": {"type": "LineString", "coordinates": [[-84.4000855021318, 33.7786578360596], [-84.4001022453041, 33.7786553059139], [-84.4001088400317, 33.7786814521435], [-84.400123554001, 33.7787189834908], [-84.4001372520968, 33.7787362737873], [-84.4001585610486, 33.7787518771193], [-84.4001895095681, 33.7787649502067], [-84.4002204587231, 33.7787750712791], [-84.4002605389901, 33.7787763361734], [-84.4002909810134, 33.7787746492626], [-84.4003244666378, 33.7787716978765], [-84.4003609960855, 33.7787619981698], [-84.4003939739219, 33.7787501899054], [-84.4004411572306, 33.7787269966229], [-84.4004863121824, 33.77869325965], [-84.4005106656994, 33.7786721743759], [-84.4005360328999, 33.7786430760052], [-84.4005487165467, 33.778621991199], [-84.4005593716828, 33.7786030137884], [-84.4005639375598, 33.7785802420486]]}, "properties": {"OBJECTID": 351, "FACILITYID": null, "SURFTYPE": "Gravel", "ADACOMPLY": "No", "CONDITION": "Good", "WIDTH": 6, "INSTALLDATE": null, "OWNEDBY": null, "MAINTBY": null, "LASTUPDATE": null, "LASTEDITOR": null, "Shape__Length": 203.71084351092145, "GlobalID": "d36f366a-08d1-471b-85d9-506582d74a29", "Status": null, "CreationDate": 1758294013017, "Creator": "dsimsGT", "EditDate": 1758294013017, "Editor": "dsimsGT"}}, {"type": "Feature", "id": 352, "geometry": {"type": "LineString", "coordinates": [[-84.4002849966757, 33.7790039901536], [-84.4003204075349, 33.7789926723096], [-84.4003929585786, 33.7789766478284], [-84.4004467382154, 33.7789606228007], [-84.4005020403614, 33.7789382724867], [-84.4005502391841, 33.7789112830908], [-84.4005887984154, 33.7788868239488], [-84.4006202541186, 33.7788632077809], [-84.4006446067629, 33.7788501354564], [-84.4007034595987, 33.77881808557], [-84.4007709381246, 33.7787839274619], [-84.4008160928473, 33.7787628414368], [-84.4008749455003, 33.7787371174534], [-84.4009393799882, 33.7787156097861], [-84.4009764524421, 33.7787142338118]]}, "properties": {"OBJECTID": 352, "FACILITYID": null, "SURFTYPE": "Gravel", "ADACOMPLY": "No", "CONDITION": "Good", "WIDTH": 6, "INSTALLDATE": null, "OWNEDBY": null, "MAINTBY": null, "LASTUPDATE": null, "LASTEDITOR": null, "Shape__Length": 237.92927958577295, "GlobalID": "1508e7c7-ebf8-4db4-9b1e-3ab7cc25b52d", "Status": null, "CreationDate": 1758294013017, "Creator": "dsimsGT", "EditDate": 1758294013017, "Editor": "dsimsGT"}}, {"type": "Feature", "id": 353, "geometry": {"type": "LineString", "coordinates": [[-84.3999025579002, 33.7790126715263], [-84.3998293867482, 33.7789967378659], [-84.3997557880186, 33.7790031181308], [-84.3996739098291, 33.7790103128478], [-84.3996544093541, 33.7790142060279], [-84.3996414581545, 33.7790797453531]]}, "properties": {"OBJECTID": 353, "FACILITYID": null, "SURFTYPE": "Concrete", "ADACOMPLY": "Yes", "CONDITION": "Good", "WIDTH": 12, "INSTALLDATE": null, "OWNEDBY": null, "MAINTBY": null, "LASTUPDATE": null, "LASTEDITOR": null, "Shape__Length": 100.73906543812299, "GlobalID": "da9e0db6-ea94-4f35-abf2-94ba9146e410", "Status": null, "CreationDate": 1758294013017, "Creator": "dsimsGT", "EditDate": 1758912873308, "Editor": "aramirez91_GTFacilities"}}, {"type": "Feature", "id": 355, "geometry": {"type": "LineString", "coordinates": [[-84.3995410548782, 33.7784123144462], [-84.3995402544412, 33.7784732324161], [-84.399542619725, 33.7785233489414]]}, "properties": {"OBJECTID": 355, "FACILITYID": null, "SURFTYPE": "Concrete", "ADACOMPLY": "Yes", "CONDITION": "Good", "WIDTH": 12, "INSTALLDATE": null, "OWNEDBY": null, "MAINTBY": null, "LASTUPDATE": null, "LASTEDITOR": null, "Shape__Length": 40.41765442574912, "GlobalID": "705b740a-9c21-4fc8-995e-b364ec88c610", "Status": null, "CreationDate": 1758294013017, "Creator": "dsimsGT", "EditDate": 1758294013017, "Editor": "dsimsGT"}}, {"type": "Feature", "id": 358, "geometry": {"type": "LineString", "coordinates": [[-84.3990967959215, 33.7781990828415], [-84.3990964170108, 33.7781127612636], [-84.3991010058999, 33.7780572000804], [-84.3991011710866, 33.7779500592484], [-84.3991037670751, 33.7778918094864], [-84.3991050389025, 33.7778222158374], [-84.3991082097654, 33.7777365547902], [-84.3991163874402, 33.7774746502373]]}, "properties": {"OBJECTID": 358, "FACILITYID": null, "SURFTYPE": "Concrete", "ADACOMPLY": "No", "CONDITION": "Good", "WIDTH": 6, "INSTALLDATE": null, "OWNEDBY": null, "MAINTBY": null, "LASTUPDATE": null, "LASTEDITOR": null, "Shape__Length": 263.71269833713586, "GlobalID": "c8d2f1a7-f065-4f77-b175-5182e7952bb7", "Status": null, "CreationDate": 1758294013017, "Creator": "dsimsGT", "EditDate": 1758294013017, "Editor": "dsimsGT"}}, {"type": "Feature", "id": 359, "geometry": {"type": "LineString", "coordinates": [[-84.3991050389025, 33.7778222158374], [-84.3987261083757, 33.7778182620237], [-84.3984454783959, 33.7778149673093], [-84.3983511420375, 33.7778116730938]]}, "properties": {"OBJECTID": 359, "FACILITYID": null, "SURFTYPE": "Concrete", "ADACOMPLY": "No", "CONDITION": "Good", "WIDTH": 6, "INSTALLDATE": null, "OWNEDBY": null, "MAINTBY": null, "LASTUPDATE": null, "LASTEDITOR": null, "Shape__Length": 229.11946568361887, "GlobalID": "e98d1a1b-200d-4653-b1dd-3f1757c46bd5", "Status": null, "CreationDate": 1758294013017, "Creator": "dsimsGT", "EditDate": 1758294013017, "Editor": "dsimsGT"}}, {"type": "Feature", "id": 360, "geometry": {"type": "LineString", "coordinates": [[-84.3984454783959, 33.7778149673093], [-84.3984435621694, 33.7780471966215]]}, "properties": {"OBJECTID": 360, "FACILITYID": null, "SURFTYPE": "Concrete", "ADACOMPLY": "No", "CONDITION": "Good", "WIDTH": 6, "INSTALLDATE": null, "OWNEDBY": null, "MAINTBY": null, "LASTUPDATE": null, "LASTEDITOR": null, "Shape__Length": 84.50336028038565, "GlobalID": "158cb851-970f-428f-84ad-e634c74b9e78", "Status": null, "CreationDate": 1758294013017, "Creator": "dsimsGT", "EditDate": 1758294013017, "Editor": "dsimsGT"}}, {"type": "Feature", "id": 361, "geometry": {"type": "LineString", "coordinates": [[-84.3984378122844, 33.7781866000089], [-84.3984412635969, 33.778098980069]]}, "properties": {"OBJECTID": 361, "FACILITYID": null, "SURFTYPE": "Concrete", "ADACOMPLY": "No", "CONDITION": "Good", "WIDTH": 6, "INSTALLDATE": null, "OWNEDBY": null, "MAINTBY": null, "LASTUPDATE": null, "LASTEDITOR": null, "Shape__Length": 31.89953950815293, "GlobalID": "6d59134c-3239-4ae9-92e5-7c7eef21e644", "Status": null, "CreationDate": 1758294013017, "Creator": "dsimsGT", "EditDate": 1758294013017, "Editor": "dsimsGT"}}, {"type": "Feature", "id": 362, "geometry": {"type": "LineString", "coordinates": [[-84.3991082097654, 33.7777365547902], [-84.3990384487695, 33.7777358963203], [-84.3990400338532, 33.7775711643356], [-84.3989080764464, 33.77757375162]]}, "properties": {"OBJECTID": 362, "FACILITYID": null, "SURFTYPE": "Concrete", "ADACOMPLY": "No", "CONDITION": "Good", "WIDTH": 6, "INSTALLDATE": null, "OWNEDBY": null, "MAINTBY": null, "LASTUPDATE": null, "LASTEDITOR": null, "Shape__Length": 121.24914577731843, "GlobalID": "64059766-b6d3-4740-9205-6fbc5a57a05e", "Status": null, "CreationDate": 1758294013017, "Creator": "dsimsGT", "EditDate": 1758294013017, "Editor": "dsimsGT"}}, {"type": "Feature", "id": 363, "geometry": {"type": "LineString", "coordinates": [[-84.3990400338532, 33.7775711643356], [-84.3990424065851, 33.7774750068621]]}, "properties": {"OBJECTID": 363, "FACILITYID": null, "SURFTYPE": "Concrete", "ADACOMPLY": "No", "CONDITION": "Good", "WIDTH": 6, "INSTALLDATE": null, "OWNEDBY": null, "MAINTBY": null, "LASTUPDATE": null, "LASTEDITOR": null, "Shape__Length": 34.996276742349814, "GlobalID": "831aa670-dcca-4559-ab53-2e31a8e8d365", "Status": null, "CreationDate": 1758294013017, "Creator": "dsimsGT", "EditDate": 1758294013017, "Editor": "dsimsGT"}}, {"type": "Feature", "id": 364, "geometry": {"type": "LineString", "coordinates": [[-84.3991288031673, 33.7770754343976], [-84.3990448023148, 33.7770670375271], [-84.398947611916, 33.777067741332], [-84.3988426415611, 33.7770604932506], [-84.3986936056655, 33.7770611525744], [-84.3986563480392, 33.7770591753497], [-84.3986483242871, 33.7772619078467]]}, "properties": {"OBJECTID": 364, "FACILITYID": null, "SURFTYPE": "Concrete", "ADACOMPLY": "No", "CONDITION": "Good", "WIDTH": 12, "INSTALLDATE": null, "OWNEDBY": null, "MAINTBY": null, "LASTUPDATE": null, "LASTEDITOR": null, "Shape__Length": 217.68441793239765, "GlobalID": "c4fa2291-b105-4bce-9e35-f355b505d39c", "Status": null, "CreationDate": 1758294013017, "Creator": "dsimsGT", "EditDate": 1758294013017, "Editor": "dsimsGT"}}, {"type": "Feature", "id": 365, "geometry": {"type": "LineString", "coordinates": [[-84.3986563478111, 33.7770591756474], [-84.3985796362142, 33.7770537449183], [-84.3985802439742, 33.776830525525], [-84.398577024985, 33.776787924934]]}, "properties": {"OBJECTID": 365, "FACILITYID": null, "SURFTYPE": "Concrete", "ADACOMPLY": "No", "CONDITION": "Good", "WIDTH": 12, "INSTALLDATE": null, "OWNEDBY": null, "MAINTBY": null, "LASTUPDATE": null, "LASTEDITOR": null, "Shape__Length": 120.14821682977556, "GlobalID": "cd898030-adb7-4fa2-9bc8-3400781ed69a", "Status": null, "CreationDate": 1758294013017, "Creator": "dsimsGT", "EditDate": 1758294013017, "Editor": "dsimsGT"}}, {"type": "Feature", "id": 366, "geometry": {"type": "LineString", "coordinates": [[-84.3980288651546, 33.7770856323221], [-84.3983111944541, 33.7770917604941], [-84.3985613307889, 33.7770938811675], [-84.3986563478111, 33.7770591756474]]}, "properties": {"OBJECTID": 366, "FACILITYID": null, "SURFTYPE": "Concrete", "ADACOMPLY": "No", "CONDITION": "Good", "WIDTH": 12, "INSTALLDATE": null, "OWNEDBY": null, "MAINTBY": null, "LASTUPDATE": null, "LASTEDITOR": null, "Shape__Length": 193.34060541994913, "GlobalID": "2473f93c-b851-40be-bf6f-3de7c0968399", "Status": null, "CreationDate": 1758294013017, "Creator": "dsimsGT", "EditDate": 1758294013017, "Editor": "dsimsGT"}}, {"type": "Feature", "id": 367, "geometry": {"type": "LineString", "coordinates": [[-84.3935648755298, 33.7769759141346], [-84.3935474568215, 33.7769949169088]]}, "properties": {"OBJECTID": 367, "FACILITYID": null, "SURFTYPE": "Concrete", "ADACOMPLY": "Yes", "CONDITION": "Good", "WIDTH": 8, "INSTALLDATE": null, "OWNEDBY": null, "MAINTBY": null, "LASTUPDATE": null, "LASTEDITOR": null, "Shape__Length": 8.707764575420445, "GlobalID": "989dd5e1-2dca-4c26-84c6-fbdd379c145e", "Status": null, "CreationDate": 1758294013017, "Creator": "dsimsGT", "EditDate": 1758294013017, "Editor": "dsimsGT"}}, {"type": "Feature", "id": 368, "geometry": {"type": "LineString", "coordinates": [[-84.3935474568215, 33.7769949169088], [-84.3935616097175, 33.7770247788358], [-84.3935536181689, 33.7774070928907]]}, "properties": {"OBJECTID": 368, "FACILITYID": null, "SURFTYPE": "Concrete", "ADACOMPLY": "Yes", "CONDITION": "Good", "WIDTH": 8, "INSTALLDATE": null, "OWNEDBY": null, "MAINTBY": null, "LASTUPDATE": null, "LASTEDITOR": null, "Shape__Length": 150.81982571391657, "GlobalID": "fbcd3ac1-4964-4eba-8995-67a74c5c7224", "Status": null, "CreationDate": 1758294013017, "Creator": "dsimsGT", "EditDate": 1758294013017, "Editor": "dsimsGT"}}, {"type": "Feature", "id": 369, "geometry": {"type": "LineString", "coordinates": [[-84.3935426017637, 33.7774460176044], [-84.3935363258973, 33.7776375101699], [-84.3935367724057, 33.7778343236397], [-84.3935340997549, 33.7781032929858]]}, "properties": {"OBJECTID": 369, "FACILITYID": null, "SURFTYPE": "Concrete", "ADACOMPLY": "Yes", "CONDITION": "Good", "WIDTH": 8, "INSTALLDATE": null, "OWNEDBY": null, "MAINTBY": null, "LASTUPDATE": null, "LASTEDITOR": null, "Shape__Length": 239.19252882827675, "GlobalID": "c6b17b7e-800b-4a9b-a72d-f889763a4969", "Status": null, "CreationDate": 1758294013017, "Creator": "dsimsGT", "EditDate": 1758294013017, "Editor": "dsimsGT"}}, {"type": "Feature", "id": 370, "geometry": {"type": "LineString", "coordinates": [[-84.3935474568215, 33.7769949169088], [-84.3935068955159, 33.7769877638326], [-84.3932540599629, 33.7769818328993], [-84.3930275344558, 33.7769781262559], [-84.3928518429927, 33.7769755315464], [-84.3927573085538, 33.7769736787622], [-84.3925539702001, 33.7769696014679], [-84.3924005750026, 33.7769670067789], [-84.392344389135, 33.7769647832772], [-84.3922453960075, 33.7769647830336], [-84.3921976829311, 33.776961818148], [-84.3921829676219, 33.7769684893103]]}, "properties": {"OBJECTID": 370, "FACILITYID": null, "SURFTYPE": "Concrete", "ADACOMPLY": "No", "CONDITION": "Good", "WIDTH": 8, "INSTALLDATE": null, "OWNEDBY": null, "MAINTBY": null, "LASTUPDATE": null, "LASTEDITOR": null, "Shape__Length": 415.648463562153, "GlobalID": "e7214dfa-510c-49bd-80ba-b7f84e737d5e", "Status": null, "CreationDate": 1758294013017, "Creator": "dsimsGT", "EditDate": 1758294013017, "Editor": "dsimsGT"}}, {"type": "Feature", "id": 371, "geometry": {"type": "LineString", "coordinates": [[-84.3921829676219, 33.7769684893103], [-84.3921655762593, 33.7769510687207]]}, "properties": {"OBJECTID": 371, "FACILITYID": null, "SURFTYPE": "Concrete", "ADACOMPLY": "No", "CONDITION": "Good", "WIDTH": 8, "INSTALLDATE": null, "OWNEDBY": null, "MAINTBY": null, "LASTUPDATE": null, "LASTEDITOR": null, "Shape__Length": 8.252707587711658, "GlobalID": "d8e8b666-efea-423a-882e-d9352deb47e5", "Status": null, "CreationDate": 1758294013017, "Creator": "dsimsGT", "EditDate": 1758294013017, "Editor": "dsimsGT"}}, {"type": "Feature", "id": 372, "geometry": {"type": "LineString", "coordinates": [[-84.3921829676219, 33.7769684893103], [-84.3921704814982, 33.7769803508126], [-84.3921655769704, 33.7771256447038], [-84.3921664682506, 33.7773673082438], [-84.3921642340984, 33.777428630043]]}, "properties": {"OBJECTID": 372, "FACILITYID": null, "SURFTYPE": "Concrete", "ADACOMPLY": "No", "CONDITION": "Good", "WIDTH": 8, "INSTALLDATE": null, "OWNEDBY": null, "MAINTBY": null, "LASTUPDATE": null, "LASTEDITOR": null, "Shape__Length": 168.89374140584022, "GlobalID": "bf036e1d-f56d-42e9-86be-d46fa7609d89", "Status": null, "CreationDate": 1758294013017, "Creator": "dsimsGT", "EditDate": 1758294013017, "Editor": "dsimsGT"}}, {"type": "Feature", "id": 373, "geometry": {"type": "LineString", "coordinates": [[-84.3921625964926, 33.7774716147654], [-84.3921571038933, 33.7776434408159], [-84.3921557663519, 33.7778306170995], [-84.3921563134019, 33.7780768949916]]}, "properties": {"OBJECTID": 373, "FACILITYID": null, "SURFTYPE": "Concrete", "ADACOMPLY": "No", "CONDITION": "Good", "WIDTH": 8, "INSTALLDATE": null, "OWNEDBY": null, "MAINTBY": null, "LASTUPDATE": null, "LASTEDITOR": null, "Shape__Length": 220.26707593047428, "GlobalID": "fe1838de-4eaa-4e0b-bd24-8e8aaaf86f6d", "Status": null, "CreationDate": 1758294013017, "Creator": "dsimsGT", "EditDate": 1758294013017, "Editor": "dsimsGT"}}, {"type": "Feature", "id": 375, "geometry": {"type": "LineString", "coordinates": [[-84.3931028996939, 33.7752593496197], [-84.3931200899659, 33.7753464870744], [-84.3931416887632, 33.7754287267773], [-84.3931821003379, 33.7755405025201], [-84.393265013018, 33.7757443634575], [-84.3932671034876, 33.7757796908443], [-84.3932448075084, 33.7757964862742], [-84.3932147337045, 33.7757945614575], [-84.3930575392676, 33.7757457098992], [-84.3929702870834, 33.7757107695245], [-84.3927731348182, 33.7756091549732], [-84.392674304964, 33.7755461554562], [-84.3925701130468, 33.7754628451468], [-84.3924721205004, 33.7753810003109], [-84.3923900576244, 33.775300234391], [-84.3923083817835, 33.775226602479], [-84.3922305283103, 33.7751773135367], [-84.392158463456, 33.7751602714666]]}, "properties": {"OBJECTID": 375, "FACILITYID": null, "SURFTYPE": "Concrete", "ADACOMPLY": "No", "CONDITION": "Good", "WIDTH": 8, "INSTALLDATE": null, "OWNEDBY": null, "MAINTBY": null, "LASTUPDATE": null, "LASTEDITOR": null, "Shape__Length": 616.759883395122, "GlobalID": "d1fcc00e-0e5d-43b0-a095-e3ed778061e2", "Status": null, "CreationDate": 1758294013017, "Creator": "dsimsGT", "EditDate": 1758911320656, "Editor": "aramirez91_GTFacilities"}}, {"type": "Feature", "id": 377, "geometry": {"type": "LineString", "coordinates": [[-84.3920603405181, 33.7750737063884], [-84.3920666106127, 33.7747922370722], [-84.3920706806825, 33.7742755217341]]}, "properties": {"OBJECTID": 377, "FACILITYID": null, "SURFTYPE": "Concrete", "ADACOMPLY": "No", "CONDITION": "Good", "WIDTH": 8, "INSTALLDATE": null, "OWNEDBY": null, "MAINTBY": null, "LASTUPDATE": null, "LASTEDITOR": null, "Shape__Length": 290.4572510540189, "GlobalID": "ff0328b8-70e2-4cd0-b0af-083f6d9a8c49", "Status": null, "CreationDate": 1758294013017, "Creator": "dsimsGT", "EditDate": 1758294013017, "Editor": "dsimsGT"}}, {"type": "Feature", "id": 378, "geometry": {"type": "LineString", "coordinates": [[-84.3920702962616, 33.7742478795882], [-84.3920749713219, 33.7739762032855]]}, "properties": {"OBJECTID": 378, "FACILITYID": null, "SURFTYPE": "Concrete", "ADACOMPLY": "No", "CONDITION": "Good", "WIDTH": 8, "INSTALLDATE": null, "OWNEDBY": null, "MAINTBY": null, "LASTUPDATE": null, "LASTEDITOR": null, "Shape__Length": 98.8650587395541, "GlobalID": "e2bc5a77-2fee-4893-96cd-797a26212085", "Status": null, "CreationDate": 1758294013017, "Creator": "dsimsGT", "EditDate": 1758911320656, "Editor": "aramirez91_GTFacilities"}}, {"type": "Feature", "id": 379, "geometry": {"type": "LineString", "coordinates": [[-84.3920749713219, 33.7739762032855], [-84.3921049317306, 33.7739594075871], [-84.3923111688934, 33.7739570912329], [-84.3925462253821, 33.7739627582158]]}, "properties": {"OBJECTID": 379, "FACILITYID": null, "SURFTYPE": "Concrete", "ADACOMPLY": "Yes", "CONDITION": "Good", "WIDTH": 8, "INSTALLDATE": null, "OWNEDBY": null, "MAINTBY": null, "LASTUPDATE": null, "LASTEDITOR": null, "Shape__Length": 145.09679576279933, "GlobalID": "c889030b-3088-46e5-a0ab-3ffcdc8221fc", "Status": null, "CreationDate": 1758294013017, "Creator": "dsimsGT", "EditDate": 1758294013017, "Editor": "dsimsGT"}}, {"type": "Feature", "id": 380, "geometry": {"type": "LineString", "coordinates": [[-84.395562183688, 33.773252827893], [-84.3956214069198, 33.7732528286397], [-84.3957022301425, 33.773256303871], [-84.3957907159946, 33.7732539868013], [-84.3960236942074, 33.7732570568307], [-84.3960744278234, 33.7732302273164], [-84.3968214631613, 33.7732363952842]]}, "properties": {"OBJECTID": 380, "FACILITYID": null, "SURFTYPE": "Concrete", "ADACOMPLY": "No", "CONDITION": "Good", "WIDTH": 12, "INSTALLDATE": null, "OWNEDBY": null, "MAINTBY": null, "LASTUPDATE": null, "LASTEDITOR": null, "Shape__Length": 385.5581652599617, "GlobalID": "3b23e7c7-f013-4956-b1f7-4c72830755e7", "Status": null, "CreationDate": 1758294013017, "Creator": "dsimsGT", "EditDate": 1758303089338, "Editor": "dsimsGT"}}, {"type": "Feature", "id": 382, "geometry": {"type": "LineString", "coordinates": [[-84.3955818990136, 33.7724489972721], [-84.3956180292543, 33.7724332174513], [-84.3959842292765, 33.7724367800829], [-84.3960775157255, 33.7724488494203], [-84.3961346063567, 33.7724411962225], [-84.3962010098225, 33.7724383071383], [-84.3963406304756, 33.7724347437601], [-84.3965291444402, 33.7724422570539], [-84.396618406509, 33.7724634183284], [-84.3967098919563, 33.7725075361106], [-84.3967864391983, 33.772578460373], [-84.3968393332453, 33.7726367320023]]}, "properties": {"OBJECTID": 382, "FACILITYID": null, "SURFTYPE": "Concrete", "ADACOMPLY": "Yes", "CONDITION": "Good", "WIDTH": 8, "INSTALLDATE": null, "OWNEDBY": null, "MAINTBY": null, "LASTUPDATE": null, "LASTEDITOR": null, "Shape__Length": 411.58483441440103, "GlobalID": "f1c6d8d5-099f-4e95-a438-ff03aad5258a", "Status": null, "CreationDate": 1758294013017, "Creator": "dsimsGT", "EditDate": 1758294013017, "Editor": "dsimsGT"}}, {"type": "Feature", "id": 384, "geometry": {"type": "LineString", "coordinates": [[-84.397163048762, 33.7729137470303], [-84.3971942799622, 33.7729285091536], [-84.3972573551362, 33.7729397070542], [-84.3973982009145, 33.7730257346281]]}, "properties": {"OBJECTID": 384, "FACILITYID": null, "SURFTYPE": "Concrete", "ADACOMPLY": "No", "CONDITION": "Good", "WIDTH": 8, "INSTALLDATE": null, "OWNEDBY": null, "MAINTBY": null, "LASTUPDATE": null, "LASTEDITOR": null, "Shape__Length": 83.52535417058996, "GlobalID": "dc3ea56c-c16e-4e8c-b8f1-f86ea28afbe5", "Status": null, "CreationDate": 1758294013017, "Creator": "dsimsGT", "EditDate": 1758294013017, "Editor": "dsimsGT"}}, {"type": "Feature", "id": 385, "geometry": {"type": "LineString", "coordinates": [[-84.3974453534592, 33.7730532213897], [-84.3975923232295, 33.7731249961817], [-84.3976756060395, 33.773161646703], [-84.3978440087143, 33.7732242576628]]}, "properties": {"OBJECTID": 385, "FACILITYID": null, "SURFTYPE": "Concrete", "ADACOMPLY": "Yes", "CONDITION": "Good", "WIDTH": 8, "INSTALLDATE": null, "OWNEDBY": null, "MAINTBY": null, "LASTUPDATE": null, "LASTEDITOR": null, "Shape__Length": 136.35766229262163, "GlobalID": "9f113ebc-0ea5-4af9-a22b-b476435ac04d", "Status": null, "CreationDate": 1758294013017, "Creator": "dsimsGT", "EditDate": 1758294013017, "Editor": "dsimsGT"}}, {"type": "Feature", "id": 386, "geometry": {"type": "LineString", "coordinates": [[-84.3978966742444, 33.7732425821575], [-84.3979505623817, 33.7732598896167], [-84.3981134529939, 33.7733021397249], [-84.3983148714502, 33.7733347526634]]}, "properties": {"OBJECTID": 386, "FACILITYID": null, "SURFTYPE": "Concrete", "ADACOMPLY": "Yes", "CONDITION": "Good", "WIDTH": 8, "INSTALLDATE": null, "OWNEDBY": null, "MAINTBY": null, "LASTUPDATE": null, "LASTEDITOR": null, "Shape__Length": 131.72042679556094, "GlobalID": "1a57ccaa-429a-4d55-a0d1-27033b7a884b", "Status": null, "CreationDate": 1758294013017, "Creator": "dsimsGT", "EditDate": 1758294013017, "Editor": "dsimsGT"}}, {"type": "Feature", "id": 388, "geometry": {"type": "LineString", "coordinates": [[-84.3992161296152, 33.7734809898976], [-84.3990743071914, 33.7734538624017], [-84.3987891702421, 33.7734109126937], [-84.3985332474042, 33.7733628404767]]}, "properties": {"OBJECTID": 388, "FACILITYID": null, "SURFTYPE": "Concrete", "ADACOMPLY": "Yes", "CONDITION": "Good", "WIDTH": 8, "INSTALLDATE": null, "OWNEDBY": null, "MAINTBY": null, "LASTUPDATE": null, "LASTEDITOR": null, "Shape__Length": 211.9663369828878, "GlobalID": "a354df9a-765e-4ad9-a795-18a3a0eaf366", "Status": null, "CreationDate": 1758294013017, "Creator": "dsimsGT", "EditDate": 1758294013017, "Editor": "dsimsGT"}}, {"type": "Feature", "id": 389, "geometry": {"type": "LineString", "coordinates": [[-84.3991920709353, 33.7734763886257], [-84.3991900838619, 33.7735986179477], [-84.3991872128462, 33.7738539280639], [-84.3991900847602, 33.7739875479525], [-84.3991772325634, 33.7741218307127]]}, "properties": {"OBJECTID": 389, "FACILITYID": null, "SURFTYPE": "Concrete", "ADACOMPLY": "Yes", "CONDITION": "Good", "WIDTH": 8, "INSTALLDATE": null, "OWNEDBY": null, "MAINTBY": null, "LASTUPDATE": null, "LASTEDITOR": null, "Shape__Length": 235.02892384391163, "GlobalID": "a525241b-7005-4488-9a92-9ab5350b1fb7", "Status": null, "CreationDate": 1758294013017, "Creator": "dsimsGT", "EditDate": 1758294013017, "Editor": "dsimsGT"}}, {"type": "Feature", "id": 390, "geometry": {"type": "LineString", "coordinates": [[-84.3954402497423, 33.7714018061855], [-84.3949320685479, 33.7713980395933], [-84.3948571421511, 33.7714001888329], [-84.3948020411015, 33.7714010102159], [-84.3941236455351, 33.7713874887648], [-84.3939399330499, 33.7713898748562], [-84.393761961486, 33.7713866941286], [-84.393645228371, 33.7713890800453], [-84.3932632477005, 33.7713931090476], [-84.3931565593529, 33.7713929261866], [-84.392888371577, 33.7713882840453], [-84.3927534584734, 33.771387488951], [-84.392373595409, 33.7713851032768], [-84.3922549471768, 33.7713851029035], [-84.3921599954847, 33.7713943082745]]}, "properties": {"OBJECTID": 390, "FACILITYID": null, "SURFTYPE": "Concrete", "ADACOMPLY": "Yes", "CONDITION": "Good", "WIDTH": 12, "INSTALLDATE": null, "OWNEDBY": null, "MAINTBY": null, "LASTUPDATE": null, "LASTEDITOR": null, "Shape__Length": 997.1386125977488, "GlobalID": "4ba1cfe9-4407-4124-9cbb-b1632e2042df", "Status": null, "CreationDate": 1758294013017, "Creator": "dsimsGT", "EditDate": 1758911320656, "Editor": "aramirez91_GTFacilities"}}, {"type": "Feature", "id": 391, "geometry": {"type": "LineString", "coordinates": [[-84.3921599954847, 33.7713943082745], [-84.3921669187254, 33.7714439613468], [-84.392113336349, 33.7715378157615], [-84.3920913288706, 33.7716261024862], [-84.3920587964543, 33.7719092573124]]}, "properties": {"OBJECTID": 391, "FACILITYID": null, "SURFTYPE": "Concrete", "ADACOMPLY": "Yes", "CONDITION": "Good", "WIDTH": 12, "INSTALLDATE": null, "OWNEDBY": null, "MAINTBY": null, "LASTUPDATE": null, "LASTEDITOR": null, "Shape__Length": 192.3414514209192, "GlobalID": "db4ca5f2-3ee5-475d-9283-4ca2115f38bc", "Status": null, "CreationDate": 1758294013017, "Creator": "dsimsGT", "EditDate": 1758911320656, "Editor": "aramirez91_GTFacilities"}}, {"type": "Feature", "id": 392, "geometry": {"type": "LineString", "coordinates": [[-84.3920587964543, 33.7719092573124], [-84.3920568824134, 33.771974477324], [-84.3920520985126, 33.7729034701465], [-84.3920855876284, 33.7729718723386], [-84.3920865446769, 33.7731245825238], [-84.3920693217038, 33.7735628268518], [-84.3920702783564, 33.7738205226894], [-84.3920482716907, 33.7738491560715]]}, "properties": {"OBJECTID": 392, "FACILITYID": null, "SURFTYPE": "Concrete", "ADACOMPLY": "Yes", "CONDITION": "Good", "WIDTH": 12, "INSTALLDATE": null, "OWNEDBY": null, "MAINTBY": null, "LASTUPDATE": null, "LASTEDITOR": null, "Shape__Length": 709.9295821817564, "GlobalID": "27d7e844-8b0c-41da-9a0e-4c273391daef", "Status": null, "CreationDate": 1758294013017, "Creator": "dsimsGT", "EditDate": 1758294013017, "Editor": "dsimsGT"}}, {"type": "Feature", "id": 393, "geometry": {"type": "LineString", "coordinates": [[-84.3920702783564, 33.7738205226894], [-84.3921745738449, 33.773838816029], [-84.3926204584653, 33.7738404069965], [-84.3932385728635, 33.7738547235827], [-84.3936490556716, 33.7738451791062], [-84.3937638759089, 33.7738539275937]]}, "properties": {"OBJECTID": 393, "FACILITYID": null, "SURFTYPE": "Concrete", "ADACOMPLY": "Yes", "CONDITION": "Good", "WIDTH": 12, "INSTALLDATE": null, "OWNEDBY": null, "MAINTBY": null, "LASTUPDATE": null, "LASTEDITOR": null, "Shape__Length": 515.5936449290426, "GlobalID": "86016f55-0e06-46cd-a773-750262fba91c", "Status": null, "CreationDate": 1758294013017, "Creator": "dsimsGT", "EditDate": 1758294013017, "Editor": "dsimsGT"}}, {"type": "Feature", "id": 394, "geometry": {"type": "LineString", "coordinates": [[-84.3954563628281, 33.7723772225441], [-84.3951624228818, 33.7723721326719], [-84.3951207818894, 33.7723711142518]]}, "properties": {"OBJECTID": 394, "FACILITYID": null, "SURFTYPE": "Brickpaver", "ADACOMPLY": "Yes", "CONDITION": "Good", "WIDTH": 16, "INSTALLDATE": null, "OWNEDBY": null, "MAINTBY": null, "LASTUPDATE": null, "LASTEDITOR": null, "Shape__Length": 101.99974508904542, "GlobalID": "ac4423b0-3abb-45cb-895a-f65a728d79f8", "Status": null, "CreationDate": 1758294013017, "Creator": "dsimsGT", "EditDate": 1758294013017, "Editor": "dsimsGT"}}, {"type": "Feature", "id": 395, "geometry": {"type": "LineString", "coordinates": [[-84.3951207818894, 33.7723711142518], [-84.3950595437994, 33.7724327076517], [-84.3950485213574, 33.7724892111511], [-84.3950105540141, 33.7725788010418], [-84.3949468670277, 33.7726546477249], [-84.3948727560678, 33.7727118864169], [-84.3947992848789, 33.7727457647783], [-84.3947013052541, 33.7727645992327], [-84.3945286161418, 33.7727595091748], [-84.3942830543261, 33.7727534009838], [-84.3940975048034, 33.7727472926319]]}, "properties": {"OBJECTID": 395, "FACILITYID": null, "SURFTYPE": "Brickpaver", "ADACOMPLY": "Yes", "CONDITION": "Good", "WIDTH": 16, "INSTALLDATE": null, "OWNEDBY": null, "MAINTBY": null, "LASTUPDATE": null, "LASTEDITOR": null, "Shape__Length": 388.5693449858791, "GlobalID": "7019e31f-2a2f-429a-b4da-7a6a1275d16c", "Status": null, "CreationDate": 1758294013017, "Creator": "dsimsGT", "EditDate": 1758294013017, "Editor": "dsimsGT"}}, {"type": "Feature", "id": 396, "geometry": {"type": "LineString", "coordinates": [[-84.3940975048034, 33.7727472926319], [-84.3940980286206, 33.7725177192893], [-84.3940962801669, 33.7723303916326], [-84.394134250738, 33.7723201456083], [-84.3942371260526, 33.7723151203975], [-84.3942916266819, 33.77230341202], [-84.3944300234075, 33.7722626896351], [-84.3945965899596, 33.7722290931275], [-84.394704367452, 33.772215348513], [-84.3947870381806, 33.7722255295719], [-84.3949407439121, 33.7722474179032], [-84.3950528085285, 33.7722759245944], [-84.395082201842, 33.7722993402062], [-84.3951103708631, 33.7723329368291], [-84.3951207818894, 33.7723711142518]]}, "properties": {"OBJECTID": 396, "FACILITYID": null, "SURFTYPE": "Brickpaver", "ADACOMPLY": "Yes", "CONDITION": "Good", "WIDTH": 16, "INSTALLDATE": null, "OWNEDBY": null, "MAINTBY": null, "LASTUPDATE": null, "LASTEDITOR": null, "Shape__Length": 491.921359486261, "GlobalID": "d9b22cfc-a32e-43bb-92e2-5cadf90338db", "Status": null, "CreationDate": 1758294013017, "Creator": "dsimsGT", "EditDate": 1758294013017, "Editor": "dsimsGT"}}, {"type": "Feature", "id": 397, "geometry": {"type": "LineString", "coordinates": [[-84.394704367452, 33.772215348513], [-84.3947062048965, 33.7721476463603], [-84.3947062049259, 33.7721333939426], [-84.3947103833462, 33.7720478654043]]}, "properties": {"OBJECTID": 397, "FACILITYID": null, "SURFTYPE": "Concrete", "ADACOMPLY": "No", "CONDITION": "Good", "WIDTH": 12, "INSTALLDATE": null, "OWNEDBY": null, "MAINTBY": null, "LASTUPDATE": null, "LASTEDITOR": null, "Shape__Length": 60.974282190909506, "GlobalID": "49a74cb8-9920-49ca-920c-b532cdd06023", "Status": null, "CreationDate": 1758294013017, "Creator": "dsimsGT", "EditDate": 1758294013017, "Editor": "dsimsGT"}}, {"type": "Feature", "id": 398, "geometry": {"type": "LineString", "coordinates": [[-84.3940962801669, 33.7723303916326], [-84.3940938303974, 33.7722723612985], [-84.394095054976, 33.7721858247675], [-84.3941122015366, 33.7721328842129], [-84.3941575174587, 33.7720819808638], [-84.3942468997563, 33.7720364431298], [-84.3943932811277, 33.7720275136499], [-84.394610846429, 33.7720246622248], [-84.3946878475264, 33.77202704371], [-84.3947123278755, 33.7720275133223]]}, "properties": {"OBJECTID": 398, "FACILITYID": null, "SURFTYPE": "Concrete", "ADACOMPLY": "Yes", "CONDITION": "Good", "WIDTH": 12, "INSTALLDATE": null, "OWNEDBY": null, "MAINTBY": null, "LASTUPDATE": null, "LASTEDITOR": null, "Shape__Length": 269.0491864117243, "GlobalID": "a6d763f3-3f06-43d3-b26f-2cb9e356759a", "Status": null, "CreationDate": 1758294013017, "Creator": "dsimsGT", "EditDate": 1758294013017, "Editor": "dsimsGT"}}, {"type": "Feature", "id": 399, "geometry": {"type": "LineString", "coordinates": [[-84.3946182432074, 33.772024268066], [-84.3945702571593, 33.771958793039], [-84.3944765645085, 33.7718849818368], [-84.3944190011411, 33.7718534220463]]}, "properties": {"OBJECTID": 399, "FACILITYID": null, "SURFTYPE": "Concrete", "ADACOMPLY": "Yes", "CONDITION": "Good", "WIDTH": 12, "INSTALLDATE": null, "OWNEDBY": null, "MAINTBY": null, "LASTUPDATE": null, "LASTEDITOR": null, "Shape__Length": 87.99760201316785, "GlobalID": "641bdb5f-0361-4580-a5dd-d8f69e77ec40", "Status": null, "CreationDate": 1758294013017, "Creator": "dsimsGT", "EditDate": 1758294013017, "Editor": "dsimsGT"}}, {"type": "Feature", "id": 400, "geometry": {"type": "LineString", "coordinates": [[-84.3943461281336, 33.771803027004], [-84.3939242025167, 33.7714925109642]]}, "properties": {"OBJECTID": 400, "FACILITYID": null, "SURFTYPE": "Concrete", "ADACOMPLY": "Yes", "CONDITION": "Good", "WIDTH": 12, "INSTALLDATE": null, "OWNEDBY": null, "MAINTBY": null, "LASTUPDATE": null, "LASTEDITOR": null, "Shape__Length": 170.8949025932738, "GlobalID": "d5ae9a02-de33-4d3d-afa7-e251049aae52", "Status": null, "CreationDate": 1758294013017, "Creator": "dsimsGT", "EditDate": 1758294013017, "Editor": "dsimsGT"}}, {"type": "Feature", "id": 401, "geometry": {"type": "LineString", "coordinates": [[-84.394843653524, 33.7714003895936], [-84.3948413458703, 33.7714955308089], [-84.3947754023703, 33.7715434150358], [-84.3944190005975, 33.7718030268951]]}, "properties": {"OBJECTID": 401, "FACILITYID": null, "SURFTYPE": "Concrete", "ADACOMPLY": "Yes", "CONDITION": "Good", "WIDTH": 12, "INSTALLDATE": null, "OWNEDBY": null, "MAINTBY": null, "LASTUPDATE": null, "LASTEDITOR": null, "Shape__Length": 204.8926368447334, "GlobalID": "2cfc8410-bb13-41f4-99b6-a5b4a48178d9", "Status": null, "CreationDate": 1758294013017, "Creator": "dsimsGT", "EditDate": 1758911320656, "Editor": "aramirez91_GTFacilities"}}, {"type": "Feature", "id": 402, "geometry": {"type": "LineString", "coordinates": [[-84.3943393923508, 33.7718590212199], [-84.394123836206, 33.7720112244652], [-84.3940509641071, 33.7720392216055]]}, "properties": {"OBJECTID": 402, "FACILITYID": null, "SURFTYPE": "Concrete", "ADACOMPLY": "Yes", "CONDITION": "Good", "WIDTH": 12, "INSTALLDATE": null, "OWNEDBY": null, "MAINTBY": null, "LASTUPDATE": null, "LASTEDITOR": null, "Shape__Length": 110.15272682962761, "GlobalID": "a32f6fd4-0974-4a1a-8367-9490f8a6dcd8", "Status": null, "CreationDate": 1758294013017, "Creator": "dsimsGT", "EditDate": 1758294013017, "Editor": "dsimsGT"}}, {"type": "Feature", "id": 403, "geometry": {"type": "LineString", "coordinates": [[-84.3941122015366, 33.7721328842129], [-84.3940644358213, 33.7720967429397], [-84.3940509641071, 33.7720392216055], [-84.394004423495, 33.7719878085692], [-84.3939388996273, 33.7718829462605], [-84.3939039943252, 33.7718101534171]]}, "properties": {"OBJECTID": 403, "FACILITYID": null, "SURFTYPE": "Concrete", "ADACOMPLY": "Yes", "CONDITION": "Good", "WIDTH": 12, "INSTALLDATE": null, "OWNEDBY": null, "MAINTBY": null, "LASTUPDATE": null, "LASTEDITOR": null, "Shape__Length": 135.93610384283298, "GlobalID": "9233060a-c80e-469b-898b-00dd14dc8fee", "Status": null, "CreationDate": 1758294013017, "Creator": "dsimsGT", "EditDate": 1758294013017, "Editor": "dsimsGT"}}, {"type": "Feature", "id": 404, "geometry": {"type": "LineString", "coordinates": [[-84.3939039943252, 33.7718101534171], [-84.3938801121838, 33.7717994632153], [-84.3937717214607, 33.7717999719819]]}, "properties": {"OBJECTID": 404, "FACILITYID": null, "SURFTYPE": "Concrete", "ADACOMPLY": "No", "CONDITION": "Good", "WIDTH": 12, "INSTALLDATE": null, "OWNEDBY": null, "MAINTBY": null, "LASTUPDATE": null, "LASTEDITOR": null, "Shape__Length": 41.172120359757166, "GlobalID": "fece60d5-dab7-413d-bb6a-401811b7d8c6", "Status": null, "CreationDate": 1758294013017, "Creator": "dsimsGT", "EditDate": 1758294013017, "Editor": "dsimsGT"}}, {"type": "Feature", "id": 405, "geometry": {"type": "LineString", "coordinates": [[-84.3939039943252, 33.7718101534171], [-84.3939199155811, 33.771776047053]]}, "properties": {"OBJECTID": 405, "FACILITYID": null, "SURFTYPE": "Concrete", "ADACOMPLY": "Yes", "CONDITION": "Good", "WIDTH": 12, "INSTALLDATE": null, "OWNEDBY": null, "MAINTBY": null, "LASTUPDATE": null, "LASTEDITOR": null, "Shape__Length": 13.320002869585354, "GlobalID": "078d976a-694e-42a7-8d30-8872ffb12ca5", "Status": null, "CreationDate": 1758294013017, "Creator": "dsimsGT", "EditDate": 1758294013017, "Editor": "dsimsGT"}}, {"type": "Feature", "id": 406, "geometry": {"type": "LineString", "coordinates": [[-84.3939199155811, 33.771776047053], [-84.3939039940466, 33.7716431872369], [-84.3939015453376, 33.7715286530403], [-84.3939242025167, 33.7714925109642]]}, "properties": {"OBJECTID": 406, "FACILITYID": null, "SURFTYPE": "Concrete", "ADACOMPLY": "No", "CONDITION": "Good", "WIDTH": 12, "INSTALLDATE": null, "OWNEDBY": null, "MAINTBY": null, "LASTUPDATE": null, "LASTEDITOR": null, "Shape__Length": 105.11166294579992, "GlobalID": "ec66d3c1-5752-4134-8af7-8cb94b704674", "Status": null, "CreationDate": 1758294013017, "Creator": "dsimsGT", "EditDate": 1758294013017, "Editor": "dsimsGT"}}, {"type": "Feature", "id": 407, "geometry": {"type": "LineString", "coordinates": [[-84.3939242025167, 33.7714925109642], [-84.393835408845, 33.7714344799833]]}, "properties": {"OBJECTID": 407, "FACILITYID": null, "SURFTYPE": "Concrete", "ADACOMPLY": "No", "CONDITION": "Good", "WIDTH": 12, "INSTALLDATE": null, "OWNEDBY": null, "MAINTBY": null, "LASTUPDATE": null, "LASTEDITOR": null, "Shape__Length": 34.262714932285235, "GlobalID": "9e7b37d6-2444-4f5b-ad99-2fcef99f417c", "Status": null, "CreationDate": 1758294013017, "Creator": "dsimsGT", "EditDate": 1758294013017, "Editor": "dsimsGT"}}, {"type": "Feature", "id": 408, "geometry": {"type": "LineString", "coordinates": [[-84.3939120895148, 33.7714845951201], [-84.3939278774387, 33.7714629868028], [-84.3939294035527, 33.7712223410779]]}, "properties": {"OBJECTID": 408, "FACILITYID": null, "SURFTYPE": "Concrete", "ADACOMPLY": "Yes", "CONDITION": "Good", "WIDTH": 12, "INSTALLDATE": null, "OWNEDBY": null, "MAINTBY": null, "LASTUPDATE": null, "LASTEDITOR": null, "Shape__Length": 96.7757040326082, "GlobalID": "e9ab5e42-54a6-4de3-8812-692f0896b1ac", "Status": null, "CreationDate": 1758294013017, "Creator": "dsimsGT", "EditDate": 1758294013017, "Editor": "dsimsGT"}}, {"type": "Feature", "id": 409, "geometry": {"type": "LineString", "coordinates": [[-84.3939430490101, 33.7718895874037], [-84.3938786954877, 33.7719323224924], [-84.3938254438868, 33.7719561853672]]}, "properties": {"OBJECTID": 409, "FACILITYID": null, "SURFTYPE": "Concrete", "ADACOMPLY": "No", "CONDITION": "Good", "WIDTH": 12, "INSTALLDATE": null, "OWNEDBY": null, "MAINTBY": null, "LASTUPDATE": null, "LASTEDITOR": null, "Shape__Length": 43.3488859333156, "GlobalID": "e00ade49-71cd-4513-839c-86b5c5142220", "Status": null, "CreationDate": 1758294013017, "Creator": "dsimsGT", "EditDate": 1758294013017, "Editor": "dsimsGT"}}, {"type": "Feature", "id": 410, "geometry": {"type": "LineString", "coordinates": [[-84.3939199155811, 33.771776047053], [-84.3940614512143, 33.7716380337149], [-84.393916969514, 33.7715402018575], [-84.3939120895148, 33.7714845951201]]}, "properties": {"OBJECTID": 410, "FACILITYID": null, "SURFTYPE": "Concrete", "ADACOMPLY": "Yes", "CONDITION": "Good", "WIDTH": 12, "INSTALLDATE": null, "OWNEDBY": null, "MAINTBY": null, "LASTUPDATE": null, "LASTEDITOR": null, "Shape__Length": 142.9304112331987, "GlobalID": "8cdddfed-0b25-41a2-b87e-86232275026d", "Status": null, "CreationDate": 1758294013017, "Creator": "dsimsGT", "EditDate": 1758294013017, "Editor": "dsimsGT"}}, {"type": "Feature", "id": 411, "geometry": {"type": "LineString", "coordinates": [[-84.3944190005975, 33.7718030268951], [-84.3944015361846, 33.7717936801346], [-84.3943701823345, 33.7717930292868], [-84.3943461281336, 33.771803027004], [-84.3943400045008, 33.7718177884311], [-84.3943388292669, 33.7718396159955], [-84.3943393923508, 33.7718590212199], [-84.3943658713002, 33.7718607928067], [-84.3943925223996, 33.7718627471057], [-84.3944190011411, 33.7718534220463]]}, "properties": {"OBJECTID": 411, "FACILITYID": null, "SURFTYPE": "Concrete", "ADACOMPLY": "No", "CONDITION": "Good", "WIDTH": 6, "INSTALLDATE": null, "OWNEDBY": null, "MAINTBY": null, "LASTUPDATE": null, "LASTEDITOR": null, "Shape__Length": 69.63119392095018, "GlobalID": "1958b811-6b85-491c-95a7-f9b6457c07ce", "Status": null, "CreationDate": 1758294013017, "Creator": "dsimsGT", "EditDate": 1758294013017, "Editor": "dsimsGT"}}, {"type": "Feature", "id": 412, "geometry": {"type": "LineString", "coordinates": [[-84.3944190005975, 33.7718030268951], [-84.3944234832871, 33.7718213726578], [-84.3944190011411, 33.7718534220463]]}, "properties": {"OBJECTID": 412, "FACILITYID": null, "SURFTYPE": "Concrete", "ADACOMPLY": "No", "CONDITION": "Good", "WIDTH": 6, "INSTALLDATE": null, "OWNEDBY": null, "MAINTBY": null, "LASTUPDATE": null, "LASTEDITOR": null, "Shape__Length": 18.554113391316292, "GlobalID": "ebf75a7e-fc01-4bf1-8766-77bc9006b5fc", "Status": null, "CreationDate": 1758294013017, "Creator": "dsimsGT", "EditDate": 1758294013017, "Editor": "dsimsGT"}}, {"type": "Feature", "id": 413, "geometry": {"type": "LineString", "coordinates": [[-84.3942916266819, 33.77230341202], [-84.3942683570219, 33.772260653502], [-84.3942757049768, 33.7722148396219], [-84.3943087736942, 33.772166990159], [-84.3943540896356, 33.7721410291455], [-84.3944208380713, 33.7721298300898], [-84.3945273910787, 33.7721303394055], [-84.3947062049259, 33.7721333939426]]}, "properties": {"OBJECTID": 413, "FACILITYID": null, "SURFTYPE": "Concrete", "ADACOMPLY": "No", "CONDITION": "Good", "WIDTH": 6, "INSTALLDATE": null, "OWNEDBY": null, "MAINTBY": null, "LASTUPDATE": null, "LASTEDITOR": null, "Shape__Length": 178.12808875158163, "GlobalID": "85fac894-c54f-4fa3-b163-16dc34176045", "Status": null, "CreationDate": 1758294013017, "Creator": "dsimsGT", "EditDate": 1758294013017, "Editor": "dsimsGT"}}, {"type": "Feature", "id": 414, "geometry": {"type": "LineString", "coordinates": [[-84.3947062049259, 33.7721333939426], [-84.39487889414, 33.7721349204254], [-84.3949731997511, 33.7721277942695]]}, "properties": {"OBJECTID": 414, "FACILITYID": null, "SURFTYPE": "Concrete", "ADACOMPLY": "No", "CONDITION": "Good", "WIDTH": 6, "INSTALLDATE": null, "OWNEDBY": null, "MAINTBY": null, "LASTUPDATE": null, "LASTEDITOR": null, "Shape__Length": 81.25365772958263, "GlobalID": "78978b0f-a94f-4d12-93f2-31c166359f57", "Status": null, "CreationDate": 1758294013017, "Creator": "dsimsGT", "EditDate": 1758294013017, "Editor": "dsimsGT"}}, {"type": "Feature", "id": 415, "geometry": {"type": "LineString", "coordinates": [[-84.3949731997511, 33.7721277942695], [-84.3950007567708, 33.7721578278193], [-84.3950362741427, 33.7721858242274], [-84.3950809772299, 33.7721853159217], [-84.3951319868568, 33.7721853053592]]}, "properties": {"OBJECTID": 415, "FACILITYID": null, "SURFTYPE": "Concrete", "ADACOMPLY": "No", "CONDITION": "Good", "WIDTH": 6, "INSTALLDATE": null, "OWNEDBY": null, "MAINTBY": null, "LASTUPDATE": null, "LASTEDITOR": null, "Shape__Length": 57.69516568586578, "GlobalID": "baecf945-a43b-4c92-8bd7-7c7a166b1202", "Status": null, "CreationDate": 1758294013017, "Creator": "dsimsGT", "EditDate": 1758294013017, "Editor": "dsimsGT"}}, {"type": "Feature", "id": 416, "geometry": {"type": "LineString", "coordinates": [[-84.395082201842, 33.7722993402062], [-84.3950809772299, 33.7721853159217], [-84.3950956741599, 33.7720992882254], [-84.3951109833565, 33.7720600921143], [-84.3951108097803, 33.7720361842237], [-84.3951103717687, 33.7719761007291], [-84.3951122610497, 33.7719683258909], [-84.3951166872221, 33.7719535206823], [-84.3951194981691, 33.7719378808282], [-84.3951226184549, 33.7719257054513]]}, "properties": {"OBJECTID": 416, "FACILITYID": null, "SURFTYPE": "Concrete", "ADACOMPLY": "No", "CONDITION": "Good", "WIDTH": 6, "INSTALLDATE": null, "OWNEDBY": null, "MAINTBY": null, "LASTUPDATE": null, "LASTEDITOR": null, "Shape__Length": 137.40032950413445, "GlobalID": "f3be3bf3-9a0a-4237-9b2a-fbd45524a97d", "Status": null, "CreationDate": 1758294013017, "Creator": "dsimsGT", "EditDate": 1758294013017, "Editor": "dsimsGT"}}, {"type": "Feature", "id": 417, "geometry": {"type": "LineString", "coordinates": [[-84.395208805175, 33.7716401774323], [-84.3951562993335, 33.7716421699228], [-84.3951403780341, 33.7716711848152]]}, "properties": {"OBJECTID": 417, "FACILITYID": null, "SURFTYPE": "Concrete", "ADACOMPLY": "No", "CONDITION": "Good", "WIDTH": 6, "INSTALLDATE": null, "OWNEDBY": null, "MAINTBY": null, "LASTUPDATE": null, "LASTEDITOR": null, "Shape__Length": 27.585305622921293, "GlobalID": "273cd269-9aad-4c0e-8175-67da99017d8e", "Status": null, "CreationDate": 1758294013017, "Creator": "dsimsGT", "EditDate": 1758294013017, "Editor": "dsimsGT"}}, {"type": "Feature", "id": 418, "geometry": {"type": "LineString", "coordinates": [[-84.3951403780341, 33.7716711848152], [-84.39514343898, 33.7716248621697], [-84.3951556866453, 33.7715642863273], [-84.3951654849024, 33.771524581057], [-84.3951893675183, 33.7714955649446], [-84.3952169247599, 33.7714777486599], [-84.3952634647448, 33.7714706223656], [-84.3952995947581, 33.771471640128], [-84.3953994120851, 33.7714721494489], [-84.3954533013084, 33.771475203544]]}, "properties": {"OBJECTID": 418, "FACILITYID": null, "SURFTYPE": "Concrete", "ADACOMPLY": "No", "CONDITION": "Good", "WIDTH": 6, "INSTALLDATE": null, "OWNEDBY": null, "MAINTBY": null, "LASTUPDATE": null, "LASTEDITOR": null, "Shape__Length": 149.4982448757819, "GlobalID": "3fbe3014-d60e-418b-81af-593aec962e74", "Status": null, "CreationDate": 1758294013017, "Creator": "dsimsGT", "EditDate": 1758294013017, "Editor": "dsimsGT"}}, {"type": "Feature", "id": 421, "geometry": {"type": "LineString", "coordinates": [[-84.3949731997511, 33.7721277942695], [-84.3950074924121, 33.7721003061722], [-84.3950436221203, 33.7720880886557], [-84.3951109833565, 33.7720600921143]]}, "properties": {"OBJECTID": 421, "FACILITYID": null, "SURFTYPE": "Concrete", "ADACOMPLY": "No", "CONDITION": "Good", "WIDTH": 6, "INSTALLDATE": null, "OWNEDBY": null, "MAINTBY": null, "LASTUPDATE": null, "LASTEDITOR": null, "Shape__Length": 49.153453376054784, "GlobalID": "2aa269f5-a592-4de8-ac31-36a84e34083a", "Status": null, "CreationDate": 1758294013017, "Creator": "dsimsGT", "EditDate": 1758294013017, "Editor": "dsimsGT"}}, {"type": "Feature", "id": 422, "geometry": {"type": "LineString", "coordinates": [[-84.3947103833462, 33.7720478654043], [-84.3947123278755, 33.7720275133223], [-84.3947300872453, 33.771990862603], [-84.3947992175658, 33.7719170518118]]}, "properties": {"OBJECTID": 422, "FACILITYID": null, "SURFTYPE": "Concrete", "ADACOMPLY": "No", "CONDITION": "Good", "WIDTH": 6, "INSTALLDATE": null, "OWNEDBY": null, "MAINTBY": null, "LASTUPDATE": null, "LASTEDITOR": null, "Shape__Length": 55.91302204738041, "GlobalID": "10dd3820-3dce-4e9b-9110-dbf5006a7e00", "Status": null, "CreationDate": 1758294013017, "Creator": "dsimsGT", "EditDate": 1758294013017, "Editor": "dsimsGT"}}, {"type": "Feature", "id": 423, "geometry": {"type": "LineString", "coordinates": [[-84.3960440117592, 33.7714097597852], [-84.3956832857396, 33.7714002148566], [-84.3956143937227, 33.7714105547882], [-84.3955837742252, 33.7714407799713], [-84.3955828175198, 33.771521112659], [-84.3955933433454, 33.7715744033303], [-84.3955876016468, 33.7717127986784], [-84.3955809046141, 33.7718090399433], [-84.3955856882856, 33.7718726696901], [-84.3955732498618, 33.7721590043262]]}, "properties": {"OBJECTID": 423, "FACILITYID": null, "SURFTYPE": "Concrete", "ADACOMPLY": "No", "CONDITION": "Good", "WIDTH": 12, "INSTALLDATE": null, "OWNEDBY": null, "MAINTBY": null, "LASTUPDATE": null, "LASTEDITOR": null, "Shape__Length": 407.1558054801121, "GlobalID": "99e8f6eb-4223-4af9-9fb7-256bdabbd3ec", "Status": null, "CreationDate": 1758294013017, "Creator": "dsimsGT", "EditDate": 1758294013017, "Editor": "dsimsGT"}}, {"type": "Feature", "id": 424, "geometry": {"type": "LineString", "coordinates": [[-84.3960306166427, 33.7723109203215], [-84.3961383848798, 33.7723107623713], [-84.3961554967291, 33.772310867605], [-84.396163788531, 33.7723108657113], [-84.3962290454121, 33.7723108390211], [-84.3962966162986, 33.7723109206975]]}, "properties": {"OBJECTID": 424, "FACILITYID": null, "SURFTYPE": "Concrete", "ADACOMPLY": "No", "CONDITION": "Good", "WIDTH": 8, "INSTALLDATE": null, "OWNEDBY": null, "MAINTBY": null, "LASTUPDATE": null, "LASTEDITOR": null, "Shape__Length": 80.83129122554237, "GlobalID": "8becf7a8-addd-4bd4-9523-0d793c102824", "Status": null, "CreationDate": 1758294013017, "Creator": "dsimsGT", "EditDate": 1758294013017, "Editor": "dsimsGT"}}, {"type": "Feature", "id": 425, "geometry": {"type": "LineString", "coordinates": [[-84.3962966162986, 33.7723109206975], [-84.3963693356661, 33.7722687656765], [-84.3964162205494, 33.7722091134569], [-84.3964449260073, 33.7721502551597], [-84.3964688468787, 33.7720802622442], [-84.3964458828918, 33.7720007251728], [-84.3961607457571, 33.7715656539614], [-84.3960794152558, 33.7714399840909], [-84.3960440117592, 33.7714097597852]]}, "properties": {"OBJECTID": 425, "FACILITYID": null, "SURFTYPE": "Concrete", "ADACOMPLY": "No", "CONDITION": "Good", "WIDTH": 8, "INSTALLDATE": null, "OWNEDBY": null, "MAINTBY": null, "LASTUPDATE": null, "LASTEDITOR": null, "Shape__Length": 380.0786231056517, "GlobalID": "96aa1977-4bdf-41d4-be42-42cdb4c5a735", "Status": null, "CreationDate": 1758294013017, "Creator": "dsimsGT", "EditDate": 1758294013017, "Editor": "dsimsGT"}}, {"type": "Feature", "id": 426, "geometry": {"type": "LineString", "coordinates": [[-84.3964688468787, 33.7720802622442], [-84.3965032922586, 33.7722027497729], [-84.3965253001871, 33.7723459173061]]}, "properties": {"OBJECTID": 426, "FACILITYID": null, "SURFTYPE": "Concrete", "ADACOMPLY": "No", "CONDITION": "Good", "WIDTH": 8, "INSTALLDATE": null, "OWNEDBY": null, "MAINTBY": null, "LASTUPDATE": null, "LASTEDITOR": null, "Shape__Length": 98.30402401679083, "GlobalID": "4ba03c52-5479-4503-a987-d1991c9e89ee", "Status": null, "CreationDate": 1758294013017, "Creator": "dsimsGT", "EditDate": 1758294013017, "Editor": "dsimsGT"}}, {"type": "Feature", "id": 427, "geometry": {"type": "LineString", "coordinates": [[-84.3965032922586, 33.7722027497729], [-84.3965865368722, 33.7721892286285], [-84.3967310194354, 33.7723387589783], [-84.3968381844693, 33.7724477248995], [-84.3968831563682, 33.7724851064707], [-84.3969979758728, 33.7725574851562], [-84.3971252349798, 33.772643385124], [-84.3971855159108, 33.772675200048], [-84.397321386541, 33.7727380338912], [-84.3974266384041, 33.7727881421153]]}, "properties": {"OBJECTID": 427, "FACILITYID": null, "SURFTYPE": "Concrete", "ADACOMPLY": "No", "CONDITION": "Good", "WIDTH": 8, "INSTALLDATE": null, "OWNEDBY": null, "MAINTBY": null, "LASTUPDATE": null, "LASTEDITOR": null, "Shape__Length": 365.3927261705217, "GlobalID": "af2bdba7-c4e9-4233-8b29-901371ec987f", "Status": null, "CreationDate": 1758294013017, "Creator": "dsimsGT", "EditDate": 1758294013017, "Editor": "dsimsGT"}}, {"type": "Feature", "id": 428, "geometry": {"type": "LineString", "coordinates": [[-84.3955818993724, 33.7724489975115], [-84.3955703791777, 33.7725455551739], [-84.3955684658341, 33.7731126519459], [-84.3955608111876, 33.7731667364168], [-84.3955621835081, 33.7732528281227], [-84.3955617670978, 33.7738006393234]]}, "properties": {"OBJECTID": 428, "FACILITYID": null, "SURFTYPE": "Concrete", "ADACOMPLY": "Yes", "CONDITION": "Good", "WIDTH": 8, "INSTALLDATE": null, "OWNEDBY": null, "MAINTBY": null, "LASTUPDATE": null, "LASTEDITOR": null, "Shape__Length": 492.1364790552951, "GlobalID": "90ab08e9-8b37-40c1-9b4d-8738617a43f0", "Status": null, "CreationDate": 1758294013017, "Creator": "dsimsGT", "EditDate": 1758294013017, "Editor": "dsimsGT"}}, {"type": "Feature", "id": 429, "geometry": {"type": "LineString", "coordinates": [[-84.3954402497423, 33.7714018061855], [-84.3954600367067, 33.7714339711188], [-84.3954533013084, 33.771475203544], [-84.3954447277414, 33.771589738302], [-84.3954426357914, 33.7717381667766], [-84.3954438102055, 33.7717782881278], [-84.3954424336064, 33.7717880231147], [-84.3954424631745, 33.7718194591677], [-84.3954399807122, 33.7719265773577]]}, "properties": {"OBJECTID": 429, "FACILITYID": null, "SURFTYPE": "Concrete", "ADACOMPLY": "No", "CONDITION": "Good", "WIDTH": 8, "INSTALLDATE": null, "OWNEDBY": null, "MAINTBY": null, "LASTUPDATE": null, "LASTEDITOR": null, "Shape__Length": 192.66298533376423, "GlobalID": "828c3ca7-9f11-41a6-86e8-ec7c31483ef9", "Status": null, "CreationDate": 1758294013017, "Creator": "dsimsGT", "EditDate": 1758294013017, "Editor": "dsimsGT"}}, {"type": "Feature", "id": 430, "geometry": {"type": "LineString", "coordinates": [[-84.3954367240771, 33.7723768821531], [-84.3954416657095, 33.7724479787375], [-84.3954392160037, 33.7725426598426], [-84.3954337048395, 33.772937671465], [-84.3954177822011, 33.7729997733244], [-84.3954208445579, 33.7730949630832], [-84.3954183948521, 33.7732578533134], [-84.3954251313184, 33.7733306449646], [-84.395430643381, 33.7733891839474], [-84.3954257439694, 33.7734848817879], [-84.3954245195657, 33.7736513338579], [-84.3954208445578, 33.7738305126027], [-84.3954153342919, 33.7738630902444], [-84.3954269683731, 33.7738773427721]]}, "properties": {"OBJECTID": 430, "FACILITYID": null, "SURFTYPE": "Concrete", "ADACOMPLY": "No", "CONDITION": "Good", "WIDTH": 8, "INSTALLDATE": null, "OWNEDBY": null, "MAINTBY": null, "LASTUPDATE": null, "LASTEDITOR": null, "Shape__Length": 547.9585766888977, "GlobalID": "2bc616ee-1474-47ae-91e2-fe1e1fbe2351", "Status": "Close", "CreationDate": 1758294013017, "Creator": "dsimsGT", "EditDate": 1758294013017, "Editor": "dsimsGT"}}, {"type": "Feature", "id": 431, "geometry": {"type": "LineString", "coordinates": [[-84.3954153342919, 33.7738630902444], [-84.3953718549339, 33.7738712346529], [-84.3952377445468, 33.7738671620754], [-84.3949915702263, 33.773868689852], [-84.3949640144049, 33.773869707623]]}, "properties": {"OBJECTID": 431, "FACILITYID": null, "SURFTYPE": "Concrete", "ADACOMPLY": "No", "CONDITION": "Good", "WIDTH": 8, "INSTALLDATE": null, "OWNEDBY": null, "MAINTBY": null, "LASTUPDATE": null, "LASTEDITOR": null, "Shape__Length": 137.50854015161357, "GlobalID": "8e3977d9-9991-457c-86fb-9482bce2c6ee", "Status": "Close", "CreationDate": 1758294013017, "Creator": "dsimsGT", "EditDate": 1758294013017, "Editor": "dsimsGT"}}, {"type": "Feature", "id": 432, "geometry": {"type": "LineString", "coordinates": [[-84.3954746635249, 33.774003116914], [-84.3953859396192, 33.7739776211513], [-84.3953510337822, 33.7739710052744], [-84.3949643970873, 33.7739664480849]]}, "properties": {"OBJECTID": 432, "FACILITYID": null, "SURFTYPE": "Concrete", "ADACOMPLY": "Yes", "CONDITION": "Good", "WIDTH": 8, "INSTALLDATE": null, "OWNEDBY": null, "MAINTBY": null, "LASTUPDATE": null, "LASTEDITOR": null, "Shape__Length": 156.88798231285554, "GlobalID": "834e853e-8595-462b-98ed-5a282677bcfb", "Status": null, "CreationDate": 1758294013017, "Creator": "dsimsGT", "EditDate": 1758294013017, "Editor": "dsimsGT"}}, {"type": "Feature", "id": 433, "geometry": {"type": "LineString", "coordinates": [[-84.3948597819842, 33.7739712367555], [-84.394361429004, 33.7739729288071]]}, "properties": {"OBJECTID": 433, "FACILITYID": null, "SURFTYPE": "Concrete", "ADACOMPLY": "Yes", "CONDITION": "Good", "WIDTH": 8, "INSTALLDATE": null, "OWNEDBY": null, "MAINTBY": null, "LASTUPDATE": null, "LASTEDITOR": null, "Shape__Length": 151.4361356395964, "GlobalID": "0d4d8549-60b9-4f85-a412-1b455766bd07", "Status": null, "CreationDate": 1758294013017, "Creator": "dsimsGT", "EditDate": 1758294013017, "Editor": "dsimsGT"}}, {"type": "Feature", "id": 434, "geometry": {"type": "LineString", "coordinates": [[-84.3942903668751, 33.7739755960658], [-84.3939144048607, 33.7739694774996], [-84.3938611275778, 33.7739883110931], [-84.3937913177005, 33.7739903473789], [-84.3937790700699, 33.7739689682413]]}, "properties": {"OBJECTID": 434, "FACILITYID": null, "SURFTYPE": "Concrete", "ADACOMPLY": "Yes", "CONDITION": "Good", "WIDTH": 8, "INSTALLDATE": null, "OWNEDBY": null, "MAINTBY": null, "LASTUPDATE": null, "LASTEDITOR": null, "Shape__Length": 161.69540949813688, "GlobalID": "d23d8203-160b-4da5-ab52-6d16c66d7700", "Status": null, "CreationDate": 1758294013017, "Creator": "dsimsGT", "EditDate": 1758294013017, "Editor": "dsimsGT"}}, {"type": "Feature", "id": 435, "geometry": {"type": "LineString", "coordinates": [[-84.3937913175564, 33.7739903475413], [-84.393789479902, 33.7740361602562], [-84.3938029529885, 33.7740814633109], [-84.3938788866046, 33.7743695726629], [-84.393907668767, 33.7744815580414], [-84.3939701311752, 33.7746958576484], [-84.3941667023075, 33.7753061743423], [-84.3941911981971, 33.7753158462855], [-84.3941873883012, 33.7753417153888]]}, "properties": {"OBJECTID": 435, "FACILITYID": null, "SURFTYPE": "Concrete", "ADACOMPLY": "No", "CONDITION": "Good", "WIDTH": 8, "INSTALLDATE": null, "OWNEDBY": null, "MAINTBY": null, "LASTUPDATE": null, "LASTEDITOR": null, "Shape__Length": 510.62428389097533, "GlobalID": "8229f8ed-7917-4266-967a-790cd84168c8", "Status": null, "CreationDate": 1758294013017, "Creator": "dsimsGT", "EditDate": 1758294013017, "Editor": "dsimsGT"}}, {"type": "Feature", "id": 436, "geometry": {"type": "LineString", "coordinates": [[-84.3941911981971, 33.7753158462855], [-84.3942254904926, 33.7753239907955], [-84.394541325793, 33.7752254246192]]}, "properties": {"OBJECTID": 436, "FACILITYID": null, "SURFTYPE": "Concrete", "ADACOMPLY": "No", "CONDITION": "Good", "WIDTH": 8, "INSTALLDATE": null, "OWNEDBY": null, "MAINTBY": null, "LASTUPDATE": null, "LASTEDITOR": null, "Shape__Length": 113.28775059869297, "GlobalID": "7b9c2cd5-c453-432e-a15e-c3aa6f5136ba", "Status": null, "CreationDate": 1758294013017, "Creator": "dsimsGT", "EditDate": 1758294013017, "Editor": "dsimsGT"}}, {"type": "Feature", "id": 439, "geometry": {"type": "LineString", "coordinates": [[-84.3947698911798, 33.7756538351806], [-84.3946980698775, 33.7756956386458], [-84.3946546601032, 33.7757110361079], [-84.394626725993, 33.7757249028179], [-84.3946017442242, 33.775737303393], [-84.3945680761484, 33.7757488625333], [-84.3945197471108, 33.7757654556059], [-84.3944629875268, 33.7757860585385], [-84.3944350599104, 33.7757958722684], [-84.3943938160618, 33.7758105037456], [-84.3943553142761, 33.7758131571164]]}, "properties": {"OBJECTID": 439, "FACILITYID": null, "SURFTYPE": "Concrete", "ADACOMPLY": "No", "CONDITION": "Good", "WIDTH": 8, "INSTALLDATE": null, "OWNEDBY": null, "MAINTBY": null, "LASTUPDATE": null, "LASTEDITOR": null, "Shape__Length": 139.94678490406045, "GlobalID": "7605302c-6fac-4c11-838b-4d2cdea072ba", "Status": null, "CreationDate": 1758294013017, "Creator": "dsimsGT", "EditDate": 1758294013017, "Editor": "dsimsGT"}}, {"type": "Feature", "id": 440, "geometry": {"type": "LineString", "coordinates": [[-84.3941945958333, 33.7753986855943], [-84.3943553142761, 33.7758131571164]]}, "properties": {"OBJECTID": 440, "FACILITYID": null, "SURFTYPE": "Concrete", "ADACOMPLY": "No", "CONDITION": "Good", "WIDTH": 8, "INSTALLDATE": null, "OWNEDBY": null, "MAINTBY": null, "LASTUPDATE": null, "LASTEDITOR": null, "Shape__Length": 158.52389492263654, "GlobalID": "65df8191-bbd2-4113-8f83-a439e6f316d8", "Status": null, "CreationDate": 1758294013017, "Creator": "dsimsGT", "EditDate": 1758294013017, "Editor": "dsimsGT"}}, {"type": "Feature", "id": 441, "geometry": {"type": "LineString", "coordinates": [[-84.3940070838717, 33.7752256858874], [-84.3938707550056, 33.7752614223565]]}, "properties": {"OBJECTID": 441, "FACILITYID": null, "SURFTYPE": "Concrete", "ADACOMPLY": "No", "CONDITION": "Good", "WIDTH": 8, "INSTALLDATE": null, "OWNEDBY": null, "MAINTBY": null, "LASTUPDATE": null, "LASTEDITOR": null, "Shape__Length": 43.41867197196191, "GlobalID": "ad98be2b-f359-4730-a248-c94f2ffe4fc8", "Status": null, "CreationDate": 1758294013017, "Creator": "dsimsGT", "EditDate": 1758294013017, "Editor": "dsimsGT"}}, {"type": "Feature", "id": 442, "geometry": {"type": "LineString", "coordinates": [[-84.3938948845324, 33.7748771597242], [-84.3937507724398, 33.7749140446699]]}, "properties": {"OBJECTID": 442, "FACILITYID": null, "SURFTYPE": "Concrete", "ADACOMPLY": "No", "CONDITION": "Good", "WIDTH": 8, "INSTALLDATE": null, "OWNEDBY": null, "MAINTBY": null, "LASTUPDATE": null, "LASTEDITOR": null, "Shape__Length": 45.80154520971081, "GlobalID": "e18b92c2-66d8-444a-9fdd-9b89aa8568f7", "Status": null, "CreationDate": 1758294013017, "Creator": "dsimsGT", "EditDate": 1758294013017, "Editor": "dsimsGT"}}, {"type": "Feature", "id": 443, "geometry": {"type": "LineString", "coordinates": [[-84.3937571894975, 33.7743887881501], [-84.3935806207831, 33.7744298558711]]}, "properties": {"OBJECTID": 443, "FACILITYID": null, "SURFTYPE": "Concrete", "ADACOMPLY": "No", "CONDITION": "Good", "WIDTH": 8, "INSTALLDATE": null, "OWNEDBY": null, "MAINTBY": null, "LASTUPDATE": null, "LASTEDITOR": null, "Shape__Length": 55.69588579539565, "GlobalID": "fd90915f-9967-43e7-8ba7-5015cea37a26", "Status": null, "CreationDate": 1758294013017, "Creator": "dsimsGT", "EditDate": 1758294013017, "Editor": "dsimsGT"}}, {"type": "Feature", "id": 444, "geometry": {"type": "LineString", "coordinates": [[-84.3930080540287, 33.7742967928667], [-84.3930994060285, 33.7742683431748]]}, "properties": {"OBJECTID": 444, "FACILITYID": null, "SURFTYPE": "Concrete", "ADACOMPLY": "No", "CONDITION": "Good", "WIDTH": 8, "INSTALLDATE": null, "OWNEDBY": null, "MAINTBY": null, "LASTUPDATE": null, "LASTEDITOR": null, "Shape__Length": 29.62652762266486, "GlobalID": "f14f3b20-80df-4707-b3a3-ac42c6e001fc", "Status": null, "CreationDate": 1758294013017, "Creator": "dsimsGT", "EditDate": 1758294013017, "Editor": "dsimsGT"}}, {"type": "Feature", "id": 445, "geometry": {"type": "LineString", "coordinates": [[-84.3926071400267, 33.7739594674866], [-84.3927697245407, 33.7739620964914]]}, "properties": {"OBJECTID": 445, "FACILITYID": null, "SURFTYPE": "Concrete", "ADACOMPLY": "Yes", "CONDITION": "Good", "WIDTH": 8, "INSTALLDATE": null, "OWNEDBY": null, "MAINTBY": null, "LASTUPDATE": null, "LASTEDITOR": null, "Shape__Length": 49.4139374615522, "GlobalID": "f117e8cb-e229-4c3a-b316-0803b262a88d", "Status": null, "CreationDate": 1758294013017, "Creator": "dsimsGT", "EditDate": 1758294013017, "Editor": "dsimsGT"}}, {"type": "Feature", "id": 446, "geometry": {"type": "LineString", "coordinates": [[-84.3927697245407, 33.7739620964914], [-84.3928156525296, 33.7740312925788], [-84.3928376594303, 33.7740718554456], [-84.3929390838234, 33.7743239833255], [-84.392985012584, 33.774438513504], [-84.3930165878024, 33.7745180489252], [-84.3930357245637, 33.7745904254949], [-84.393058688268, 33.7746954122998], [-84.3930633058378, 33.774783556536], [-84.3930654913025, 33.774820149677], [-84.3930730405744, 33.774926062797], [-84.3930730411593, 33.7750342303682], [-84.3930768687134, 33.7750978583302], [-84.3930893069477, 33.7751861414925], [-84.3930874115801, 33.7751982649744]]}, "properties": {"OBJECTID": 446, "FACILITYID": null, "SURFTYPE": "Concrete", "ADACOMPLY": "No", "CONDITION": "Good", "WIDTH": 8, "INSTALLDATE": null, "OWNEDBY": null, "MAINTBY": null, "LASTUPDATE": null, "LASTEDITOR": null, "Shape__Length": 465.39055121714034, "GlobalID": "ec089a77-f82c-4043-b6f6-50ec63b9c0d4", "Status": null, "CreationDate": 1758294013017, "Creator": "dsimsGT", "EditDate": 1758294013017, "Editor": "dsimsGT"}}, {"type": "Feature", "id": 447, "geometry": {"type": "LineString", "coordinates": [[-84.397824664949, 33.7767366468576], [-84.3978930612789, 33.7767377615974], [-84.3982015153157, 33.7767466795155], [-84.3985770245778, 33.7767522532139]]}, "properties": {"OBJECTID": 447, "FACILITYID": null, "SURFTYPE": "Concrete", "ADACOMPLY": "Yes", "CONDITION": null, "WIDTH": 8, "INSTALLDATE": null, "OWNEDBY": null, "MAINTBY": null, "LASTUPDATE": null, "LASTEDITOR": null, "Shape__Length": 228.69087930076336, "GlobalID": "bef6e1ea-5804-4f77-870d-8d5f14d04c0f", "Status": null, "CreationDate": 1758294013017, "Creator": "dsimsGT", "EditDate": 1758294013017, "Editor": "dsimsGT"}}, {"type": "Feature", "id": 448, "geometry": {"type": "LineString", "coordinates": [[-84.3981934684496, 33.7767455651068], [-84.3981948100401, 33.7768280555887], [-84.3981398243091, 33.7769228077984], [-84.3981269790988, 33.7769389480098], [-84.3981139670881, 33.7769552968141], [-84.3980875212569, 33.7769841190097]]}, "properties": {"OBJECTID": 448, "FACILITYID": null, "SURFTYPE": "Gravel", "ADACOMPLY": "No", "CONDITION": null, "WIDTH": 6, "INSTALLDATE": null, "OWNEDBY": null, "MAINTBY": null, "LASTUPDATE": null, "LASTEDITOR": null, "Shape__Length": 95.73804615104072, "GlobalID": "15d342fc-9668-4e6b-86e8-f23e68e40836", "Status": null, "CreationDate": 1758294013017, "Creator": "dsimsGT", "EditDate": 1758294013017, "Editor": "dsimsGT"}}, {"type": "Feature", "id": 449, "geometry": {"type": "LineString", "coordinates": [[-84.3985770245778, 33.7767879248748], [-84.3984858294713, 33.7768380881228], [-84.3983718355881, 33.7768837923899], [-84.3982725938546, 33.7769060871454], [-84.3981813987481, 33.7769328408444], [-84.3980875214325, 33.7769841187442]]}, "properties": {"OBJECTID": 449, "FACILITYID": null, "SURFTYPE": "Gravel", "ADACOMPLY": "Yes", "CONDITION": null, "WIDTH": 6, "INSTALLDATE": null, "OWNEDBY": null, "MAINTBY": null, "LASTUPDATE": null, "LASTEDITOR": null, "Shape__Length": 166.29018128284716, "GlobalID": "47142e2d-3f33-498d-b53d-ca9d64652564", "Status": null, "CreationDate": 1758294013017, "Creator": "dsimsGT", "EditDate": 1758294013017, "Editor": "dsimsGT"}}, {"type": "Feature", "id": 450, "geometry": {"type": "LineString", "coordinates": [[-84.3991751574551, 33.774527111999], [-84.3988748919781, 33.7745275936257], [-84.3988760975172, 33.7744526338025]]}, "properties": {"OBJECTID": 450, "FACILITYID": null, "SURFTYPE": "Concrete", "ADACOMPLY": "Yes", "CONDITION": null, "WIDTH": null, "INSTALLDATE": null, "OWNEDBY": null, "MAINTBY": null, "LASTUPDATE": null, "LASTEDITOR": null, "Shape__Length": 118.51958915565966, "GlobalID": "484c371a-f99e-4591-a9c5-68be6ecdbad9", "Status": null, "CreationDate": 1758294013017, "Creator": "dsimsGT", "EditDate": 1758294013017, "Editor": "dsimsGT"}}, {"type": "Feature", "id": 451, "geometry": {"type": "LineString", "coordinates": [[-84.3965734142084, 33.7752472500272], [-84.3965600032757, 33.7752840371562], [-84.3964527147934, 33.7753564962422], [-84.3963490029978, 33.7754207949411], [-84.3962024609807, 33.7754428253426], [-84.3961632766379, 33.7754485650972], [-84.3960562634345, 33.7754482924886], [-84.3959803668584, 33.7754908328091], [-84.3959014479603, 33.7755758771504], [-84.395862720677, 33.7756356997373], [-84.3958191504534, 33.7757144272196], [-84.3957795910058, 33.7757411453782]]}, "properties": {"OBJECTID": 451, "FACILITYID": null, "SURFTYPE": "Concrete", "ADACOMPLY": "Yes", "CONDITION": null, "WIDTH": null, "INSTALLDATE": null, "OWNEDBY": null, "MAINTBY": null, "LASTUPDATE": null, "LASTEDITOR": null, "Shape__Length": 323.7097385622818, "GlobalID": "3fb22884-08de-4f8f-a977-5cfde4390de8", "Status": null, "CreationDate": 1758294013017, "Creator": "dsimsGT", "EditDate": 1758911320656, "Editor": "aramirez91_GTFacilities"}}, {"type": "Feature", "id": 452, "geometry": {"type": "LineString", "coordinates": [[-84.4010607501253, 33.7765136068859], [-84.4011465808138, 33.7766384579819], [-84.401273985742, 33.7768491437939], [-84.4013262462375, 33.7768998021559], [-84.4014681652835, 33.7770373701614], [-84.4015609821066, 33.7770899269444], [-84.4016594087739, 33.7771456602179], [-84.4017259379611, 33.7771835646535], [-84.4018573662028, 33.7772326129365], [-84.4020410975204, 33.7772593665335], [-84.4021711846576, 33.7772749727946], [-84.4023052951084, 33.7772861201222]]}, "properties": {"OBJECTID": 452, "FACILITYID": null, "SURFTYPE": "Concrete", "ADACOMPLY": "Yes", "CONDITION": null, "WIDTH": null, "INSTALLDATE": null, "OWNEDBY": null, "MAINTBY": null, "LASTUPDATE": null, "LASTEDITOR": null, "Shape__Length": 504.6493120875376, "GlobalID": "79521011-ca11-4fc1-b150-1469420bfcd7", "Status": null, "CreationDate": 1758294013017, "Creator": "dsimsGT", "EditDate": 1758294013017, "Editor": "dsimsGT"}}, {"type": "Feature", "id": 453, "geometry": {"type": "LineString", "coordinates": [[-84.4011465807997, 33.7766384581227], [-84.4011063481312, 33.776669670387], [-84.4008141500854, 33.7769305255874], [-84.4008099630444, 33.7769706498069]]}, "properties": {"OBJECTID": 453, "FACILITYID": null, "SURFTYPE": "Concrete", "ADACOMPLY": "Yes", "CONDITION": null, "WIDTH": null, "INSTALLDATE": null, "OWNEDBY": null, "MAINTBY": null, "LASTUPDATE": null, "LASTEDITOR": null, "Shape__Length": 161.31323559557964, "GlobalID": "c9fae00c-f370-4849-a6c6-1b46cbabd101", "Status": null, "CreationDate": 1758294013017, "Creator": "dsimsGT", "EditDate": 1758294013017, "Editor": "dsimsGT"}}, {"type": "Feature", "id": 454, "geometry": {"type": "LineString", "coordinates": [[-84.4011465804147, 33.7766384577795], [-84.4011345108732, 33.7766841623555], [-84.4011210998281, 33.7770509112021], [-84.4011264642462, 33.7771322868731]]}, "properties": {"OBJECTID": 454, "FACILITYID": null, "SURFTYPE": "Concrete", "ADACOMPLY": "Yes", "CONDITION": null, "WIDTH": null, "INSTALLDATE": null, "OWNEDBY": null, "MAINTBY": null, "LASTUPDATE": null, "LASTEDITOR": null, "Shape__Length": 180.1963671274494, "GlobalID": "7bf5642c-6635-4ac6-894e-8a0e2f2ed323", "Status": null, "CreationDate": 1758294013017, "Creator": "dsimsGT", "EditDate": 1758294013017, "Editor": "dsimsGT"}}, {"type": "Feature", "id": 456, "geometry": {"type": "LineString", "coordinates": [[-84.4007750649143, 33.7766549261187], [-84.400777777605, 33.7769126841884], [-84.4008141500854, 33.7769305255874]]}, "properties": {"OBJECTID": 456, "FACILITYID": null, "SURFTYPE": "Concrete", "ADACOMPLY": "Yes", "CONDITION": null, "WIDTH": null, "INSTALLDATE": null, "OWNEDBY": null, "MAINTBY": null, "LASTUPDATE": null, "LASTEDITOR": null, "Shape__Length": 106.61191336518051, "GlobalID": "4dd708a2-c5d3-438a-97c3-b69666167494", "Status": null, "CreationDate": 1758294013017, "Creator": "dsimsGT", "EditDate": 1758294013017, "Editor": "dsimsGT"}}, {"type": "Feature", "id": 457, "geometry": {"type": "LineString", "coordinates": [[-84.4007750649143, 33.7766549261187], [-84.4006449082318, 33.7766537086754], [-84.400584431819, 33.7766531642134]]}, "properties": {"OBJECTID": 457, "FACILITYID": null, "SURFTYPE": "Concrete", "ADACOMPLY": "Yes", "CONDITION": null, "WIDTH": null, "INSTALLDATE": null, "OWNEDBY": null, "MAINTBY": null, "LASTUPDATE": null, "LASTEDITOR": null, "Shape__Length": 57.92957869676047, "GlobalID": "94282258-5205-4b87-9c47-6941e582fb79", "Status": null, "CreationDate": 1758294013017, "Creator": "dsimsGT", "EditDate": 1758911320656, "Editor": "aramirez91_GTFacilities"}}, {"type": "Feature", "id": 461, "geometry": {"type": "LineString", "coordinates": [[-84.4017259380774, 33.7771835649464], [-84.401707162498, 33.7772075314316], [-84.4017058213935, 33.7773156605332], [-84.4016957631097, 33.7776835214035], [-84.4015851219879, 33.7776818493122]]}, "properties": {"OBJECTID": 461, "FACILITYID": null, "SURFTYPE": "Concrete", "ADACOMPLY": "Yes", "CONDITION": null, "WIDTH": null, "INSTALLDATE": null, "OWNEDBY": null, "MAINTBY": null, "LASTUPDATE": null, "LASTEDITOR": null, "Shape__Length": 217.28138965902122, "GlobalID": "908c9306-b638-4d57-8b1d-ea1c5b5d5184", "Status": null, "CreationDate": 1758294013017, "Creator": "dsimsGT", "EditDate": 1758294013017, "Editor": "dsimsGT"}}, {"type": "Feature", "id": 462, "geometry": {"type": "LineString", "coordinates": [[-84.4017058212049, 33.7773156608867], [-84.4017393490263, 33.77736303647], [-84.4017701944782, 33.7774215600038], [-84.4018788241522, 33.7775124103598], [-84.4019264330657, 33.7775564421935], [-84.401959960887, 33.7776222113895], [-84.4019646545844, 33.7776740459806], [-84.4019673369538, 33.7777130615326], [-84.4019130221168, 33.7778451566564], [-84.4019344792757, 33.7779031220918]]}, "properties": {"OBJECTID": 462, "FACILITYID": null, "SURFTYPE": "Concrete", "ADACOMPLY": "Steps", "CONDITION": null, "WIDTH": null, "INSTALLDATE": null, "OWNEDBY": null, "MAINTBY": null, "LASTUPDATE": null, "LASTEDITOR": null, "Shape__Length": 243.6335882665442, "GlobalID": "2ba82fc8-abd1-4976-9b23-b23769e8764e", "Status": null, "CreationDate": 1758294013017, "Creator": "dsimsGT", "EditDate": 1758294013017, "Editor": "dsimsGT"}}, {"type": "Feature", "id": 463, "geometry": {"type": "LineString", "coordinates": [[-84.4019646545844, 33.7776740459806], [-84.4016957627687, 33.7776835213584]]}, "properties": {"OBJECTID": 463, "FACILITYID": null, "SURFTYPE": "Concrete", "ADACOMPLY": "Steps", "CONDITION": null, "WIDTH": null, "INSTALLDATE": null, "OWNEDBY": null, "MAINTBY": null, "LASTUPDATE": null, "LASTEDITOR": null, "Shape__Length": 81.77757577365728, "GlobalID": "e7c3548e-c92f-4a61-8fc7-272c7e18effb", "Status": null, "CreationDate": 1758294013017, "Creator": "dsimsGT", "EditDate": 1758294013017, "Editor": "dsimsGT"}}, {"type": "Feature", "id": 464, "geometry": {"type": "LineString", "coordinates": [[-84.4011687175982, 33.7783772923812], [-84.4012941023095, 33.778300520862], [-84.4013490875943, 33.7782581615111], [-84.4014764925225, 33.7781935077244], [-84.4016148092903, 33.7780985321703], [-84.4017219146474, 33.7780530527784], [-84.4018506606802, 33.7779638749154], [-84.4019344792757, 33.7779031220918], [-84.4020987650141, 33.777758765478], [-84.4022114177927, 33.7776027036206], [-84.4022731086001, 33.7774678213576], [-84.4022972484812, 33.7773429714704], [-84.4023041000515, 33.7772860205179]]}, "properties": {"OBJECTID": 464, "FACILITYID": null, "SURFTYPE": "Concrete", "ADACOMPLY": "Yes", "CONDITION": null, "WIDTH": null, "INSTALLDATE": null, "OWNEDBY": null, "MAINTBY": null, "LASTUPDATE": null, "LASTEDITOR": null, "Shape__Length": 548.9000809433049, "GlobalID": "e47aa2ea-93e0-4a2a-ae4a-704ed0fa6b5e", "Status": null, "CreationDate": 1758294013017, "Creator": "dsimsGT", "EditDate": 1758294013017, "Editor": "dsimsGT"}}, {"type": "Feature", "id": 465, "geometry": {"type": "LineString", "coordinates": [[-84.4012941022507, 33.77830052076], [-84.4012302588155, 33.7782471733066], [-84.4010574299855, 33.7781672069393], [-84.4009581246798, 33.7781272044084], [-84.4009674289631, 33.7781395736285]]}, "properties": {"OBJECTID": 465, "FACILITYID": null, "SURFTYPE": "Concrete", "ADACOMPLY": "Yes", "CONDITION": null, "WIDTH": null, "INSTALLDATE": null, "OWNEDBY": null, "MAINTBY": null, "LASTUPDATE": null, "LASTEDITOR": null, "Shape__Length": 126.2976233763604, "GlobalID": "a31b2296-a1e0-4cc0-bbc3-f097748e9d35", "Status": null, "CreationDate": 1758294013017, "Creator": "dsimsGT", "EditDate": 1758912123997, "Editor": "aramirez91_GTFacilities"}}, {"type": "Feature", "id": 466, "geometry": {"type": "LineString", "coordinates": [[-84.4013490876292, 33.7782581618612], [-84.4013455734198, 33.7780974838358], [-84.4013450642808, 33.777990628284]]}, "properties": {"OBJECTID": 466, "FACILITYID": null, "SURFTYPE": "Concrete", "ADACOMPLY": "Yes", "CONDITION": null, "WIDTH": null, "INSTALLDATE": null, "OWNEDBY": null, "MAINTBY": null, "LASTUPDATE": null, "LASTEDITOR": null, "Shape__Length": 97.35760363183508, "GlobalID": "f22feaa9-cf69-433a-ace9-93e9a31b5c38", "Status": null, "CreationDate": 1758294013017, "Creator": "dsimsGT", "EditDate": 1758294013017, "Editor": "dsimsGT"}}, {"type": "Feature", "id": 467, "geometry": {"type": "LineString", "coordinates": [[-84.4010350741202, 33.7780922340984], [-84.401025881408, 33.77802295526], [-84.401031245826, 33.7779750221533], [-84.4010325869305, 33.7779170565001], [-84.401025881408, 33.7778145017867], [-84.4010446568711, 33.7777598802045], [-84.4010205169899, 33.7776963407691], [-84.4010138114674, 33.7776517516635], [-84.4010486801846, 33.7776138509056], [-84.4010942777379, 33.7775993594348]]}, "properties": {"OBJECTID": 467, "FACILITYID": null, "SURFTYPE": null, "ADACOMPLY": "No", "CONDITION": null, "WIDTH": null, "INSTALLDATE": null, "OWNEDBY": null, "MAINTBY": null, "LASTUPDATE": null, "LASTEDITOR": null, "Shape__Length": 194.849702753023, "GlobalID": "22dccb93-1e9f-4279-8fd1-ff872ffb7582", "Status": null, "CreationDate": 1758294013017, "Creator": "dsimsGT", "EditDate": 1758294013017, "Editor": "dsimsGT"}}, {"type": "Feature", "id": 468, "geometry": {"type": "LineString", "coordinates": [[-84.4011264644405, 33.7771322870858], [-84.4010808666928, 33.7771623847044], [-84.4010473390801, 33.7771913677912], [-84.4010473390801, 33.7772537928681], [-84.401025881408, 33.7773318241502], [-84.4009883304818, 33.7773786428853], [-84.4009320040924, 33.7774120848233], [-84.4008904298527, 33.7774321499798], [-84.4008193513138, 33.7773764134223]]}, "properties": {"OBJECTID": 468, "FACILITYID": null, "SURFTYPE": null, "ADACOMPLY": "Yes", "CONDITION": null, "WIDTH": null, "INSTALLDATE": null, "OWNEDBY": null, "MAINTBY": null, "LASTUPDATE": null, "LASTEDITOR": null, "Shape__Length": 169.8933276030401, "GlobalID": "8989a4da-5da8-44e2-831e-3e8507b86030", "Status": null, "CreationDate": 1758294013017, "Creator": "dsimsGT", "EditDate": 1758294013017, "Editor": "dsimsGT"}}, {"type": "Feature", "id": 469, "geometry": {"type": "LineString", "coordinates": [[-84.400890430303, 33.777432150207], [-84.4008475145085, 33.7774633624362], [-84.4008032580597, 33.7775057221802], [-84.4007804592831, 33.7775525408203]]}, "properties": {"OBJECTID": 469, "FACILITYID": null, "SURFTYPE": null, "ADACOMPLY": "No", "CONDITION": null, "WIDTH": null, "INSTALLDATE": null, "OWNEDBY": null, "MAINTBY": null, "LASTUPDATE": null, "LASTEDITOR": null, "Shape__Length": 56.138458188232356, "GlobalID": "a6b85e35-83e6-4ef4-a54b-4f4aba1c54e0", "Status": null, "CreationDate": 1758294013017, "Creator": "dsimsGT", "EditDate": 1758294013017, "Editor": "dsimsGT"}}, {"type": "Feature", "id": 470, "geometry": {"type": "LineString", "coordinates": [[-84.4011264644405, 33.7771322870858], [-84.4016366951986, 33.7771327987844]]}, "properties": {"OBJECTID": 470, "FACILITYID": null, "SURFTYPE": "Concrete", "ADACOMPLY": "Yes", "CONDITION": null, "WIDTH": null, "INSTALLDATE": null, "OWNEDBY": null, "MAINTBY": null, "LASTUPDATE": null, "LASTEDITOR": null, "Shape__Length": 155.03866277139414, "GlobalID": "20121637-7f26-4cf9-88cc-104c0ea3e71a", "Status": null, "CreationDate": 1758294013017, "Creator": "dsimsGT", "EditDate": 1758294013017, "Editor": "dsimsGT"}}, {"type": "Feature", "id": 471, "geometry": {"type": "LineString", "coordinates": [[-84.4013531202822, 33.7771325142965], [-84.4013638397439, 33.7772236950689]]}, "properties": {"OBJECTID": 471, "FACILITYID": null, "SURFTYPE": "Concrete", "ADACOMPLY": "Yes", "CONDITION": null, "WIDTH": null, "INSTALLDATE": null, "OWNEDBY": null, "MAINTBY": null, "LASTUPDATE": null, "LASTEDITOR": null, "Shape__Length": 33.33748066368514, "GlobalID": "8959a391-db1a-4740-8419-29fdcd6ee4c7", "Status": null, "CreationDate": 1758294013017, "Creator": "dsimsGT", "EditDate": 1758294013017, "Editor": "dsimsGT"}}, {"type": "Feature", "id": 472, "geometry": {"type": "LineString", "coordinates": [[-84.4023052948418, 33.7772861198288], [-84.4023106595262, 33.7772270392695], [-84.402357598184, 33.7766117041911], [-84.402365644811, 33.7765615408105], [-84.4023911257966, 33.7761869866402]]}, "properties": {"OBJECTID": 472, "FACILITYID": null, "SURFTYPE": "Concrete", "ADACOMPLY": "Yes", "CONDITION": null, "WIDTH": null, "INSTALLDATE": null, "OWNEDBY": null, "MAINTBY": null, "LASTUPDATE": null, "LASTEDITOR": null, "Shape__Length": 400.8402709701266, "GlobalID": "d4e52cda-0349-423f-afd3-9916134dd4b0", "Status": null, "CreationDate": 1758294013017, "Creator": "dsimsGT", "EditDate": 1758294013017, "Editor": "dsimsGT"}}, {"type": "Feature", "id": 473, "geometry": {"type": "LineString", "coordinates": [[-84.402289201854, 33.7762170848037], [-84.4020840128644, 33.7762226585365], [-84.4020893772824, 33.7762772810989], [-84.4020920594914, 33.7765738029729], [-84.4020920594914, 33.7765749177149]]}, "properties": {"OBJECTID": 473, "FACILITYID": null, "SURFTYPE": "Concrete", "ADACOMPLY": "Yes", "CONDITION": null, "WIDTH": null, "INSTALLDATE": null, "OWNEDBY": null, "MAINTBY": null, "LASTUPDATE": null, "LASTEDITOR": null, "Shape__Length": 190.62875960508754, "GlobalID": "8ccfd4e0-7bd3-4fcb-8cf9-cfba9377214b", "Status": null, "CreationDate": 1758294013017, "Creator": "dsimsGT", "EditDate": 1758294013017, "Editor": "dsimsGT"}}, {"type": "Feature", "id": 474, "geometry": {"type": "LineString", "coordinates": [[-84.4023656445609, 33.7765615404877], [-84.4022127588971, 33.7765615408105], [-84.4020920590479, 33.7765738026368]]}, "properties": {"OBJECTID": 474, "FACILITYID": null, "SURFTYPE": null, "ADACOMPLY": "No", "CONDITION": null, "WIDTH": null, "INSTALLDATE": null, "OWNEDBY": null, "MAINTBY": null, "LASTUPDATE": null, "LASTEDITOR": null, "Shape__Length": 83.40254825593937, "GlobalID": "8be03d6f-7eb1-465f-aa33-73b5458c0a1c", "Status": null, "CreationDate": 1758294013017, "Creator": "dsimsGT", "EditDate": 1758294013017, "Editor": "dsimsGT"}}, {"type": "Feature", "id": 475, "geometry": {"type": "LineString", "coordinates": [[-84.4020920590479, 33.7765738026368], [-84.4019633134587, 33.7765860651336]]}, "properties": {"OBJECTID": 475, "FACILITYID": null, "SURFTYPE": "Concrete", "ADACOMPLY": "Yes", "CONDITION": null, "WIDTH": null, "INSTALLDATE": null, "OWNEDBY": null, "MAINTBY": null, "LASTUPDATE": null, "LASTEDITOR": null, "Shape__Length": 39.374478880314555, "GlobalID": "93553a19-7a38-4e5a-97a4-397c11bc8e7e", "Status": null, "CreationDate": 1758294013017, "Creator": "dsimsGT", "EditDate": 1758294013017, "Editor": "dsimsGT"}}, {"type": "Feature", "id": 476, "geometry": {"type": "LineString", "coordinates": [[-84.4020236631616, 33.776153544224], [-84.4020451208337, 33.776192560375], [-84.4020840128379, 33.7762226588525]]}, "properties": {"OBJECTID": 476, "FACILITYID": null, "SURFTYPE": null, "ADACOMPLY": "Yes", "CONDITION": null, "WIDTH": null, "INSTALLDATE": null, "OWNEDBY": null, "MAINTBY": null, "LASTUPDATE": null, "LASTEDITOR": null, "Shape__Length": 31.73480612373285, "GlobalID": "baf5d034-14ef-4483-b3e5-13c039098cac", "Status": null, "CreationDate": 1758294013017, "Creator": "dsimsGT", "EditDate": 1758294013017, "Editor": "dsimsGT"}}, {"type": "Feature", "id": 477, "geometry": {"type": "LineString", "coordinates": [[-84.4020346755658, 33.7759384459773], [-84.4020384152523, 33.7758949225588], [-84.4022449451227, 33.7756284964508]]}, "properties": {"OBJECTID": 477, "FACILITYID": null, "SURFTYPE": null, "ADACOMPLY": "Yes", "CONDITION": null, "WIDTH": null, "INSTALLDATE": null, "OWNEDBY": null, "MAINTBY": null, "LASTUPDATE": null, "LASTEDITOR": null, "Shape__Length": 131.3622121865849, "GlobalID": "858764a5-4ff5-4b9e-a59a-67352a92297b", "Status": null, "CreationDate": 1758294013017, "Creator": "dsimsGT", "EditDate": 1758294013017, "Editor": "dsimsGT"}}, {"type": "Feature", "id": 478, "geometry": {"type": "LineString", "coordinates": [[-84.4026566644889, 33.7746107198929], [-84.4026761105043, 33.7746826223666], [-84.4027015914899, 33.7747640002873], [-84.4027103086692, 33.7748921982248], [-84.4027036031467, 33.7749345592403], [-84.4026660522205, 33.7753063319904], [-84.4026513000709, 33.7754445619268]]}, "properties": {"OBJECTID": 478, "FACILITYID": null, "SURFTYPE": "Concrete", "ADACOMPLY": "Yes", "CONDITION": null, "WIDTH": null, "INSTALLDATE": null, "OWNEDBY": null, "MAINTBY": null, "LASTUPDATE": null, "LASTEDITOR": null, "Shape__Length": 305.95384161747563, "GlobalID": "6caa6627-2e6e-4aee-b138-ad537844d98f", "Status": null, "CreationDate": 1758294013017, "Creator": "dsimsGT", "EditDate": 1758294013017, "Editor": "dsimsGT"}}, {"type": "Feature", "id": 479, "geometry": {"type": "LineString", "coordinates": [[-84.4027103083725, 33.7748921984893], [-84.4027827283127, 33.774890526079]]}, "properties": {"OBJECTID": 479, "FACILITYID": null, "SURFTYPE": null, "ADACOMPLY": "No", "CONDITION": null, "WIDTH": null, "INSTALLDATE": null, "OWNEDBY": null, "MAINTBY": null, "LASTUPDATE": null, "LASTEDITOR": null, "Shape__Length": 22.014486317227224, "GlobalID": "cd277c18-6140-404b-b47d-0175a6f994b0", "Status": null, "CreationDate": 1758294013017, "Creator": "dsimsGT", "EditDate": 1758294013017, "Editor": "dsimsGT"}}, {"type": "Feature", "id": 480, "geometry": {"type": "LineString", "coordinates": [[-84.4026512998381, 33.775444562], [-84.403111298917, 33.7754590537621]]}, "properties": {"OBJECTID": 480, "FACILITYID": null, "SURFTYPE": "Concrete", "ADACOMPLY": "Yes", "CONDITION": null, "WIDTH": null, "INSTALLDATE": null, "OWNEDBY": null, "MAINTBY": null, "LASTUPDATE": null, "LASTEDITOR": null, "Shape__Length": 139.8773384722915, "GlobalID": "ecf76576-c094-4df6-ae1a-1f9eefac1e14", "Status": null, "CreationDate": 1758294013017, "Creator": "dsimsGT", "EditDate": 1758294013017, "Editor": "dsimsGT"}}, {"type": "Feature", "id": 481, "geometry": {"type": "LineString", "coordinates": [[-84.4029771270484, 33.7754548269555], [-84.4029852350933, 33.7753854798039], [-84.4029610952122, 33.7752539383272], [-84.4028752645237, 33.7751190523659], [-84.4027907749397, 33.7749161656441], [-84.4027827287541, 33.7748905258701]]}, "properties": {"OBJECTID": 481, "FACILITYID": null, "SURFTYPE": "Concrete", "ADACOMPLY": "Yes", "CONDITION": null, "WIDTH": null, "INSTALLDATE": null, "OWNEDBY": null, "MAINTBY": null, "LASTUPDATE": null, "LASTEDITOR": null, "Shape__Length": 217.16232926234647, "GlobalID": "a137431d-f08c-422f-ab8c-d1b1b3c2e034", "Status": null, "CreationDate": 1758294013017, "Creator": "dsimsGT", "EditDate": 1758294013017, "Editor": "dsimsGT"}}, {"type": "Feature", "id": 482, "geometry": {"type": "LineString", "coordinates": [[-84.4027827287541, 33.7748905258701], [-84.4027787049992, 33.7748236402212]]}, "properties": {"OBJECTID": 482, "FACILITYID": null, "SURFTYPE": null, "ADACOMPLY": "Yes", "CONDITION": null, "WIDTH": null, "INSTALLDATE": null, "OWNEDBY": null, "MAINTBY": null, "LASTUPDATE": null, "LASTEDITOR": null, "Shape__Length": 24.36838927292856, "GlobalID": "bf41910e-0c36-432d-8e74-9874da069360", "Status": null, "CreationDate": 1758294013017, "Creator": "dsimsGT", "EditDate": 1758294013017, "Editor": "dsimsGT"}}, {"type": "Feature", "id": 483, "geometry": {"type": "LineString", "coordinates": [[-84.4034398695214, 33.7746575401151], [-84.4034666916115, 33.7748024596887], [-84.40345730388, 33.7749016737169], [-84.4034210940583, 33.7749841661922], [-84.4033714731915, 33.7749819366669]]}, "properties": {"OBJECTID": 483, "FACILITYID": null, "SURFTYPE": null, "ADACOMPLY": "Yes", "CONDITION": null, "WIDTH": null, "INSTALLDATE": null, "OWNEDBY": null, "MAINTBY": null, "LASTUPDATE": null, "LASTEDITOR": null, "Shape__Length": 136.64126166541902, "GlobalID": "05a04ee0-e6e2-4eee-b43b-e2abe9a8450d", "Status": null, "CreationDate": 1758294013017, "Creator": "dsimsGT", "EditDate": 1758294013017, "Editor": "dsimsGT"}}, {"type": "Feature", "id": 484, "geometry": {"type": "LineString", "coordinates": [[-84.4034666916384, 33.7748024594395], [-84.4034117063268, 33.7748046892187]]}, "properties": {"OBJECTID": 484, "FACILITYID": null, "SURFTYPE": null, "ADACOMPLY": "Yes", "CONDITION": null, "WIDTH": null, "INSTALLDATE": null, "OWNEDBY": null, "MAINTBY": null, "LASTUPDATE": null, "LASTEDITOR": null, "Shape__Length": 16.727960518001826, "GlobalID": "38a16bd9-0361-4c90-a485-7c63c664d708", "Status": null, "CreationDate": 1758294013017, "Creator": "dsimsGT", "EditDate": 1758294013017, "Editor": "dsimsGT"}}, {"type": "Feature", "id": 485, "geometry": {"type": "LineString", "coordinates": [[-84.4034398697406, 33.7746575401587], [-84.4029919406158, 33.7746430481443], [-84.4028926988823, 33.7746374743087], [-84.4028605123741, 33.7746564253482]]}, "properties": {"OBJECTID": 485, "FACILITYID": null, "SURFTYPE": null, "ADACOMPLY": "Yes", "CONDITION": null, "WIDTH": null, "INSTALLDATE": null, "OWNEDBY": null, "MAINTBY": null, "LASTUPDATE": null, "LASTEDITOR": null, "Shape__Length": 178.4051768797901, "GlobalID": "ab531fa2-f2db-4c60-a739-b8c383fd0579", "Status": null, "CreationDate": 1758294013017, "Creator": "dsimsGT", "EditDate": 1758294013017, "Editor": "dsimsGT"}}, {"type": "Feature", "id": 486, "geometry": {"type": "LineString", "coordinates": [[-84.4028605120779, 33.7746564253251], [-84.4027974804622, 33.7747277704006], [-84.4027787051999, 33.774823640492]]}, "properties": {"OBJECTID": 486, "FACILITYID": null, "SURFTYPE": null, "ADACOMPLY": "Yes", "CONDITION": null, "WIDTH": null, "INSTALLDATE": null, "OWNEDBY": null, "MAINTBY": null, "LASTUPDATE": null, "LASTEDITOR": null, "Shape__Length": 67.60898571876862, "GlobalID": "d28b5357-2870-4518-aa71-7fde5694ea72", "Status": null, "CreationDate": 1758294013017, "Creator": "dsimsGT", "EditDate": 1758294013017, "Editor": "dsimsGT"}}, {"type": "Feature", "id": 487, "geometry": {"type": "LineString", "coordinates": [[-84.4028605120779, 33.7746564253251], [-84.4026640037532, 33.7746378570965]]}, "properties": {"OBJECTID": 487, "FACILITYID": null, "SURFTYPE": null, "ADACOMPLY": "Yes", "CONDITION": null, "WIDTH": null, "INSTALLDATE": null, "OWNEDBY": null, "MAINTBY": null, "LASTUPDATE": null, "LASTEDITOR": null, "Shape__Length": 60.09370909520558, "GlobalID": "bd1ac8a2-087e-4ce4-978e-660f2ef525cc", "Status": null, "CreationDate": 1758294013017, "Creator": "dsimsGT", "EditDate": 1758294013017, "Editor": "dsimsGT"}}, {"type": "Feature", "id": 489, "geometry": {"type": "LineString", "coordinates": [[-84.4030268290066, 33.7754563927804], [-84.4030254682285, 33.7755426604561], [-84.4029973050339, 33.7759417419511], [-84.4029852350933, 33.7760242334249]]}, "properties": {"OBJECTID": 489, "FACILITYID": null, "SURFTYPE": null, "ADACOMPLY": "Yes", "CONDITION": null, "WIDTH": null, "INSTALLDATE": null, "OWNEDBY": null, "MAINTBY": null, "LASTUPDATE": null, "LASTEDITOR": null, "Shape__Length": 207.09824015502912, "GlobalID": "913e9272-88c6-402f-97e1-f20d62c89646", "Status": null, "CreationDate": 1758294013017, "Creator": "dsimsGT", "EditDate": 1758294013017, "Editor": "dsimsGT"}}, {"type": "Feature", "id": 490, "geometry": {"type": "LineString", "coordinates": [[-84.4029973048344, 33.7759417418927], [-84.403541793464, 33.7759841024476], [-84.4037510057672, 33.7759941351937]]}, "properties": {"OBJECTID": 490, "FACILITYID": null, "SURFTYPE": null, "ADACOMPLY": "No", "CONDITION": null, "WIDTH": null, "INSTALLDATE": null, "OWNEDBY": null, "MAINTBY": null, "LASTUPDATE": null, "LASTEDITOR": null, "Shape__Length": 229.8436056126194, "GlobalID": "be9a842d-0b4f-466f-b662-039fdd74f464", "Status": null, "CreationDate": 1758294013017, "Creator": "dsimsGT", "EditDate": 1758294013017, "Editor": "dsimsGT"}}, {"type": "Feature", "id": 491, "geometry": {"type": "LineString", "coordinates": [[-84.4012378986549, 33.7749485433341], [-84.4012652685627, 33.7749914121491], [-84.4014402827009, 33.7751396754397], [-84.4015355011209, 33.7752238398252], [-84.4016602238402, 33.7753252828819], [-84.401810427545, 33.7754635127877]]}, "properties": {"OBJECTID": 491, "FACILITYID": null, "SURFTYPE": null, "ADACOMPLY": "Yes", "CONDITION": null, "WIDTH": null, "INSTALLDATE": null, "OWNEDBY": null, "MAINTBY": null, "LASTUPDATE": null, "LASTEDITOR": null, "Shape__Length": 256.3860162015827, "GlobalID": "d8a14ce6-9aa4-4450-bfa8-a1d53967933c", "Status": null, "CreationDate": 1758294013017, "Creator": "dsimsGT", "EditDate": 1758294013017, "Editor": "dsimsGT"}}, {"type": "Feature", "id": 492, "geometry": {"type": "LineString", "coordinates": [[-84.4007354277059, 33.7757197190622], [-84.400796553112, 33.7756931522617], [-84.4008394679905, 33.7756530212769], [-84.4008716549438, 33.7755950543278], [-84.4009118877289, 33.7755081029331], [-84.4009333458435, 33.7754545942599], [-84.4009885199591, 33.7754067127958]]}, "properties": {"OBJECTID": 492, "FACILITYID": null, "SURFTYPE": "Gravel", "ADACOMPLY": "Yes", "CONDITION": null, "WIDTH": null, "INSTALLDATE": null, "OWNEDBY": null, "MAINTBY": null, "LASTUPDATE": null, "LASTEDITOR": null, "Shape__Length": 142.39716276377064, "GlobalID": "2183f711-a678-41b6-82dd-379b5c01f48c", "Status": null, "CreationDate": 1758294013017, "Creator": "dsimsGT", "EditDate": 1758294013017, "Editor": "dsimsGT"}}, {"type": "Feature", "id": 493, "geometry": {"type": "LineString", "coordinates": [[-84.3973663050398, 33.7770173932232], [-84.3970977859711, 33.7770085510829], [-84.3969744045196, 33.7770018630286]]}, "properties": {"OBJECTID": 493, "FACILITYID": null, "SURFTYPE": null, "ADACOMPLY": "No", "CONDITION": null, "WIDTH": null, "INSTALLDATE": null, "OWNEDBY": null, "MAINTBY": null, "LASTUPDATE": null, "LASTEDITOR": null, "Shape__Length": 119.22521921691424, "GlobalID": "d1ac6cd9-1eab-44cd-9a81-7858724194e8", "Status": null, "CreationDate": 1758294013017, "Creator": "dsimsGT", "EditDate": 1758294013017, "Editor": "dsimsGT"}}, {"type": "Feature", "id": 494, "geometry": {"type": "LineString", "coordinates": [[-84.3974893888225, 33.7772314982031], [-84.3975296219577, 33.7771802204513], [-84.3976047238101, 33.7770955006204]]}, "properties": {"OBJECTID": 494, "FACILITYID": null, "SURFTYPE": null, "ADACOMPLY": "No", "CONDITION": null, "WIDTH": null, "INSTALLDATE": null, "OWNEDBY": null, "MAINTBY": null, "LASTUPDATE": null, "LASTEDITOR": null, "Shape__Length": 60.661428510497686, "GlobalID": "9a3d598a-0baf-4b1d-a351-fbc0eb3c7d66", "Status": null, "CreationDate": 1758294013017, "Creator": "dsimsGT", "EditDate": 1758294013017, "Editor": "dsimsGT"}}, {"type": "Feature", "id": 495, "geometry": {"type": "LineString", "coordinates": [[-84.3975001176585, 33.777116680586], [-84.3975765606154, 33.77706428803]]}, "properties": {"OBJECTID": 495, "FACILITYID": null, "SURFTYPE": null, "ADACOMPLY": "Yes", "CONDITION": null, "WIDTH": null, "INSTALLDATE": null, "OWNEDBY": null, "MAINTBY": null, "LASTUPDATE": null, "LASTEDITOR": null, "Shape__Length": 30.04957190343504, "GlobalID": "7146489c-ee5e-47b9-9d9d-1891f9c1725f", "Status": null, "CreationDate": 1758294013017, "Creator": "dsimsGT", "EditDate": 1758294013017, "Editor": "dsimsGT"}}, {"type": "Feature", "id": 496, "geometry": {"type": "LineString", "coordinates": [[-84.3978133716715, 33.7770878100093], [-84.3976664146175, 33.7770832385327], [-84.3976047235737, 33.777095500873], [-84.3975765604913, 33.7770642879091], [-84.3975269393516, 33.7770152395829]]}, "properties": {"OBJECTID": 496, "FACILITYID": null, "SURFTYPE": null, "ADACOMPLY": "Yes", "CONDITION": null, "WIDTH": null, "INSTALLDATE": null, "OWNEDBY": null, "MAINTBY": null, "LASTUPDATE": null, "LASTEDITOR": null, "Shape__Length": 101.53880546670034, "GlobalID": "94672b9a-0d0b-45b8-a8c3-26f10370104f", "Status": null, "CreationDate": 1758294013017, "Creator": "dsimsGT", "EditDate": 1758294013017, "Editor": "dsimsGT"}}, {"type": "Feature", "id": 497, "geometry": {"type": "LineString", "coordinates": [[-84.3975269393516, 33.7770152395829], [-84.3975269397487, 33.7768157016361]]}, "properties": {"OBJECTID": 497, "FACILITYID": null, "SURFTYPE": "Gravel", "ADACOMPLY": "No", "CONDITION": null, "WIDTH": null, "INSTALLDATE": null, "OWNEDBY": null, "MAINTBY": null, "LASTUPDATE": null, "LASTEDITOR": null, "Shape__Length": 72.60592146573673, "GlobalID": "ffa9ccc0-7ee1-4fdc-befa-6932032c0d65", "Status": null, "CreationDate": 1758294013017, "Creator": "dsimsGT", "EditDate": 1758294013017, "Editor": "dsimsGT"}}, {"type": "Feature", "id": 498, "geometry": {"type": "LineString", "coordinates": [[-84.3978213983497, 33.7768091350149], [-84.3975269393516, 33.776815701581], [-84.3974183102835, 33.7768000952913]]}, "properties": {"OBJECTID": 498, "FACILITYID": null, "SURFTYPE": "Concrete", "ADACOMPLY": "Yes", "CONDITION": null, "WIDTH": null, "INSTALLDATE": null, "OWNEDBY": null, "MAINTBY": null, "LASTUPDATE": null, "LASTEDITOR": null, "Shape__Length": 122.99945280430398, "GlobalID": "acf0988a-b518-41df-9bdc-fd3a968c76e7", "Status": null, "CreationDate": 1758294013017, "Creator": "dsimsGT", "EditDate": 1758294013017, "Editor": "dsimsGT"}}, {"type": "Feature", "id": 499, "geometry": {"type": "LineString", "coordinates": [[-84.3963851368709, 33.778231890592], [-84.3963574968701, 33.7783027505233], [-84.3963682257575, 33.7784142224457], [-84.396357496226, 33.7785836590913], [-84.3963732981044, 33.7786738137427]]}, "properties": {"OBJECTID": 499, "FACILITYID": null, "SURFTYPE": "Concrete", "ADACOMPLY": "Yes", "CONDITION": null, "WIDTH": null, "INSTALLDATE": null, "OWNEDBY": null, "MAINTBY": null, "LASTUPDATE": null, "LASTEDITOR": null, "Shape__Length": 162.7025348454219, "GlobalID": "64af275a-de06-42aa-b8a2-f04638df495a", "Status": null, "CreationDate": 1758294013017, "Creator": "dsimsGT", "EditDate": 1758294013017, "Editor": "dsimsGT"}}, {"type": "Feature", "id": 500, "geometry": {"type": "LineString", "coordinates": [[-84.3972948620341, 33.7784923922094], [-84.3972443753816, 33.7784326863322], [-84.3971903228558, 33.7783662896288], [-84.3971573049329, 33.7783148661101]]}, "properties": {"OBJECTID": 500, "FACILITYID": null, "SURFTYPE": "Concrete", "ADACOMPLY": "Yes", "CONDITION": null, "WIDTH": null, "INSTALLDATE": null, "OWNEDBY": null, "MAINTBY": null, "LASTUPDATE": null, "LASTEDITOR": null, "Shape__Length": 77.04074261296418, "GlobalID": "06cb2fda-4f3f-4f4c-a721-fda77d5f2c62", "Status": null, "CreationDate": 1758294013017, "Creator": "dsimsGT", "EditDate": 1758911320656, "Editor": "aramirez91_GTFacilities"}}, {"type": "Feature", "id": 501, "geometry": {"type": "LineString", "coordinates": [[-84.3977938195457, 33.7783328477206], [-84.3977897962322, 33.7783785511901], [-84.3977911373367, 33.7785290380516], [-84.3977783167142, 33.7788035275225], [-84.3977790673961, 33.7792045535949], [-84.3977665784284, 33.7796026370959]]}, "properties": {"OBJECTID": 501, "FACILITYID": null, "SURFTYPE": "Brickpaver", "ADACOMPLY": "Yes", "CONDITION": null, "WIDTH": null, "INSTALLDATE": null, "OWNEDBY": null, "MAINTBY": null, "LASTUPDATE": null, "LASTEDITOR": null, "Shape__Length": 462.21093898566335, "GlobalID": "0d1a9c93-5e60-491e-bb3a-d1118a1e5680", "Status": null, "CreationDate": 1758294013017, "Creator": "dsimsGT", "EditDate": 1758294013017, "Editor": "dsimsGT"}}, {"type": "Feature", "id": 502, "geometry": {"type": "LineString", "coordinates": [[-84.3977665784284, 33.7796026370959], [-84.3977720267106, 33.779904094651], [-84.3977616330376, 33.7800528419711], [-84.397746880888, 33.7804273792375], [-84.3977428575745, 33.7807350336241], [-84.3977281054249, 33.7808732548003]]}, "properties": {"OBJECTID": 502, "FACILITYID": null, "SURFTYPE": "Brickpaver", "ADACOMPLY": "Yes", "CONDITION": null, "WIDTH": null, "INSTALLDATE": null, "OWNEDBY": null, "MAINTBY": null, "LASTUPDATE": null, "LASTEDITOR": null, "Shape__Length": 462.7244935330586, "GlobalID": "33b67243-ac53-4f2d-b221-b9f2c0abe33d", "Status": null, "CreationDate": 1758294013017, "Creator": "dsimsGT", "EditDate": 1758294013017, "Editor": "dsimsGT"}}, {"type": "Feature", "id": 503, "geometry": {"type": "LineString", "coordinates": [[-84.3977281053814, 33.7808732547606], [-84.3977133532753, 33.7814261372745]]}, "properties": {"OBJECTID": 503, "FACILITYID": null, "SURFTYPE": "Asphalt", "ADACOMPLY": "Yes", "CONDITION": null, "WIDTH": null, "INSTALLDATE": null, "OWNEDBY": null, "MAINTBY": null, "LASTUPDATE": null, "LASTEDITOR": null, "Shape__Length": 201.22756413770597, "GlobalID": "86f8c5ab-2446-4cde-83a5-a5ae38de43d5", "Status": null, "CreationDate": 1758294013017, "Creator": "dsimsGT", "EditDate": 1758294013017, "Editor": "dsimsGT"}}, {"type": "Feature", "id": 504, "geometry": {"type": "LineString", "coordinates": [[-84.3988156498818, 33.7747437690942], [-84.398902124406, 33.7747109595616]]}, "properties": {"OBJECTID": 504, "FACILITYID": null, "SURFTYPE": null, "ADACOMPLY": "Steps", "CONDITION": null, "WIDTH": null, "INSTALLDATE": null, "OWNEDBY": null, "MAINTBY": null, "LASTUPDATE": null, "LASTEDITOR": null, "Shape__Length": 28.861714203703524, "GlobalID": "debfed5a-a2b7-45c3-9487-122e2814af08", "Status": null, "CreationDate": 1758294013017, "Creator": "dsimsGT", "EditDate": 1758294013017, "Editor": "dsimsGT"}}, {"type": "Feature", "id": 505, "geometry": {"type": "LineString", "coordinates": [[-84.3983736536091, 33.7749430251878], [-84.3984372255852, 33.774917731315]]}, "properties": {"OBJECTID": 505, "FACILITYID": null, "SURFTYPE": null, "ADACOMPLY": "Yes", "CONDITION": null, "WIDTH": null, "INSTALLDATE": null, "OWNEDBY": null, "MAINTBY": null, "LASTUPDATE": null, "LASTEDITOR": null, "Shape__Length": 21.397937814321562, "GlobalID": "1bda6f6b-2ecd-4acc-a1bb-56d1ad6badc2", "Status": null, "CreationDate": 1758294013017, "Creator": "dsimsGT", "EditDate": 1758294013017, "Editor": "dsimsGT"}}, {"type": "Feature", "id": 506, "geometry": {"type": "LineString", "coordinates": [[-84.3978062915568, 33.7733939426589], [-84.3982118415925, 33.773395726285], [-84.3982751416597, 33.7733876998991], [-84.3983309315745, 33.7733662960413], [-84.3983652638171, 33.7733386494148]]}, "properties": {"OBJECTID": 506, "FACILITYID": null, "SURFTYPE": null, "ADACOMPLY": "Yes", "CONDITION": null, "WIDTH": null, "INSTALLDATE": null, "OWNEDBY": null, "MAINTBY": null, "LASTUPDATE": null, "LASTEDITOR": null, "Shape__Length": 175.84211855547602, "GlobalID": "bc590f3d-a9a0-400f-9fd8-9be5e45f2978", "Status": null, "CreationDate": 1758294013017, "Creator": "dsimsGT", "EditDate": 1758294013017, "Editor": "dsimsGT"}}, {"type": "Feature", "id": 507, "geometry": {"type": "LineString", "coordinates": [[-84.4020168619737, 33.7760743206193], [-84.4020317102271, 33.7759729552656], [-84.4020346755658, 33.7759384459773]]}, "properties": {"OBJECTID": 507, "FACILITYID": null, "SURFTYPE": null, "ADACOMPLY": "Steps", "CONDITION": null, "WIDTH": null, "INSTALLDATE": null, "OWNEDBY": null, "MAINTBY": null, "LASTUPDATE": null, "LASTEDITOR": null, "Shape__Length": 49.74796315404756, "GlobalID": "e5196e5a-60e4-4fb6-aaf7-f4756104e441", "Status": null, "CreationDate": 1758294013017, "Creator": "dsimsGT", "EditDate": 1758294013017, "Editor": "dsimsGT"}}, {"type": "Feature", "id": 509, "geometry": {"type": "LineString", "coordinates": [[-84.3986202230694, 33.774827584539], [-84.3986145281456, 33.7748301595401], [-84.3986873532751, 33.774797234982]]}, "properties": {"OBJECTID": 509, "FACILITYID": null, "SURFTYPE": null, "ADACOMPLY": "Yes", "CONDITION": null, "WIDTH": null, "INSTALLDATE": null, "OWNEDBY": null, "MAINTBY": null, "LASTUPDATE": null, "LASTEDITOR": null, "Shape__Length": 27.131916886625113, "GlobalID": "88d44bb9-5fed-4960-95ad-eb1d90982cef", "Status": null, "CreationDate": 1758294013017, "Creator": "dsimsGT", "EditDate": 1758911320656, "Editor": "aramirez91_GTFacilities"}}, {"type": "Feature", "id": 510, "geometry": {"type": "LineString", "coordinates": [[-84.3987705239118, 33.7747616549474], [-84.3987863279726, 33.7747548942701], [-84.3988156498818, 33.7747437690942]]}, "properties": {"OBJECTID": 510, "FACILITYID": null, "SURFTYPE": null, "ADACOMPLY": "Yes", "CONDITION": null, "WIDTH": null, "INSTALLDATE": null, "OWNEDBY": null, "MAINTBY": null, "LASTUPDATE": null, "LASTEDITOR": null, "Shape__Length": 15.18223830797011, "GlobalID": "2564f9f1-907a-417e-b0af-d2f86c4f2917", "Status": null, "CreationDate": 1758294013017, "Creator": "dsimsGT", "EditDate": 1758294013017, "Editor": "dsimsGT"}}, {"type": "Feature", "id": 511, "geometry": {"type": "LineString", "coordinates": [[-84.3984372255819, 33.7749177310603], [-84.3986145281456, 33.7748301595401]]}, "properties": {"OBJECTID": 511, "FACILITYID": null, "SURFTYPE": null, "ADACOMPLY": "Steps", "CONDITION": null, "WIDTH": null, "INSTALLDATE": null, "OWNEDBY": null, "MAINTBY": null, "LASTUPDATE": null, "LASTEDITOR": null, "Shape__Length": 62.59420473354552, "GlobalID": "22eeaca1-e87d-4f1e-bded-2cb3378a31b8", "Status": null, "CreationDate": 1758294013017, "Creator": "dsimsGT", "EditDate": 1758911320656, "Editor": "aramirez91_GTFacilities"}}, {"type": "Feature", "id": 512, "geometry": {"type": "LineString", "coordinates": [[-84.3989761294157, 33.7746756582557], [-84.3990429766493, 33.774640747463]]}, "properties": {"OBJECTID": 512, "FACILITYID": null, "SURFTYPE": null, "ADACOMPLY": "Steps", "CONDITION": null, "WIDTH": null, "INSTALLDATE": null, "OWNEDBY": null, "MAINTBY": null, "LASTUPDATE": null, "LASTEDITOR": null, "Shape__Length": 23.957760801594564, "GlobalID": "7642855f-0bb6-4d34-8a18-ca65afcca875", "Status": null, "CreationDate": 1758294013017, "Creator": "dsimsGT", "EditDate": 1758294013017, "Editor": "dsimsGT"}}, {"type": "Feature", "id": 513, "geometry": {"type": "LineString", "coordinates": [[-84.3992108026056, 33.7747553437872], [-84.3992107046892, 33.7747191860273]]}, "properties": {"OBJECTID": 513, "FACILITYID": null, "SURFTYPE": "Brickpaver", "ADACOMPLY": "Yes", "CONDITION": null, "WIDTH": null, "INSTALLDATE": null, "OWNEDBY": null, "MAINTBY": null, "LASTUPDATE": null, "LASTEDITOR": null, "Shape__Length": 13.156763023637494, "GlobalID": "a9facb6d-c693-48c9-ae16-bb4cd906a482", "Status": null, "CreationDate": 1758294013017, "Creator": "dsimsGT", "EditDate": 1758294013017, "Editor": "dsimsGT"}}, {"type": "Feature", "id": 514, "geometry": {"type": "LineString", "coordinates": [[-84.399210533111, 33.7746554210042], [-84.3992104441778, 33.7746224464154]]}, "properties": {"OBJECTID": 514, "FACILITYID": null, "SURFTYPE": "Brickpaver", "ADACOMPLY": "Yes", "CONDITION": null, "WIDTH": null, "INSTALLDATE": null, "OWNEDBY": null, "MAINTBY": null, "LASTUPDATE": null, "LASTEDITOR": null, "Shape__Length": 11.998498664568666, "GlobalID": "8ac12799-56b9-40ae-bf0b-6348ab2dc7a6", "Status": null, "CreationDate": 1758294013017, "Creator": "dsimsGT", "EditDate": 1758294013017, "Editor": "dsimsGT"}}, {"type": "Feature", "id": 515, "geometry": {"type": "LineString", "coordinates": [[-84.3985571893032, 33.7744526815919], [-84.3985588188471, 33.7743643190141]]}, "properties": {"OBJECTID": 515, "FACILITYID": null, "SURFTYPE": null, "ADACOMPLY": "Steps", "CONDITION": null, "WIDTH": null, "INSTALLDATE": null, "OWNEDBY": null, "MAINTBY": null, "LASTUPDATE": null, "LASTEDITOR": null, "Shape__Length": 32.156314026831815, "GlobalID": "2134a760-f485-4250-93f9-c7e454511c2e", "Status": null, "CreationDate": 1758294013017, "Creator": "dsimsGT", "EditDate": 1758294013017, "Editor": "dsimsGT"}}, {"type": "Feature", "id": 517, "geometry": {"type": "LineString", "coordinates": [[-84.3963802093487, 33.7739950822849], [-84.3963758264684, 33.7739950106004], [-84.3962798046494, 33.7739971454523]]}, "properties": {"OBJECTID": 517, "FACILITYID": null, "SURFTYPE": "Concrete", "ADACOMPLY": "Steps", "CONDITION": null, "WIDTH": null, "INSTALLDATE": null, "OWNEDBY": null, "MAINTBY": null, "LASTUPDATE": null, "LASTEDITOR": null, "Shape__Length": 30.520637369159704, "GlobalID": "fac84f50-64a0-4a95-9717-fbae088311fc", "Status": null, "CreationDate": 1758294013017, "Creator": "dsimsGT", "EditDate": 1758294013017, "Editor": "dsimsGT"}}, {"type": "Feature", "id": 518, "geometry": {"type": "LineString", "coordinates": [[-84.3962798046494, 33.7739971454523], [-84.3962705654767, 33.7739973507982], [-84.3962224220452, 33.7739979519351]]}, "properties": {"OBJECTID": 518, "FACILITYID": null, "SURFTYPE": "Concrete", "ADACOMPLY": "No", "CONDITION": null, "WIDTH": null, "INSTALLDATE": null, "OWNEDBY": null, "MAINTBY": null, "LASTUPDATE": null, "LASTEDITOR": null, "Shape__Length": 17.439519339241016, "GlobalID": "e5cb4b56-4fec-4f0e-b177-68cbc963d022", "Status": null, "CreationDate": 1758294013017, "Creator": "dsimsGT", "EditDate": 1758294013017, "Editor": "dsimsGT"}}, {"type": "Feature", "id": 519, "geometry": {"type": "LineString", "coordinates": [[-84.3962224220657, 33.773997951902], [-84.3960774043344, 33.7739997626804], [-84.396043266557, 33.7739998455656]]}, "properties": {"OBJECTID": 519, "FACILITYID": null, "SURFTYPE": "Concrete", "ADACOMPLY": "Steps", "CONDITION": null, "WIDTH": null, "INSTALLDATE": null, "OWNEDBY": null, "MAINTBY": null, "LASTUPDATE": null, "LASTEDITOR": null, "Shape__Length": 54.445071659087134, "GlobalID": "95ea301c-3cda-456d-80f4-6edc1fdef723", "Status": null, "CreationDate": 1758294013017, "Creator": "dsimsGT", "EditDate": 1758294013017, "Editor": "dsimsGT"}}, {"type": "Feature", "id": 520, "geometry": {"type": "LineString", "coordinates": [[-84.396043266557, 33.7739998455656], [-84.3959900413764, 33.7739999754936]]}, "properties": {"OBJECTID": 520, "FACILITYID": null, "SURFTYPE": "Concrete", "ADACOMPLY": "Yes", "CONDITION": null, "WIDTH": null, "INSTALLDATE": null, "OWNEDBY": null, "MAINTBY": null, "LASTUPDATE": null, "LASTEDITOR": null, "Shape__Length": 16.173639455207816, "GlobalID": "3dbf2637-1ccb-4c73-a9e5-f4e5a88f612e", "Status": null, "CreationDate": 1758294013017, "Creator": "dsimsGT", "EditDate": 1758294013017, "Editor": "dsimsGT"}}, {"type": "Feature", "id": 521, "geometry": {"type": "LineString", "coordinates": [[-84.3959900413764, 33.7739999754936], [-84.3959188283305, 33.774000148731], [-84.395828973446, 33.7740024598069], [-84.3958086418761, 33.774002158135]]}, "properties": {"OBJECTID": 521, "FACILITYID": null, "SURFTYPE": "Concrete", "ADACOMPLY": "Steps", "CONDITION": null, "WIDTH": null, "INSTALLDATE": null, "OWNEDBY": null, "MAINTBY": null, "LASTUPDATE": null, "LASTEDITOR": null, "Shape__Length": 55.135997125382076, "GlobalID": "0c7d384d-f095-4f1d-8ca8-388446e42384", "Status": null, "CreationDate": 1758294013017, "Creator": "dsimsGT", "EditDate": 1758294013017, "Editor": "dsimsGT"}}, {"type": "Feature", "id": 522, "geometry": {"type": "LineString", "coordinates": [[-84.3965001685751, 33.7739970371789], [-84.3963802093487, 33.7739950822849]]}, "properties": {"OBJECTID": 522, "FACILITYID": null, "SURFTYPE": "Concrete", "ADACOMPLY": "Steps", "CONDITION": null, "WIDTH": null, "INSTALLDATE": null, "OWNEDBY": null, "MAINTBY": null, "LASTUPDATE": null, "LASTEDITOR": null, "Shape__Length": 36.459030577731944, "GlobalID": "72d75538-9cf6-4dd3-b475-aae930564b66", "Status": null, "CreationDate": 1758294013017, "Creator": "dsimsGT", "EditDate": 1758294013017, "Editor": "dsimsGT"}}, {"type": "Feature", "id": 523, "geometry": {"type": "LineString", "coordinates": [[-84.4023461733188, 33.7743286129969], [-84.4023240450944, 33.7743464493339], [-84.4022744242277, 33.7743888106192], [-84.4022241328087, 33.7744406474266], [-84.4022046867933, 33.7744713035883], [-84.402174511942, 33.7745398618739], [-84.4021577481356, 33.7745956002769], [-84.4021490309563, 33.7746390762062], [-84.4021470192996, 33.7746596993956], [-84.4020759407607, 33.7746602567791]]}, "properties": {"OBJECTID": 523, "FACILITYID": null, "SURFTYPE": "Concrete", "ADACOMPLY": "Yes", "CONDITION": null, "WIDTH": 15, "INSTALLDATE": null, "OWNEDBY": null, "MAINTBY": null, "LASTUPDATE": null, "LASTEDITOR": null, "Shape__Length": 160.46478568080266, "GlobalID": "e65c78bf-d6c3-413a-9aaa-ea0c05fbc7ce", "Status": null, "CreationDate": 1758294013017, "Creator": "dsimsGT", "EditDate": 1758294013017, "Editor": "dsimsGT"}}, {"type": "Feature", "id": 524, "geometry": {"type": "LineString", "coordinates": [[-84.4024259685685, 33.7743241534724], [-84.4024092050944, 33.7743548100971], [-84.4023260564918, 33.7745236976961], [-84.4022931999683, 33.774597272098], [-84.4022630246913, 33.7746875688146], [-84.4022382148358, 33.7747973733359], [-84.4022268147257, 33.7749071775019], [-84.4022082470169, 33.7749867981287]]}, "properties": {"OBJECTID": 524, "FACILITYID": null, "SURFTYPE": "Concrete", "ADACOMPLY": "Yes", "CONDITION": null, "WIDTH": 15, "INSTALLDATE": null, "OWNEDBY": null, "MAINTBY": null, "LASTUPDATE": null, "LASTEDITOR": null, "Shape__Length": 251.67184209249126, "GlobalID": "8464fc62-ed62-404a-84f1-e497225da338", "Status": null, "CreationDate": 1758294013017, "Creator": "dsimsGT", "EditDate": 1758294013017, "Editor": "dsimsGT"}}, {"type": "Feature", "id": 525, "geometry": {"type": "LineString", "coordinates": [[-84.4022207800474, 33.7750710473813], [-84.4021423254338, 33.7750771785694], [-84.4020350370732, 33.7750755064272], [-84.4020129088488, 33.7750699326198], [-84.4019787106839, 33.7750682604774], [-84.4019411597577, 33.7750682604774]]}, "properties": {"OBJECTID": 525, "FACILITYID": null, "SURFTYPE": "Concrete", "ADACOMPLY": "Steps", "CONDITION": null, "WIDTH": 6, "INSTALLDATE": null, "OWNEDBY": null, "MAINTBY": null, "LASTUPDATE": null, "LASTEDITOR": null, "Shape__Length": 85.39421292890523, "GlobalID": "67be3082-26a5-4c85-8de6-1cdd2084be50", "Status": null, "CreationDate": 1758294013017, "Creator": "dsimsGT", "EditDate": 1758294013017, "Editor": "dsimsGT"}}, {"type": "Feature", "id": 526, "geometry": {"type": "LineString", "coordinates": [[-84.4026438985194, 33.7738854903096], [-84.4026251230563, 33.7739233927172], [-84.4024641905154, 33.7742455625043]]}, "properties": {"OBJECTID": 526, "FACILITYID": null, "SURFTYPE": "Concrete", "ADACOMPLY": "Yes", "CONDITION": null, "WIDTH": 15, "INSTALLDATE": null, "OWNEDBY": null, "MAINTBY": null, "LASTUPDATE": null, "LASTEDITOR": null, "Shape__Length": 141.94422675264872, "GlobalID": "095abb44-266e-4f7c-b187-b3efcef42c37", "Status": null, "CreationDate": 1758294013017, "Creator": "dsimsGT", "EditDate": 1758294013017, "Editor": "dsimsGT"}}, {"type": "Feature", "id": 527, "geometry": {"type": "LineString", "coordinates": [[-84.4023421500053, 33.7743291703825], [-84.402383724245, 33.7743470067194], [-84.4024092052306, 33.774358154428]]}, "properties": {"OBJECTID": 527, "FACILITYID": null, "SURFTYPE": "Concrete", "ADACOMPLY": "Yes", "CONDITION": null, "WIDTH": 6, "INSTALLDATE": null, "OWNEDBY": null, "MAINTBY": null, "LASTUPDATE": null, "LASTEDITOR": null, "Shape__Length": 22.94380342620724, "GlobalID": "07643fc9-9eae-4a0e-a902-68cd4847deb7", "Status": null, "CreationDate": 1758294013017, "Creator": "dsimsGT", "EditDate": 1758294013017, "Editor": "dsimsGT"}}, {"type": "Feature", "id": 528, "geometry": {"type": "LineString", "coordinates": [[-84.4024092052306, 33.774358154428], [-84.4024293217982, 33.7743804498409], [-84.4024427328433, 33.7743971713967], [-84.4024400506343, 33.7744562542012], [-84.4024360273208, 33.7745086483522], [-84.4024387095298, 33.7745510095574]]}, "properties": {"OBJECTID": 528, "FACILITYID": null, "SURFTYPE": "Concrete", "ADACOMPLY": "Yes", "CONDITION": null, "WIDTH": 6, "INSTALLDATE": null, "OWNEDBY": null, "MAINTBY": null, "LASTUPDATE": null, "LASTEDITOR": null, "Shape__Length": 73.53420156618363, "GlobalID": "0062b15f-483a-4e70-b205-036049f071dd", "Status": null, "CreationDate": 1758294013017, "Creator": "dsimsGT", "EditDate": 1758294013017, "Editor": "dsimsGT"}}, {"type": "Feature", "id": 529, "geometry": {"type": "LineString", "coordinates": [[-84.4028638396585, 33.7739824758484], [-84.4028732273901, 33.7740159191122], [-84.4028705451811, 33.7740415589389], [-84.4028303120459, 33.7740928385694], [-84.4028008077467, 33.7741251670163], [-84.4027444813574, 33.7741786761429], [-84.4027029071177, 33.7742232670563], [-84.4026653561915, 33.7742645136305], [-84.4026438985194, 33.7743191374415], [-84.4026224408473, 33.7743849089227], [-84.4026170764292, 33.774451795123], [-84.4026170764292, 33.7745086483523], [-84.4026237819517, 33.774537632337]]}, "properties": {"OBJECTID": 529, "FACILITYID": null, "SURFTYPE": "Concrete", "ADACOMPLY": "Yes", "CONDITION": null, "WIDTH": 6, "INSTALLDATE": null, "OWNEDBY": null, "MAINTBY": null, "LASTUPDATE": null, "LASTEDITOR": null, "Shape__Length": 225.84676236872394, "GlobalID": "13cc1775-b1f6-4c2b-b24a-7e4ddfdabd03", "Status": null, "CreationDate": 1758294013017, "Creator": "dsimsGT", "EditDate": 1758294013017, "Editor": "dsimsGT"}}, {"type": "Feature", "id": 530, "geometry": {"type": "LineString", "coordinates": [[-84.4024427328434, 33.7746424205075], [-84.4024494383659, 33.7746680601467], [-84.40246553162, 33.7747293722964], [-84.4024816248741, 33.7747973729929], [-84.4024936948146, 33.7748731769843], [-84.4024963770237, 33.7749088494277], [-84.4024923537101, 33.7749523251979], [-84.4024749193515, 33.7751719332388], [-84.4024722371425, 33.7751964579596]]}, "properties": {"OBJECTID": 530, "FACILITYID": null, "SURFTYPE": "Concrete", "ADACOMPLY": "Yes", "CONDITION": null, "WIDTH": 6, "INSTALLDATE": null, "OWNEDBY": null, "MAINTBY": null, "LASTUPDATE": null, "LASTEDITOR": null, "Shape__Length": 203.35400697266414, "GlobalID": "f95f87d5-0d6f-446b-a745-30c4eb65392a", "Status": null, "CreationDate": 1758294013017, "Creator": "dsimsGT", "EditDate": 1758294013017, "Editor": "dsimsGT"}}, {"type": "Feature", "id": 531, "geometry": {"type": "LineString", "coordinates": [[-84.4023327622738, 33.7754305572147], [-84.4022925291386, 33.775442819539], [-84.4021892640915, 33.7754751474764], [-84.4021275732842, 33.7754940983307], [-84.4020766113129, 33.7755019016224], [-84.4018687401143, 33.7754996721105], [-84.4018258247701, 33.7754773769889], [-84.4018110726205, 33.7754617704004]]}, "properties": {"OBJECTID": 531, "FACILITYID": null, "SURFTYPE": "Concrete", "ADACOMPLY": "Yes", "CONDITION": null, "WIDTH": 6, "INSTALLDATE": null, "OWNEDBY": null, "MAINTBY": null, "LASTUPDATE": null, "LASTEDITOR": null, "Shape__Length": 168.00576979399634, "GlobalID": "1751d7b5-d51c-48a8-9ba7-544645c0adaf", "Status": null, "CreationDate": 1758294013017, "Creator": "dsimsGT", "EditDate": 1758294013017, "Editor": "dsimsGT"}}, {"type": "Feature", "id": 532, "geometry": {"type": "LineString", "coordinates": [[-84.4025983009661, 33.7760648515052], [-84.4025889132346, 33.7761607198295], [-84.4025755021895, 33.7763513414113], [-84.4025567267264, 33.7765754048335], [-84.4025433156813, 33.776779402365], [-84.4025392923678, 33.7768663519848], [-84.4025889132346, 33.7768708109373]]}, "properties": {"OBJECTID": 532, "FACILITYID": null, "SURFTYPE": "Concrete", "ADACOMPLY": "Yes", "CONDITION": null, "WIDTH": 6, "INSTALLDATE": null, "OWNEDBY": null, "MAINTBY": null, "LASTUPDATE": null, "LASTEDITOR": null, "Shape__Length": 307.37789985534414, "GlobalID": "880eefce-232f-4431-988a-360baf562668", "Status": null, "CreationDate": 1758294013017, "Creator": "dsimsGT", "EditDate": 1758294013017, "Editor": "dsimsGT"}}, {"type": "Feature", "id": 533, "geometry": {"type": "LineString", "coordinates": [[-84.4025406334723, 33.7768685814612], [-84.4025245402182, 33.7770201857115], [-84.4025138113822, 33.7771550686792], [-84.4025138113822, 33.7771907401724], [-84.4025272224272, 33.7772052317122], [-84.4025580678309, 33.7772275263841], [-84.4025915954436, 33.7772375589846], [-84.4026063475931, 33.7772375589846]]}, "properties": {"OBJECTID": 533, "FACILITYID": null, "SURFTYPE": "Concrete", "ADACOMPLY": "Yes", "CONDITION": null, "WIDTH": 4, "INSTALLDATE": null, "OWNEDBY": null, "MAINTBY": null, "LASTUPDATE": null, "LASTEDITOR": null, "Shape__Length": 151.91307398139733, "GlobalID": "3c1f8991-6a15-48ae-be09-59478a9f7f30", "Status": null, "CreationDate": 1758294013017, "Creator": "dsimsGT", "EditDate": 1758294013017, "Editor": "dsimsGT"}}, {"type": "Feature", "id": 534, "geometry": {"type": "LineString", "coordinates": [[-84.4026076886976, 33.7772375589846], [-84.403357366117, 33.7772219527167], [-84.4039514754137, 33.7772197232496]]}, "properties": {"OBJECTID": 534, "FACILITYID": null, "SURFTYPE": "Concrete", "ADACOMPLY": "Yes", "CONDITION": null, "WIDTH": 6, "INSTALLDATE": null, "OWNEDBY": null, "MAINTBY": null, "LASTUPDATE": null, "LASTEDITOR": null, "Shape__Length": 408.3947797396131, "GlobalID": "c1844dbb-26ff-4214-82a2-d5cf5364fb1e", "Status": null, "CreationDate": 1758294013017, "Creator": "dsimsGT", "EditDate": 1758294013017, "Editor": "dsimsGT"}}, {"type": "Feature", "id": 535, "geometry": {"type": "LineString", "coordinates": [[-84.4042719993908, 33.7777369580561], [-84.4044195208866, 33.7777436464167]]}, "properties": {"OBJECTID": 535, "FACILITYID": null, "SURFTYPE": "Concrete", "ADACOMPLY": "Steps", "CONDITION": null, "WIDTH": 8, "INSTALLDATE": null, "OWNEDBY": null, "MAINTBY": null, "LASTUPDATE": null, "LASTEDITOR": null, "Shape__Length": 44.8915407495196, "GlobalID": "86e51a48-06cf-47ca-aad3-fa3b6cbca16a", "Status": null, "CreationDate": 1758294013017, "Creator": "dsimsGT", "EditDate": 1758294013017, "Editor": "dsimsGT"}}, {"type": "Feature", "id": 536, "geometry": {"type": "LineString", "coordinates": [[-84.4052619643814, 33.7802142844205], [-84.4052615563095, 33.7801675824008], [-84.4050649106392, 33.7801673159656], [-84.405062207933, 33.7803095484921], [-84.4049352432952, 33.7803104401859], [-84.4049351895925, 33.7802910457802], [-84.4049360693935, 33.7803291866167], [-84.4051040705635, 33.780329508606]]}, "properties": {"OBJECTID": 536, "FACILITYID": null, "SURFTYPE": null, "ADACOMPLY": "Yes", "CONDITION": null, "WIDTH": null, "INSTALLDATE": null, "OWNEDBY": null, "MAINTBY": null, "LASTUPDATE": null, "LASTEDITOR": null, "Shape__Length": 239.06974436984908, "GlobalID": "c1a278d8-8af7-4410-9265-233cd0ecee4b", "Status": null, "CreationDate": 1758294013017, "Creator": "dsimsGT", "EditDate": 1758294013017, "Editor": "dsimsGT"}}, {"type": "Feature", "id": 537, "geometry": {"type": "LineString", "coordinates": [[-84.4044982013115, 33.7801664700159], [-84.4045090468846, 33.7801662784974], [-84.4045198408453, 33.7801653754614], [-84.4045305163559, 33.7801637664996], [-84.4045410073119, 33.780161461575], [-84.4045512487519, 33.78015847496], [-84.4045611772594, 33.7801548251481], [-84.4045707313557, 33.7801505347396], [-84.4045798518805, 33.7801456303011], [-84.4045884823582, 33.7801401422019], [-84.4045965693478, 33.7801341044248], [-84.4046040627737, 33.7801275543567], [-84.4046109162357, 33.7801205325566], [-84.4046170872963, 33.7801130825044], [-84.4046225377436, 33.7801052503317], [-84.404627233828, 33.7800970845366], [-84.4046311464708, 33.7800886356828], [-84.4046309873577, 33.7800310989421], [-84.4046101331699, 33.7800165464687], [-84.4045913857621, 33.7800001162556], [-84.4045749861377, 33.7799820195192], [-84.4045611451185, 33.7799624888997], [-84.4045500406339, 33.7799417754702], [-84.4045418154339, 33.779920145509], [-84.404536575254, 33.7798978770765], [-84.4045343874561, 33.7798752564407], [-84.4045352801626, 33.7798525743971], [-84.4045392418952, 33.7798301225303], [-84.4045462217221, 33.7798081894659], [-84.4045561299134, 33.7797870571596], [-84.4045688390946, 33.7797669972732], [-84.4045841858836, 33.7797482676819], [-84.4046019729919, 33.7797311091594], [-84.4046219717604, 33.779715742283]]}, "properties": {"OBJECTID": 537, "FACILITYID": null, "SURFTYPE": null, "ADACOMPLY": "Yes", "CONDITION": null, "WIDTH": null, "INSTALLDATE": null, "OWNEDBY": null, "MAINTBY": null, "LASTUPDATE": null, "LASTEDITOR": null, "Shape__Length": 205.88346489389008, "GlobalID": "94265cc3-c5b5-46dd-8327-629429ee9792", "Status": null, "CreationDate": 1758294013017, "Creator": "dsimsGT", "EditDate": 1758294013017, "Editor": "dsimsGT"}}, {"type": "Feature", "id": 538, "geometry": {"type": "LineString", "coordinates": [[-84.4057934924817, 33.7801693974893], [-84.4057166973568, 33.7801712017071], [-84.4057086243475, 33.7799937003265]]}, "properties": {"OBJECTID": 538, "FACILITYID": null, "SURFTYPE": null, "ADACOMPLY": "Yes", "CONDITION": null, "WIDTH": null, "INSTALLDATE": null, "OWNEDBY": null, "MAINTBY": null, "LASTUPDATE": null, "LASTEDITOR": null, "Shape__Length": 87.97745068470219, "GlobalID": "c79545b9-b79f-465e-a656-ba22c00f67c9", "Status": null, "CreationDate": 1758294013017, "Creator": "dsimsGT", "EditDate": 1758294013017, "Editor": "dsimsGT"}}, {"type": "Feature", "id": 539, "geometry": {"type": "LineString", "coordinates": [[-84.4036516921873, 33.781456544921], [-84.4039389466936, 33.7814656901841], [-84.4039508235825, 33.7814647680908], [-84.4039619589019, 33.7814611974503], [-84.4039715222659, 33.7814552445333], [-84.4039788005131, 33.7814473532625], [-84.4039832508886, 33.7814381121078], [-84.4039845415191, 33.7814282102026], [-84.4039825761605, 33.781418385954], [-84.4039775013748, 33.7814093719777], [-84.4038353567401, 33.7812402656568], [-84.4036516921873, 33.781456544921]]}, "properties": {"OBJECTID": 539, "FACILITYID": null, "SURFTYPE": null, "ADACOMPLY": "Yes", "CONDITION": null, "WIDTH": null, "INSTALLDATE": null, "OWNEDBY": null, "MAINTBY": null, "LASTUPDATE": null, "LASTEDITOR": null, "Shape__Length": 288.0825772577568, "GlobalID": "32e7d8bd-a932-46ea-88a7-5c14716171c8", "Status": null, "CreationDate": 1758294013017, "Creator": "dsimsGT", "EditDate": 1758294013017, "Editor": "dsimsGT"}}, {"type": "Feature", "id": 541, "geometry": {"type": "LineString", "coordinates": [[-84.4017352028379, 33.7804827236821], [-84.4017508526067, 33.780543464238], [-84.4017424689997, 33.7805919664845], [-84.4017363560922, 33.7809048771219]]}, "properties": {"OBJECTID": 541, "FACILITYID": null, "SURFTYPE": null, "ADACOMPLY": "Yes", "CONDITION": null, "WIDTH": null, "INSTALLDATE": null, "OWNEDBY": null, "MAINTBY": null, "LASTUPDATE": null, "LASTEDITOR": null, "Shape__Length": 154.31298510129238, "GlobalID": "dc1d22bc-5593-4862-b6e6-9ec5d3d3222a", "Status": null, "CreationDate": 1758294013017, "Creator": "dsimsGT", "EditDate": 1758294013017, "Editor": "dsimsGT"}}, {"type": "Feature", "id": 542, "geometry": {"type": "LineString", "coordinates": [[-84.4011073804376, 33.7810689875371], [-84.4010236320601, 33.7810193673747], [-84.4010205963892, 33.7807575463568], [-84.4010546530613, 33.780470442017], [-84.4011491102644, 33.7804722020228], [-84.4011459747596, 33.7804579853393]]}, "properties": {"OBJECTID": 542, "FACILITYID": null, "SURFTYPE": null, "ADACOMPLY": "Yes", "CONDITION": null, "WIDTH": null, "INSTALLDATE": null, "OWNEDBY": null, "MAINTBY": null, "LASTUPDATE": null, "LASTEDITOR": null, "Shape__Length": 265.422620579673, "GlobalID": "c6a5279d-6a22-4728-8995-32f813a4aa92", "Status": null, "CreationDate": 1758294013017, "Creator": "dsimsGT", "EditDate": 1758294013017, "Editor": "dsimsGT"}}, {"type": "Feature", "id": 543, "geometry": {"type": "LineString", "coordinates": [[-84.4010546530613, 33.780470442017], [-84.4010413277379, 33.7804515527562], [-84.4010299096679, 33.7804318116572], [-84.4010204763481, 33.7804113527094], [-84.4010130918043, 33.7803903147747], [-84.4010078061563, 33.7803688406446], [-84.401004655278, 33.7803470760709], [-84.4010036605538, 33.7803251687771], [-84.4010048287335, 33.7803032674546], [-84.4010081518867, 33.7802815207547], [-84.4010136074565, 33.780260076279], [-84.4010211584127, 33.7802390795775], [-84.4010307535032, 33.7802186731612], [-84.401042327602, 33.7801989955343], [-84.4010558021509, 33.7801801802546], [-84.4010710856931, 33.7801623550267], [-84.4010880744939, 33.7801456408354], [-84.401093568103, 33.7801189946672], [-84.401096428718, 33.7800920622218], [-84.4010966371049, 33.7800650246097], [-84.4010941918648, 33.7800380636486], [-84.4010891094434, 33.7800113606403], [-84.4010814240206, 33.7799850951521], [-84.40107118728, 33.7799594438087], [-84.4010584680617, 33.7799345791051], [-84.4010502168956, 33.7799149283631], [-84.4010436655368, 33.779894836153], [-84.4010388473683, 33.7798744048599], [-84.4010357869411, 33.7798537385968], [-84.4010344998491, 33.7798329426738], [-84.4010349926498, 33.7798121230621], [-84.4010372628307, 33.7797913858529], [-84.4010412988222, 33.779770836718], [-84.4010470800567, 33.7797505803703], [-84.4010545770733, 33.7797307200311], [-84.4010637516681, 33.7797113569032], [-84.4010745570886, 33.7796925896559], [-84.4010869382723, 33.7796745139222], [-84.4011008321272, 33.7796572218109], [-84.401116167853, 33.7796408014379], [-84.4011328673026, 33.7796253364767], [-84.4011473687274, 33.7794194033829]]}, "properties": {"OBJECTID": 543, "FACILITYID": null, "SURFTYPE": null, "ADACOMPLY": "Yes", "CONDITION": null, "WIDTH": null, "INSTALLDATE": null, "OWNEDBY": null, "MAINTBY": null, "LASTUPDATE": null, "LASTEDITOR": null, "Shape__Length": 402.72178846515965, "GlobalID": "93a409ed-c99d-4ab7-82d0-433fe7a1a658", "Status": null, "CreationDate": 1758294013017, "Creator": "dsimsGT", "EditDate": 1758294013017, "Editor": "dsimsGT"}}, {"type": "Feature", "id": 544, "geometry": {"type": "LineString", "coordinates": [[-84.4005152199404, 33.7793924993427], [-84.400515917775, 33.7796536594463], [-84.4005131776939, 33.7797849017494], [-84.4005132058033, 33.7797952454367], [-84.4000068891542, 33.7797962038498], [-84.4000011226625, 33.7794610963018]]}, "properties": {"OBJECTID": 544, "FACILITYID": null, "SURFTYPE": null, "ADACOMPLY": "Yes", "CONDITION": null, "WIDTH": null, "INSTALLDATE": null, "OWNEDBY": null, "MAINTBY": null, "LASTUPDATE": null, "LASTEDITOR": null, "Shape__Length": 422.34806675866236, "GlobalID": "e8933077-d6ee-4865-9542-a3b8f09ea659", "Status": null, "CreationDate": 1758294013017, "Creator": "dsimsGT", "EditDate": 1758294013017, "Editor": "dsimsGT"}}, {"type": "Feature", "id": 545, "geometry": {"type": "LineString", "coordinates": [[-84.4005157820828, 33.7796601479843], [-84.4000044860036, 33.7796565796151]]}, "properties": {"OBJECTID": 545, "FACILITYID": null, "SURFTYPE": null, "ADACOMPLY": "Yes", "CONDITION": null, "WIDTH": null, "INSTALLDATE": null, "OWNEDBY": null, "MAINTBY": null, "LASTUPDATE": null, "LASTEDITOR": null, "Shape__Length": 155.3631163032301, "GlobalID": "0ef63810-bf11-417a-bbc4-9916671f07f7", "Status": null, "CreationDate": 1758294013017, "Creator": "dsimsGT", "EditDate": 1758294013017, "Editor": "dsimsGT"}}, {"type": "Feature", "id": 546, "geometry": {"type": "LineString", "coordinates": [[-84.4005152199404, 33.7793924993427], [-84.4005099249743, 33.7791390453349]]}, "properties": {"OBJECTID": 546, "FACILITYID": null, "SURFTYPE": null, "ADACOMPLY": "Yes", "CONDITION": null, "WIDTH": null, "INSTALLDATE": null, "OWNEDBY": null, "MAINTBY": null, "LASTUPDATE": null, "LASTEDITOR": null, "Shape__Length": 92.23845314194155, "GlobalID": "d8764228-5ce0-4d06-afa6-6850e921b5fa", "Status": null, "CreationDate": 1758294013017, "Creator": "dsimsGT", "EditDate": 1758294013017, "Editor": "dsimsGT"}}, {"type": "Feature", "id": 547, "geometry": {"type": "LineString", "coordinates": [[-84.4012789773975, 33.7792981913438], [-84.4012385750279, 33.7792841289399], [-84.4011996606812, 33.7792673941907], [-84.4011624873387, 33.7792480958888], [-84.4011272966632, 33.7792263594924], [-84.4010943174273, 33.7792023263097], [-84.4010637640268, 33.7791761525802], [-84.4010358350866, 33.7791480084586], [-84.4010107121695, 33.7791180769094], [-84.4009979372557, 33.7790963564965], [-84.4009878585471, 33.7790736685292], [-84.400980579403, 33.779050245682], [-84.4009761744717, 33.7790263281657], [-84.4009746889251, 33.7790021612641], [-84.4009761379956, 33.7789779928181], [-84.40098050682, 33.7789540706844], [-84.4009877505919, 33.7789306401934], [-84.4010004929843, 33.7789139797878], [-84.40101464587, 33.7788981331586], [-84.4010301350219, 33.7788831834152], [-84.401046879205, 33.7788692089629], [-84.401064790602, 33.7788562830923], [-84.4010837752744, 33.7788444735943], [-84.4011037336548, 33.7788338424048], [-84.4011245610694, 33.7788244452803], [-84.4011461482865, 33.7788163315048], [-84.4011683820899, 33.7788095436317], [-84.4011911458723, 33.7788041172606], [-84.401214320247, 33.7788000808506], [-84.4012377836739, 33.7787974555709], [-84.401261413097, 33.7787962551902], [-84.4012850845898, 33.7787964860038], [-84.4013086740052, 33.7787981468012], [-84.4013462012312, 33.7788008570387], [-84.4013835569993, 33.7788048941935], [-84.4014206740578, 33.7788102509975], [-84.4014574855845, 33.7788169178067], [-84.4014939253073, 33.7788248826188], [-84.4015299276235, 33.7788341310947], [-84.4015654277175, 33.7788446465844], [-84.4016003616782, 33.7788564101566]]}, "properties": {"OBJECTID": 547, "FACILITYID": null, "SURFTYPE": null, "ADACOMPLY": "Yes", "CONDITION": null, "WIDTH": null, "INSTALLDATE": null, "OWNEDBY": null, "MAINTBY": null, "LASTUPDATE": null, "LASTEDITOR": null, "Shape__Length": 383.58641033362017, "GlobalID": "067c74db-e004-4603-8088-7394b8fe64e8", "Status": null, "CreationDate": 1758294013017, "Creator": "dsimsGT", "EditDate": 1758294013017, "Editor": "dsimsGT"}}, {"type": "Feature", "id": 548, "geometry": {"type": "LineString", "coordinates": [[-84.4012487188183, 33.7785243481764], [-84.4011460756159, 33.7785459412511], [-84.4010421411834, 33.7785626821877], [-84.4009372441789, 33.7785745180485], [-84.4008317163047, 33.7785814114062], [-84.4007258912584, 33.778583340463], [-84.4006201036775, 33.7785802991186], [-84.400514688081, 33.7785722969903], [-84.4004099778115, 33.7785593593821], [-84.3998398705069, 33.778443424311], [-84.3998244979348, 33.7784401885435], [-84.3998087898864, 33.7784419771864], [-84.3997950159942, 33.7784485318016], [-84.3997851664279, 33.7784589053224]]}, "properties": {"OBJECTID": 548, "FACILITYID": null, "SURFTYPE": null, "ADACOMPLY": "Yes", "CONDITION": null, "WIDTH": null, "INSTALLDATE": null, "OWNEDBY": null, "MAINTBY": null, "LASTUPDATE": null, "LASTEDITOR": null, "Shape__Length": 455.0174621063699, "GlobalID": "ce4d5290-a3e7-4ead-8182-f93d0ea50aaf", "Status": null, "CreationDate": 1758294013017, "Creator": "dsimsGT", "EditDate": 1758294013017, "Editor": "dsimsGT"}}, {"type": "Feature", "id": 549, "geometry": {"type": "LineString", "coordinates": [[-84.3995422371632, 33.7785152456221], [-84.3997247619478, 33.778521270316], [-84.3997259784908, 33.7784473939298]]}, "properties": {"OBJECTID": 549, "FACILITYID": null, "SURFTYPE": null, "ADACOMPLY": "Yes", "CONDITION": null, "WIDTH": null, "INSTALLDATE": null, "OWNEDBY": null, "MAINTBY": null, "LASTUPDATE": null, "LASTEDITOR": null, "Shape__Length": 82.38830204160243, "GlobalID": "1e397c83-08f2-435b-b4d2-5c42df91771a", "Status": null, "CreationDate": 1758294013017, "Creator": "dsimsGT", "EditDate": 1758294013017, "Editor": "dsimsGT"}}, {"type": "Feature", "id": 551, "geometry": {"type": "LineString", "coordinates": [[-84.3993398114568, 33.7783677566414], [-84.3990648544234, 33.7783607351358]]}, "properties": {"OBJECTID": 551, "FACILITYID": null, "SURFTYPE": null, "ADACOMPLY": "Yes", "CONDITION": null, "WIDTH": null, "INSTALLDATE": null, "OWNEDBY": null, "MAINTBY": null, "LASTUPDATE": null, "LASTEDITOR": null, "Shape__Length": 83.586205554964, "GlobalID": "35de9c1b-29f5-453a-b84e-9a7b0a3c6607", "Status": null, "CreationDate": 1758294013017, "Creator": "dsimsGT", "EditDate": 1758294013017, "Editor": "dsimsGT"}}, {"type": "Feature", "id": 552, "geometry": {"type": "LineString", "coordinates": [[-84.3977974608767, 33.7781604962863], [-84.3977938196975, 33.7783328474427], [-84.3978696279373, 33.778330378277]]}, "properties": {"OBJECTID": 552, "FACILITYID": null, "SURFTYPE": null, "ADACOMPLY": "Yes", "CONDITION": null, "WIDTH": null, "INSTALLDATE": null, "OWNEDBY": null, "MAINTBY": null, "LASTUPDATE": null, "LASTEDITOR": null, "Shape__Length": 85.7754876120423, "GlobalID": "8fe8d5ff-b9e7-44d6-9b7c-4a8e3a40c0ba", "Status": null, "CreationDate": 1758294013017, "Creator": "dsimsGT", "EditDate": 1758294013017, "Editor": "dsimsGT"}}, {"type": "Feature", "id": 553, "geometry": {"type": "LineString", "coordinates": [[-84.3963762632473, 33.7789238559559], [-84.3961490799053, 33.7790240418319]]}, "properties": {"OBJECTID": 553, "FACILITYID": null, "SURFTYPE": null, "ADACOMPLY": "Yes", "CONDITION": null, "WIDTH": null, "INSTALLDATE": null, "OWNEDBY": null, "MAINTBY": null, "LASTUPDATE": null, "LASTEDITOR": null, "Shape__Length": 78.06493256715282, "GlobalID": "543e3ac4-498b-4465-81e0-9c4872887f21", "Status": null, "CreationDate": 1758294013017, "Creator": "dsimsGT", "EditDate": 1758294013017, "Editor": "dsimsGT"}}, {"type": "Feature", "id": 554, "geometry": {"type": "LineString", "coordinates": [[-84.3970730432569, 33.7794286907738], [-84.397069263894, 33.7795657163451]]}, "properties": {"OBJECTID": 554, "FACILITYID": null, "SURFTYPE": null, "ADACOMPLY": "Yes", "CONDITION": null, "WIDTH": null, "INSTALLDATE": null, "OWNEDBY": null, "MAINTBY": null, "LASTUPDATE": null, "LASTEDITOR": null, "Shape__Length": 49.87277066635822, "GlobalID": "b29ee3c4-275a-43fb-8e3b-bb9f177f7006", "Status": null, "CreationDate": 1758294013017, "Creator": "dsimsGT", "EditDate": 1758294013017, "Editor": "dsimsGT"}}, {"type": "Feature", "id": 555, "geometry": {"type": "LineString", "coordinates": [[-84.397069263894, 33.7795657163451], [-84.3968132861384, 33.7795735559844], [-84.396802180339, 33.7795744122624], [-84.3967912371318, 33.7795762103386], [-84.3967805707464, 33.7795789314441], [-84.3967702925231, 33.7795825471748], [-84.3967605097503, 33.7795870197882], [-84.3967513245449, 33.7795923025973], [-84.396742832786, 33.7795983404579], [-84.3967351231143, 33.7796050703441], [-84.3967282760068, 33.7796124220068], [-84.3967223629369, 33.7796203187059], [-84.396717445628, 33.7796286780123], [-84.3967135754094, 33.779637412668], [-84.3967107926804, 33.7796464314968], [-84.3967091264888, 33.7796556403562], [-84.3967085942274, 33.7796649431201], [-84.3967092014525, 33.7796742426819], [-84.3967152807566, 33.7798104600135]]}, "properties": {"OBJECTID": 555, "FACILITYID": null, "SURFTYPE": null, "ADACOMPLY": "Yes", "CONDITION": null, "WIDTH": null, "INSTALLDATE": null, "OWNEDBY": null, "MAINTBY": null, "LASTUPDATE": null, "LASTEDITOR": null, "Shape__Length": 181.67665040364088, "GlobalID": "ea63a9c5-03d1-4a8b-aad7-3a3097da64b5", "Status": null, "CreationDate": 1758294013017, "Creator": "dsimsGT", "EditDate": 1758294013017, "Editor": "dsimsGT"}}, {"type": "Feature", "id": 556, "geometry": {"type": "LineString", "coordinates": [[-84.3965893219001, 33.7797640361182], [-84.396582113995, 33.7797303052621], [-84.3965732657397, 33.7796968477508], [-84.3965627918405, 33.7796637191858], [-84.3965507097054, 33.7796309746215], [-84.3965370394147, 33.7795986684745], [-84.3965218036881, 33.7795668544323], [-84.3965050278467, 33.7795355853649], [-84.3964867397708, 33.7795049132364], [-84.3964629711811, 33.7794793556117], [-84.3964424723705, 33.7794518942837], [-84.3964254602263, 33.779422819811], [-84.396412114744, 33.7793924398196], [-84.3964025771233, 33.7793610757487], [-84.3963969482736, 33.7793290594493], [-84.3963952877474, 33.7792967296728], [-84.3963976131094, 33.7792644284873], [-84.3963719597791, 33.7790332198354]]}, "properties": {"OBJECTID": 556, "FACILITYID": null, "SURFTYPE": null, "ADACOMPLY": "Yes", "CONDITION": null, "WIDTH": null, "INSTALLDATE": null, "OWNEDBY": null, "MAINTBY": null, "LASTUPDATE": null, "LASTEDITOR": null, "Shape__Length": 278.47635669864405, "GlobalID": "d5ba645c-892d-4966-b62f-d4f92b5aa7f2", "Status": null, "CreationDate": 1758294013017, "Creator": "dsimsGT", "EditDate": 1758294013017, "Editor": "dsimsGT"}}, {"type": "Feature", "id": 557, "geometry": {"type": "LineString", "coordinates": [[-84.3959032168207, 33.779026703326], [-84.3958904991676, 33.7790275768071], [-84.3958777465637, 33.7790279539119], [-84.3958649867768, 33.7790278338195], [-84.3958522475908, 33.7790272167912], [-84.3958395567443, 33.7790261041707], [-84.395826941871, 33.7790244983805], [-84.395814430439, 33.7790224029171], [-84.3958020496913, 33.7790198223435], [-84.3957898265861, 33.7790167622785], [-84.3957777877386, 33.7790132293852], [-84.3957659593625, 33.7790092313565], [-84.3957543672134, 33.7790047768976], [-84.3957430365326, 33.778999875708], [-84.3957319919917, 33.7789945384596], [-84.3957212576396, 33.778988776774], [-84.3957108568497, 33.778982603197], [-84.3957008122688, 33.778976031171], [-84.3956911457684, 33.7789690750063], [-84.3956818783966, 33.7789617498496], [-84.3956730303324, 33.7789540716507], [-84.3956646208417, 33.7789460571286], [-84.3956566682356, 33.7789377237343], [-84.3956491898302, 33.7789290896132], [-84.3956422019092, 33.7789201735657], [-84.395635719688, 33.7789109950057], [-84.3956297572811, 33.7789015739191], [-84.3956243276712, 33.7788919308194], [-84.3956194426805, 33.7788820867041], [-84.3956151129457, 33.7788720630078], [-84.3956113478942, 33.7788618815566], [-84.3956081557241, 33.7788515645197], [-84.3956055433857, 33.7788411343619]]}, "properties": {"OBJECTID": 557, "FACILITYID": null, "SURFTYPE": null, "ADACOMPLY": "Yes", "CONDITION": null, "WIDTH": null, "INSTALLDATE": null, "OWNEDBY": null, "MAINTBY": null, "LASTUPDATE": null, "LASTEDITOR": null, "Shape__Length": 124.08628245429887, "GlobalID": "8340254e-c058-4b59-a5dd-20c9660209c2", "Status": null, "CreationDate": 1758294013017, "Creator": "dsimsGT", "EditDate": 1758294013017, "Editor": "dsimsGT"}}, {"type": "Feature", "id": 558, "geometry": {"type": "LineString", "coordinates": [[-84.3956055433857, 33.7788411343619], [-84.3955995230496, 33.7788134647282], [-84.3955952087625, 33.7787855738079], [-84.3955926118616, 33.7787575349042], [-84.3955917391705, 33.7787294217089], [-84.395592592981, 33.7787013081092], [-84.3955951710475, 33.7786732679932], [-84.3955994665926, 33.7786453750559], [-84.3956054683251, 33.7786177026053], [-84.3956447650192, 33.7786127785359], [-84.3956838212983, 33.7786066644485], [-84.3957225855006, 33.7785993684306], [-84.3957610063507, 33.778590900133], [-84.3957990330273, 33.7785812707571], [-84.3958366152307, 33.7785704930403], [-84.395873703249, 33.7785585812387], [-84.3959102480243, 33.7785455511089]]}, "properties": {"OBJECTID": 558, "FACILITYID": null, "SURFTYPE": null, "ADACOMPLY": "Yes", "CONDITION": null, "WIDTH": null, "INSTALLDATE": null, "OWNEDBY": null, "MAINTBY": null, "LASTUPDATE": null, "LASTEDITOR": null, "Shape__Length": 178.47145111747176, "GlobalID": "0a7d2f88-6aed-4f0a-ac9d-16d318e0fe38", "Status": null, "CreationDate": 1758294013017, "Creator": "dsimsGT", "EditDate": 1758294013017, "Editor": "dsimsGT"}}, {"type": "Feature", "id": 559, "geometry": {"type": "LineString", "coordinates": [[-84.3956054683251, 33.7786177026053], [-84.3956106178107, 33.7785940923314], [-84.3956141789281, 33.7785702786163], [-84.3956161405447, 33.7785463359145], [-84.3956164965288, 33.7785223390837], [-84.3956152457687, 33.7784983631508], [-84.3956123921763, 33.7784744830773], [-84.3956079446747, 33.778450773525], [-84.3956019171706, 33.7784273086225], [-84.3955943285103, 33.7784041617333], [-84.3955852024211, 33.7783814052267], [-84.3955745674373, 33.7783591102514], [-84.3955624568103, 33.7783373465129], [-84.3955489084054, 33.7783161820559], [-84.3955339645828, 33.7782956830514], [-84.3955176720656, 33.7782759135896], [-84.3955000817932, 33.77825693548]]}, "properties": {"OBJECTID": 559, "FACILITYID": null, "SURFTYPE": null, "ADACOMPLY": "Yes", "CONDITION": null, "WIDTH": null, "INSTALLDATE": null, "OWNEDBY": null, "MAINTBY": null, "LASTUPDATE": null, "LASTEDITOR": null, "Shape__Length": 139.73667397636163, "GlobalID": "b573e104-85cc-4e0e-9cca-1d3f737faaa0", "Status": null, "CreationDate": 1758294013017, "Creator": "dsimsGT", "EditDate": 1758294013017, "Editor": "dsimsGT"}}, {"type": "Feature", "id": 560, "geometry": {"type": "LineString", "coordinates": [[-84.3955000817932, 33.77825693548], [-84.3955046421057, 33.7788044953662]]}, "properties": {"OBJECTID": 560, "FACILITYID": null, "SURFTYPE": null, "ADACOMPLY": "Yes", "CONDITION": null, "WIDTH": null, "INSTALLDATE": null, "OWNEDBY": null, "MAINTBY": null, "LASTUPDATE": null, "LASTEDITOR": null, "Shape__Length": 199.24560060426916, "GlobalID": "c522ea94-a442-403b-a148-723e210f8158", "Status": null, "CreationDate": 1758294013017, "Creator": "dsimsGT", "EditDate": 1758294013017, "Editor": "dsimsGT"}}, {"type": "Feature", "id": 561, "geometry": {"type": "LineString", "coordinates": [[-84.3955018487587, 33.7784690853566], [-84.395432064299, 33.7784683455476], [-84.3954371872708, 33.7780327924552], [-84.3953706171738, 33.7780241977764], [-84.3953658695148, 33.7783882068425], [-84.3953398909835, 33.7783873866934]]}, "properties": {"OBJECTID": 561, "FACILITYID": null, "SURFTYPE": null, "ADACOMPLY": "Yes", "CONDITION": null, "WIDTH": null, "INSTALLDATE": null, "OWNEDBY": null, "MAINTBY": null, "LASTUPDATE": null, "LASTEDITOR": null, "Shape__Length": 340.5258947245333, "GlobalID": "099076f1-efbf-4a58-aca7-229304da284a", "Status": null, "CreationDate": 1758294013017, "Creator": "dsimsGT", "EditDate": 1758294013017, "Editor": "dsimsGT"}}, {"type": "Feature", "id": 562, "geometry": {"type": "LineString", "coordinates": [[-84.3953706171738, 33.7780241977764], [-84.3953710085961, 33.7779949250775], [-84.3953735998785, 33.7779657306382], [-84.3953783807963, 33.777936729629], [-84.3953853324869, 33.7779080364574], [-84.3953944275241, 33.7778797643166], [-84.3954056300263, 33.7778520247384], [-84.3954188957985, 33.7778249271537], [-84.3954341725059, 33.7777985784607], [-84.3954513998815, 33.7777730826032], [-84.3954705099626, 33.7777485401604], [-84.3954914273599, 33.7777250479504], [-84.3955140695544, 33.7777026986482], [-84.3955383472235, 33.7776815804197], [-84.3955641645924, 33.7776617765747], [-84.395591419813, 33.7776433652376], [-84.3956200053651, 33.7776264190393]]}, "properties": {"OBJECTID": 562, "FACILITYID": null, "SURFTYPE": null, "ADACOMPLY": "Yes", "CONDITION": null, "WIDTH": null, "INSTALLDATE": null, "OWNEDBY": null, "MAINTBY": null, "LASTUPDATE": null, "LASTEDITOR": null, "Shape__Length": 170.46208900359628, "GlobalID": "2e18107f-206b-4438-85aa-6fd1294a2666", "Status": null, "CreationDate": 1758294013017, "Creator": "dsimsGT", "EditDate": 1758294013017, "Editor": "dsimsGT"}}, {"type": "Feature", "id": 563, "geometry": {"type": "LineString", "coordinates": [[-84.3956999462494, 33.777737545311], [-84.3956200053651, 33.7776264190393]]}, "properties": {"OBJECTID": 563, "FACILITYID": null, "SURFTYPE": null, "ADACOMPLY": "Yes", "CONDITION": null, "WIDTH": null, "INSTALLDATE": null, "OWNEDBY": null, "MAINTBY": null, "LASTUPDATE": null, "LASTEDITOR": null, "Shape__Length": 47.170636279027626, "GlobalID": "cf182116-f03b-48b6-8d60-4fdda10e670e", "Status": null, "CreationDate": 1758294013017, "Creator": "dsimsGT", "EditDate": 1758294013017, "Editor": "dsimsGT"}}, {"type": "Feature", "id": 564, "geometry": {"type": "LineString", "coordinates": [[-84.3955957773293, 33.7775907026859], [-84.395777278166, 33.7775134712179]]}, "properties": {"OBJECTID": 564, "FACILITYID": null, "SURFTYPE": null, "ADACOMPLY": "Yes", "CONDITION": null, "WIDTH": null, "INSTALLDATE": null, "OWNEDBY": null, "MAINTBY": null, "LASTUPDATE": null, "LASTEDITOR": null, "Shape__Length": 61.897602817577756, "GlobalID": "d5ecdca9-9c84-4810-9ecc-85b8b547d43a", "Status": null, "CreationDate": 1758294013017, "Creator": "dsimsGT", "EditDate": 1758294013017, "Editor": "dsimsGT"}}, {"type": "Feature", "id": 565, "geometry": {"type": "LineString", "coordinates": [[-84.3936845576563, 33.7795632550472], [-84.3935460066828, 33.779559882508], [-84.3934593801212, 33.7795455026144]]}, "properties": {"OBJECTID": 565, "FACILITYID": null, "SURFTYPE": null, "ADACOMPLY": "Yes", "CONDITION": null, "WIDTH": null, "INSTALLDATE": null, "OWNEDBY": null, "MAINTBY": null, "LASTUPDATE": null, "LASTEDITOR": null, "Shape__Length": 68.95333182970512, "GlobalID": "4bd73506-53a2-456f-b29d-5242e2793f0c", "Status": null, "CreationDate": 1758294013017, "Creator": "dsimsGT", "EditDate": 1758294013017, "Editor": "dsimsGT"}}, {"type": "Feature", "id": 566, "geometry": {"type": "LineString", "coordinates": [[-84.3934879804029, 33.7796605268929], [-84.3933844605173, 33.7796566227242], [-84.3933768704487, 33.7796583178314], [-84.3933699182521, 33.7796613742551], [-84.3933639490596, 33.7796656402635], [-84.3933592592035, 33.7796709040764], [-84.3933560815057, 33.7796769043793], [-84.3933545737187, 33.7796833432952], [-84.3933548106951, 33.7796899011731], [-84.3933567806708, 33.7796962524558], [-84.3933546292979, 33.7797067191684], [-84.3930571740146, 33.7797059010227]]}, "properties": {"OBJECTID": 566, "FACILITYID": null, "SURFTYPE": null, "ADACOMPLY": "Yes", "CONDITION": null, "WIDTH": null, "INSTALLDATE": null, "OWNEDBY": null, "MAINTBY": null, "LASTUPDATE": null, "LASTEDITOR": null, "Shape__Length": 144.87143589590733, "GlobalID": "a971bed4-4db4-45f7-9c7a-126b9cb121d7", "Status": null, "CreationDate": 1758294013017, "Creator": "dsimsGT", "EditDate": 1758294013017, "Editor": "dsimsGT"}}, {"type": "Feature", "id": 567, "geometry": {"type": "LineString", "coordinates": [[-84.3934879804029, 33.7796605268929], [-84.39350118323, 33.7796599607326], [-84.3934857472484, 33.780343308142], [-84.3932067616254, 33.7804061950317]]}, "properties": {"OBJECTID": 567, "FACILITYID": null, "SURFTYPE": null, "ADACOMPLY": "Yes", "CONDITION": null, "WIDTH": null, "INSTALLDATE": null, "OWNEDBY": null, "MAINTBY": null, "LASTUPDATE": null, "LASTEDITOR": null, "Shape__Length": 340.51450372822956, "GlobalID": "d491166c-c52a-46a7-8e71-934ecf5a33e9", "Status": null, "CreationDate": 1758294013017, "Creator": "dsimsGT", "EditDate": 1758294013017, "Editor": "dsimsGT"}}, {"type": "Feature", "id": 568, "geometry": {"type": "LineString", "coordinates": [[-84.3934857472484, 33.780343308142], [-84.3936708534092, 33.780344609679]]}, "properties": {"OBJECTID": 568, "FACILITYID": null, "SURFTYPE": null, "ADACOMPLY": "Yes", "CONDITION": null, "WIDTH": null, "INSTALLDATE": null, "OWNEDBY": null, "MAINTBY": null, "LASTUPDATE": null, "LASTEDITOR": null, "Shape__Length": 56.24617080508322, "GlobalID": "029ada41-6eb3-46ea-80cd-90e551564619", "Status": null, "CreationDate": 1758294013017, "Creator": "dsimsGT", "EditDate": 1758294013017, "Editor": "dsimsGT"}}, {"type": "Feature", "id": 569, "geometry": {"type": "LineString", "coordinates": [[-84.3934857472484, 33.780343308142], [-84.3934822257272, 33.7808011261458], [-84.3934328536389, 33.7808037162592], [-84.3932753061835, 33.7812069652319], [-84.3932629445643, 33.7812189281183], [-84.3932492820225, 33.7812298598963], [-84.3932344413184, 33.7812396623415], [-84.3932185557986, 33.7812482473768], [-84.3932017681976, 33.7812555378639], [-84.3931842293553, 33.7812614682961], [-84.3931660968622, 33.7812659853872], [-84.3931475336424, 33.7812690485502]]}, "properties": {"OBJECTID": 569, "FACILITYID": null, "SURFTYPE": null, "ADACOMPLY": "Yes", "CONDITION": null, "WIDTH": null, "INSTALLDATE": null, "OWNEDBY": null, "MAINTBY": null, "LASTUPDATE": null, "LASTEDITOR": null, "Shape__Length": 381.97519203623176, "GlobalID": "2a2047a8-cdab-4398-88af-a2ccc2fafe51", "Status": null, "CreationDate": 1758294013017, "Creator": "dsimsGT", "EditDate": 1758294013017, "Editor": "dsimsGT"}}, {"type": "Feature", "id": 570, "geometry": {"type": "LineString", "coordinates": [[-84.3936605261204, 33.7808712343754], [-84.3938904526296, 33.7808766719519]]}, "properties": {"OBJECTID": 570, "FACILITYID": null, "SURFTYPE": null, "ADACOMPLY": "Yes", "CONDITION": null, "WIDTH": null, "INSTALLDATE": null, "OWNEDBY": null, "MAINTBY": null, "LASTUPDATE": null, "LASTEDITOR": null, "Shape__Length": 69.8903422747953, "GlobalID": "3a02f813-86f8-4418-8f56-6d37ec769a33", "Status": null, "CreationDate": 1758294013017, "Creator": "dsimsGT", "EditDate": 1758294013017, "Editor": "dsimsGT"}}, {"type": "Feature", "id": 571, "geometry": {"type": "LineString", "coordinates": [[-84.3920102352319, 33.7806985542407], [-84.3921306314806, 33.7806944292775], [-84.3921149453306, 33.7805080109138], [-84.3920982383697, 33.7804878556413], [-84.392078371128, 33.7804698102021], [-84.3920557210555, 33.7804542174327], [-84.3920307184711, 33.7804413735725], [-84.3920038383872, 33.7804315226355], [-84.3919755914853, 33.7804248517748], [-84.3919465144141, 33.7804214877264], [-84.3919171595937, 33.7804214944024], [-84.3918166520052, 33.7804314390955], [-84.3918069742873, 33.7804315389886], [-84.3917980985174, 33.7804283164054], [-84.3917915856579, 33.7804223380948], [-84.391788581111, 33.7804146554494], [-84.3917896132787, 33.7804066195991], [-84.3917945006349, 33.7803996437909], [-84.3918023836508, 33.7803949548442], [-84.3918118759582, 33.7803933773932], [-84.3919602760464, 33.7803696789511], [-84.3919810158333, 33.7803606803133], [-84.3919996379569, 33.7803488862865], [-84.392015607519, 33.7803346356407], [-84.3920284658136, 33.7803183377093], [-84.3920378435032, 33.7803004606313], [-84.3920434712268, 33.7802815179046], [-84.3920451873376, 33.7802620536364], [-84.3920429425448, 33.7802426269138], [-84.3920576442461, 33.7795247982379]]}, "properties": {"OBJECTID": 571, "FACILITYID": null, "SURFTYPE": null, "ADACOMPLY": "Yes", "CONDITION": null, "WIDTH": null, "INSTALLDATE": null, "OWNEDBY": null, "MAINTBY": null, "LASTUPDATE": null, "LASTEDITOR": null, "Shape__Length": 594.5030684606133, "GlobalID": "a8ff7854-ada9-4807-9dc0-f2bbc016150b", "Status": null, "CreationDate": 1758294013017, "Creator": "dsimsGT", "EditDate": 1758294013017, "Editor": "dsimsGT"}}, {"type": "Feature", "id": 572, "geometry": {"type": "LineString", "coordinates": [[-84.3921226307109, 33.7805993503603], [-84.3921911149617, 33.7805960784588]]}, "properties": {"OBJECTID": 572, "FACILITYID": null, "SURFTYPE": null, "ADACOMPLY": "Yes", "CONDITION": null, "WIDTH": null, "INSTALLDATE": null, "OWNEDBY": null, "MAINTBY": null, "LASTUPDATE": null, "LASTEDITOR": null, "Shape__Length": 20.842784774898348, "GlobalID": "38861b11-ff3a-471c-8749-d3511bd8af6e", "Status": null, "CreationDate": 1758294013017, "Creator": "dsimsGT", "EditDate": 1758294013017, "Editor": "dsimsGT"}}, {"type": "Feature", "id": 573, "geometry": {"type": "LineString", "coordinates": [[-84.3924724435174, 33.778289211288], [-84.3924760912771, 33.7782292889737]]}, "properties": {"OBJECTID": 573, "FACILITYID": null, "SURFTYPE": null, "ADACOMPLY": "Yes", "CONDITION": null, "WIDTH": null, "INSTALLDATE": null, "OWNEDBY": null, "MAINTBY": null, "LASTUPDATE": null, "LASTEDITOR": null, "Shape__Length": 21.83210068716329, "GlobalID": "a99e02e2-190d-4e08-81db-dc13b254ee4d", "Status": null, "CreationDate": 1758294013017, "Creator": "dsimsGT", "EditDate": 1758294013017, "Editor": "dsimsGT"}}, {"type": "Feature", "id": 574, "geometry": {"type": "LineString", "coordinates": [[-84.3927633984997, 33.7782346624315], [-84.3926186029416, 33.7782319296387]]}, "properties": {"OBJECTID": 574, "FACILITYID": null, "SURFTYPE": null, "ADACOMPLY": "Yes", "CONDITION": null, "WIDTH": null, "INSTALLDATE": null, "OWNEDBY": null, "MAINTBY": null, "LASTUPDATE": null, "LASTEDITOR": null, "Shape__Length": 44.008185100147465, "GlobalID": "48d0c881-c936-42a6-949c-8556483507cd", "Status": null, "CreationDate": 1758294013017, "Creator": "dsimsGT", "EditDate": 1758294013017, "Editor": "dsimsGT"}}, {"type": "Feature", "id": 575, "geometry": {"type": "LineString", "coordinates": [[-84.396019430116, 33.7769569395757], [-84.396283939663, 33.7769531413522]]}, "properties": {"OBJECTID": 575, "FACILITYID": null, "SURFTYPE": null, "ADACOMPLY": "Yes", "CONDITION": null, "WIDTH": null, "INSTALLDATE": null, "OWNEDBY": null, "MAINTBY": null, "LASTUPDATE": null, "LASTEDITOR": null, "Shape__Length": 80.38581111903159, "GlobalID": "6a1f6c35-1f46-4dda-932b-220696e86a3d", "Status": null, "CreationDate": 1758294013017, "Creator": "dsimsGT", "EditDate": 1758294013017, "Editor": "dsimsGT"}}, {"type": "Feature", "id": 576, "geometry": {"type": "LineString", "coordinates": [[-84.3965173368084, 33.7770070674396], [-84.3965190920414, 33.7769470890157], [-84.3966967428062, 33.7769527557954], [-84.3967101068607, 33.7769088181161], [-84.3967203216292, 33.7768642950565], [-84.3967273510354, 33.7768193438837], [-84.3967311702547, 33.776774123377], [-84.3967317658016, 33.7767287932667], [-84.3967291355775, 33.7766835136701], [-84.3967232888783, 33.7766384445256], [-84.3967142463608, 33.7765937450283], [-84.3967015594305, 33.776536714181], [-84.3966916923779, 33.7764792958093], [-84.3966846618987, 33.7764215871026], [-84.3966804798874, 33.7763636857417]]}, "properties": {"OBJECTID": 576, "FACILITYID": null, "SURFTYPE": null, "ADACOMPLY": "Yes", "CONDITION": null, "WIDTH": null, "INSTALLDATE": null, "OWNEDBY": null, "MAINTBY": null, "LASTUPDATE": null, "LASTEDITOR": null, "Shape__Length": 292.26626673532866, "GlobalID": "c413615a-4d4b-431f-93ea-4ed9dcbc3baf", "Status": null, "CreationDate": 1758294013017, "Creator": "dsimsGT", "EditDate": 1758294013017, "Editor": "dsimsGT"}}, {"type": "Feature", "id": 577, "geometry": {"type": "LineString", "coordinates": [[-84.396706231268, 33.7765592754025], [-84.3967775432764, 33.7765584788387]]}, "properties": {"OBJECTID": 577, "FACILITYID": null, "SURFTYPE": null, "ADACOMPLY": "Yes", "CONDITION": null, "WIDTH": null, "INSTALLDATE": null, "OWNEDBY": null, "MAINTBY": null, "LASTUPDATE": null, "LASTEDITOR": null, "Shape__Length": 21.670921420025035, "GlobalID": "64e5ba50-31fc-4cbc-b854-b58b157a614a", "Status": null, "CreationDate": 1758294013017, "Creator": "dsimsGT", "EditDate": 1758294013017, "Editor": "dsimsGT"}}, {"type": "Feature", "id": 578, "geometry": {"type": "LineString", "coordinates": [[-84.3963817630666, 33.776082500339], [-84.3965320927845, 33.7760778970061], [-84.3965262514042, 33.7762832040476]]}, "properties": {"OBJECTID": 578, "FACILITYID": null, "SURFTYPE": null, "ADACOMPLY": "Yes", "CONDITION": null, "WIDTH": null, "INSTALLDATE": null, "OWNEDBY": null, "MAINTBY": null, "LASTUPDATE": null, "LASTEDITOR": null, "Shape__Length": 120.43658080390418, "GlobalID": "2db02ce7-eabd-4d6d-a69d-8fa336bc54a3", "Status": null, "CreationDate": 1758294013017, "Creator": "dsimsGT", "EditDate": 1758294013017, "Editor": "dsimsGT"}}, {"type": "Feature", "id": 579, "geometry": {"type": "LineString", "coordinates": [[-84.3958540523281, 33.776384377969], [-84.3960162912879, 33.7764411502117], [-84.3959966597298, 33.7764763285659]]}, "properties": {"OBJECTID": 579, "FACILITYID": null, "SURFTYPE": null, "ADACOMPLY": "Yes", "CONDITION": null, "WIDTH": null, "INSTALLDATE": null, "OWNEDBY": null, "MAINTBY": null, "LASTUPDATE": null, "LASTEDITOR": null, "Shape__Length": 67.57358857194546, "GlobalID": "2584cb16-1aef-4ec1-bed9-117a765a7b4c", "Status": null, "CreationDate": 1758294013017, "Creator": "dsimsGT", "EditDate": 1758294013017, "Editor": "dsimsGT"}}, {"type": "Feature", "id": 580, "geometry": {"type": "LineString", "coordinates": [[-84.3955013847076, 33.7769545949055], [-84.3954781373369, 33.7768088391484], [-84.395481717365, 33.7764769354572], [-84.3954765771203, 33.7762220011814]]}, "properties": {"OBJECTID": 580, "FACILITYID": null, "SURFTYPE": null, "ADACOMPLY": "Yes", "CONDITION": null, "WIDTH": null, "INSTALLDATE": null, "OWNEDBY": null, "MAINTBY": null, "LASTUPDATE": null, "LASTEDITOR": null, "Shape__Length": 267.05542545211847, "GlobalID": "d04a96e6-10c2-4bb1-983a-cea9f2d1a8f1", "Status": null, "CreationDate": 1758294013017, "Creator": "dsimsGT", "EditDate": 1758294013017, "Editor": "dsimsGT"}}, {"type": "Feature", "id": 581, "geometry": {"type": "LineString", "coordinates": [[-84.3954797610516, 33.7763799249752], [-84.3951615880501, 33.7763795902918]]}, "properties": {"OBJECTID": 581, "FACILITYID": null, "SURFTYPE": null, "ADACOMPLY": "Yes", "CONDITION": null, "WIDTH": null, "INSTALLDATE": null, "OWNEDBY": null, "MAINTBY": null, "LASTUPDATE": null, "LASTEDITOR": null, "Shape__Length": 96.68083768476366, "GlobalID": "590439a6-160d-4e0c-9968-9621d7adfc72", "Status": null, "CreationDate": 1758294013017, "Creator": "dsimsGT", "EditDate": 1758294013017, "Editor": "dsimsGT"}}, {"type": "Feature", "id": 584, "geometry": {"type": "LineString", "coordinates": [[-84.3957795910058, 33.7757411453782], [-84.3957717839673, 33.7757453182894], [-84.3968324817735, 33.7757467465474]]}, "properties": {"OBJECTID": 584, "FACILITYID": null, "SURFTYPE": null, "ADACOMPLY": "Yes", "CONDITION": null, "WIDTH": null, "INSTALLDATE": null, "OWNEDBY": null, "MAINTBY": null, "LASTUPDATE": null, "LASTEDITOR": null, "Shape__Length": 325.12542213126295, "GlobalID": "df2f3192-b5e1-4b73-914a-67f66ec423b5", "Status": null, "CreationDate": 1758294013017, "Creator": "dsimsGT", "EditDate": 1758294013017, "Editor": "dsimsGT"}}, {"type": "Feature", "id": 585, "geometry": {"type": "LineString", "coordinates": [[-84.3961621117069, 33.7752416814602], [-84.3959669129098, 33.7751675227729], [-84.3956140919797, 33.7752497700853]]}, "properties": {"OBJECTID": 585, "FACILITYID": null, "SURFTYPE": null, "ADACOMPLY": "Yes", "CONDITION": null, "WIDTH": null, "INSTALLDATE": null, "OWNEDBY": null, "MAINTBY": null, "LASTUPDATE": null, "LASTEDITOR": null, "Shape__Length": 176.47303464019626, "GlobalID": "41c5a15f-eed0-4af8-a127-132fc7fbf8c7", "Status": null, "CreationDate": 1758294013017, "Creator": "dsimsGT", "EditDate": 1758294013017, "Editor": "dsimsGT"}}, {"type": "Feature", "id": 586, "geometry": {"type": "LineString", "coordinates": [[-84.3956140919797, 33.7752497700853], [-84.3953787028223, 33.7753462108187], [-84.3953232294052, 33.7753480294551], [-84.3947698911798, 33.7756538351806], [-84.3946476907149, 33.7755492610973], [-84.3946294492463, 33.7755307010859], [-84.3946150321057, 33.7755099267093], [-84.3946048169663, 33.7754874821801], [-84.3945990714239, 33.775463955462], [-84.3945937446286, 33.7752831101767], [-84.3946125593636, 33.7752749011257], [-84.3946270588659, 33.7752619534059], [-84.394635607927, 33.7752457272225], [-84.394637242413, 33.7752280525156]]}, "properties": {"OBJECTID": 586, "FACILITYID": null, "SURFTYPE": null, "ADACOMPLY": "Yes", "CONDITION": null, "WIDTH": null, "INSTALLDATE": null, "OWNEDBY": null, "MAINTBY": null, "LASTUPDATE": null, "LASTEDITOR": null, "Shape__Length": 478.0680570743183, "GlobalID": "a6569c47-dbb9-44b6-b0c6-d4f75eb96823", "Status": null, "CreationDate": 1758294013017, "Creator": "dsimsGT", "EditDate": 1758294013017, "Editor": "dsimsGT"}}, {"type": "Feature", "id": 587, "geometry": {"type": "LineString", "coordinates": [[-84.3946225148688, 33.7752670166523], [-84.3946484584301, 33.7752737428392]]}, "properties": {"OBJECTID": 587, "FACILITYID": null, "SURFTYPE": null, "ADACOMPLY": "Yes", "CONDITION": null, "WIDTH": null, "INSTALLDATE": null, "OWNEDBY": null, "MAINTBY": null, "LASTUPDATE": null, "LASTEDITOR": null, "Shape__Length": 8.254548716419972, "GlobalID": "a4284df6-84ac-414d-97be-3a4833c09ca4", "Status": null, "CreationDate": 1758294013017, "Creator": "dsimsGT", "EditDate": 1758294013017, "Editor": "dsimsGT"}}, {"type": "Feature", "id": 588, "geometry": {"type": "LineString", "coordinates": [[-84.394637242413, 33.7752280525156], [-84.3946423426771, 33.7749263314497]]}, "properties": {"OBJECTID": 588, "FACILITYID": null, "SURFTYPE": null, "ADACOMPLY": "Yes", "CONDITION": null, "WIDTH": null, "INSTALLDATE": null, "OWNEDBY": null, "MAINTBY": null, "LASTUPDATE": null, "LASTEDITOR": null, "Shape__Length": 109.79820810681642, "GlobalID": "bc72bd0e-ceb3-4009-9ba6-3c357f7edb18", "Status": null, "CreationDate": 1758294013017, "Creator": "dsimsGT", "EditDate": 1758294013017, "Editor": "dsimsGT"}}, {"type": "Feature", "id": 589, "geometry": {"type": "LineString", "coordinates": [[-84.394638613819, 33.7748730876795], [-84.3948156785946, 33.7748723745663], [-84.3948192091748, 33.7749835588463]]}, "properties": {"OBJECTID": 589, "FACILITYID": null, "SURFTYPE": null, "ADACOMPLY": "Yes", "CONDITION": null, "WIDTH": null, "INSTALLDATE": null, "OWNEDBY": null, "MAINTBY": null, "LASTUPDATE": null, "LASTEDITOR": null, "Shape__Length": 94.27572053254255, "GlobalID": "1b8746ae-a93c-4e80-b419-b90e43bc04d8", "Status": null, "CreationDate": 1758294013017, "Creator": "dsimsGT", "EditDate": 1758294013017, "Editor": "dsimsGT"}}, {"type": "Feature", "id": 591, "geometry": {"type": "LineString", "coordinates": [[-84.396031208938, 33.7742057023051], [-84.3960432597991, 33.7738485563]]}, "properties": {"OBJECTID": 591, "FACILITYID": null, "SURFTYPE": null, "ADACOMPLY": "Yes", "CONDITION": null, "WIDTH": null, "INSTALLDATE": null, "OWNEDBY": null, "MAINTBY": null, "LASTUPDATE": null, "LASTEDITOR": null, "Shape__Length": 130.00631664602162, "GlobalID": "bc8cd0a9-2946-4db0-8af7-40d8aabe4896", "Status": null, "CreationDate": 1758294013017, "Creator": "dsimsGT", "EditDate": 1758294013017, "Editor": "dsimsGT"}}, {"type": "Feature", "id": 592, "geometry": {"type": "LineString", "coordinates": [[-84.396031208938, 33.7742057023051], [-84.3960310634731, 33.774211079126]]}, "properties": {"OBJECTID": 592, "FACILITYID": null, "SURFTYPE": null, "ADACOMPLY": "Yes", "CONDITION": null, "WIDTH": null, "INSTALLDATE": null, "OWNEDBY": null, "MAINTBY": null, "LASTUPDATE": null, "LASTEDITOR": null, "Shape__Length": 1.9569633983365151, "GlobalID": "c6e68c7b-159b-42c1-8333-3f1c8bbd6bc7", "Status": null, "CreationDate": 1758294013017, "Creator": "dsimsGT", "EditDate": 1758294013017, "Editor": "dsimsGT"}}, {"type": "Feature", "id": 593, "geometry": {"type": "LineString", "coordinates": [[-84.3965001683608, 33.7739970369502], [-84.3965662089971, 33.7739981131428], [-84.3968910594611, 33.7739935267824]]}, "properties": {"OBJECTID": 593, "FACILITYID": null, "SURFTYPE": null, "ADACOMPLY": "Yes", "CONDITION": null, "WIDTH": null, "INSTALLDATE": null, "OWNEDBY": null, "MAINTBY": null, "LASTUPDATE": null, "LASTEDITOR": null, "Shape__Length": 118.79826900594132, "GlobalID": "8736d6ff-ae5d-40b3-aa5e-cb63abee2b69", "Status": null, "CreationDate": 1758294013017, "Creator": "dsimsGT", "EditDate": 1758294013017, "Editor": "dsimsGT"}}, {"type": "Feature", "id": 594, "geometry": {"type": "LineString", "coordinates": [[-84.3969354423127, 33.7734867606432], [-84.3969401606371, 33.7734617905048]]}, "properties": {"OBJECTID": 594, "FACILITYID": null, "SURFTYPE": null, "ADACOMPLY": "Yes", "CONDITION": null, "WIDTH": null, "INSTALLDATE": null, "OWNEDBY": null, "MAINTBY": null, "LASTUPDATE": null, "LASTEDITOR": null, "Shape__Length": 9.198315096642526, "GlobalID": "b447db0e-542d-48b0-960b-99331a06873d", "Status": null, "CreationDate": 1758294013017, "Creator": "dsimsGT", "EditDate": 1758294013017, "Editor": "dsimsGT"}}, {"type": "Feature", "id": 595, "geometry": {"type": "LineString", "coordinates": [[-84.3970334373604, 33.7734525899916], [-84.3970265161767, 33.7734479819438]]}, "properties": {"OBJECTID": 595, "FACILITYID": null, "SURFTYPE": null, "ADACOMPLY": "Yes", "CONDITION": null, "WIDTH": null, "INSTALLDATE": null, "OWNEDBY": null, "MAINTBY": null, "LASTUPDATE": null, "LASTEDITOR": null, "Shape__Length": 2.689739658898371, "GlobalID": "01e8be9f-8872-4f08-877e-05f054630a0e", "Status": null, "CreationDate": 1758294013017, "Creator": "dsimsGT", "EditDate": 1758294013017, "Editor": "dsimsGT"}}, {"type": "Feature", "id": 596, "geometry": {"type": "LineString", "coordinates": [[-84.3968870402891, 33.7734108362658], [-84.3967135643269, 33.7734144426626]]}, "properties": {"OBJECTID": 596, "FACILITYID": null, "SURFTYPE": null, "ADACOMPLY": "Yes", "CONDITION": null, "WIDTH": null, "INSTALLDATE": null, "OWNEDBY": null, "MAINTBY": null, "LASTUPDATE": null, "LASTEDITOR": null, "Shape__Length": 52.73094649404226, "GlobalID": "af3ba3ad-0945-457a-aa6a-c9371d5a26ee", "Status": null, "CreationDate": 1758294013017, "Creator": "dsimsGT", "EditDate": 1758294013017, "Editor": "dsimsGT"}}, {"type": "Feature", "id": 597, "geometry": {"type": "LineString", "coordinates": [[-84.3969018085259, 33.7733552949014], [-84.3968953015804, 33.7731079586318], [-84.3968444024684, 33.7731050880382], [-84.39685552411, 33.7728382089279], [-84.3968604947169, 33.772825548504], [-84.3968672162779, 33.7728134651126], [-84.3968755952239, 33.7728021269621], [-84.3968855149139, 33.772791691887], [-84.3968968372593, 33.7727823051499], [-84.3969094046453, 33.7727740974201], [-84.3969230421259, 33.7727671829543], [-84.3969375598588, 33.7727616580061]]}, "properties": {"OBJECTID": 597, "FACILITYID": null, "SURFTYPE": null, "ADACOMPLY": "Yes", "CONDITION": null, "WIDTH": null, "INSTALLDATE": null, "OWNEDBY": null, "MAINTBY": null, "LASTUPDATE": null, "LASTEDITOR": null, "Shape__Length": 241.49711166224878, "GlobalID": "b71489ef-f9e6-4486-a10d-2cd27173a232", "Status": null, "CreationDate": 1758294013017, "Creator": "dsimsGT", "EditDate": 1758294013017, "Editor": "dsimsGT"}}, {"type": "Feature", "id": 598, "geometry": {"type": "LineString", "coordinates": [[-84.397033262802, 33.7728226069124], [-84.3971855159108, 33.772675200048]]}, "properties": {"OBJECTID": 598, "FACILITYID": null, "SURFTYPE": null, "ADACOMPLY": "Yes", "CONDITION": null, "WIDTH": null, "INSTALLDATE": null, "OWNEDBY": null, "MAINTBY": null, "LASTUPDATE": null, "LASTEDITOR": null, "Shape__Length": 70.83400796219287, "GlobalID": "7f51c99c-0992-4757-b76b-c7de4e7f82eb", "Status": null, "CreationDate": 1758294013017, "Creator": "dsimsGT", "EditDate": 1758294013017, "Editor": "dsimsGT"}}, {"type": "Feature", "id": 599, "geometry": {"type": "LineString", "coordinates": [[-84.397033262802, 33.7728226069124], [-84.3969375598588, 33.7727616580061], [-84.3968393333726, 33.7726367315928]]}, "properties": {"OBJECTID": 599, "FACILITYID": null, "SURFTYPE": null, "ADACOMPLY": "Yes", "CONDITION": null, "WIDTH": null, "INSTALLDATE": null, "OWNEDBY": null, "MAINTBY": null, "LASTUPDATE": null, "LASTEDITOR": null, "Shape__Length": 90.95387472948451, "GlobalID": "503079a2-1fec-4d77-96be-018bdad59d16", "Status": null, "CreationDate": 1758294013017, "Creator": "dsimsGT", "EditDate": 1758294013017, "Editor": "dsimsGT"}}, {"type": "Feature", "id": 600, "geometry": {"type": "LineString", "coordinates": [[-84.3955617670978, 33.7738006393234], [-84.3955573332908, 33.7740021793922]]}, "properties": {"OBJECTID": 600, "FACILITYID": null, "SURFTYPE": null, "ADACOMPLY": "Yes", "CONDITION": null, "WIDTH": null, "INSTALLDATE": null, "OWNEDBY": null, "MAINTBY": null, "LASTUPDATE": null, "LASTEDITOR": null, "Shape__Length": 73.34676655547432, "GlobalID": "dec1b339-4697-4090-bd36-1b01f1d9d111", "Status": null, "CreationDate": 1758294013017, "Creator": "dsimsGT", "EditDate": 1758294013017, "Editor": "dsimsGT"}}, {"type": "Feature", "id": 601, "geometry": {"type": "LineString", "coordinates": [[-84.3955573332908, 33.7740021793922], [-84.395561072466, 33.7741317759125]]}, "properties": {"OBJECTID": 601, "FACILITYID": null, "SURFTYPE": null, "ADACOMPLY": "Yes", "CONDITION": null, "WIDTH": null, "INSTALLDATE": null, "OWNEDBY": null, "MAINTBY": null, "LASTUPDATE": null, "LASTEDITOR": null, "Shape__Length": 47.169977830702706, "GlobalID": "d83da5a6-4160-447e-9fe1-1a27e951a88a", "Status": null, "CreationDate": 1758294013017, "Creator": "dsimsGT", "EditDate": 1758294013017, "Editor": "dsimsGT"}}, {"type": "Feature", "id": 602, "geometry": {"type": "LineString", "coordinates": [[-84.3949643972041, 33.7739664478774], [-84.3948597821248, 33.773971237075]]}, "properties": {"OBJECTID": 602, "FACILITYID": null, "SURFTYPE": null, "ADACOMPLY": "Yes", "CONDITION": null, "WIDTH": null, "INSTALLDATE": null, "OWNEDBY": null, "MAINTBY": null, "LASTUPDATE": null, "LASTEDITOR": null, "Shape__Length": 31.83719085413699, "GlobalID": "3b7164bd-43ca-4fdf-8389-2b99fe624280", "Status": null, "CreationDate": 1758294013017, "Creator": "dsimsGT", "EditDate": 1758294013017, "Editor": "dsimsGT"}}, {"type": "Feature", "id": 603, "geometry": {"type": "LineString", "coordinates": [[-84.3943614285719, 33.7739729284356], [-84.3942903665552, 33.7739755958688]]}, "properties": {"OBJECTID": 603, "FACILITYID": null, "SURFTYPE": null, "ADACOMPLY": "Yes", "CONDITION": null, "WIDTH": null, "INSTALLDATE": null, "OWNEDBY": null, "MAINTBY": null, "LASTUPDATE": null, "LASTEDITOR": null, "Shape__Length": 21.615468447891693, "GlobalID": "e8b68588-6dc2-4e01-9517-be10b6b966bf", "Status": null, "CreationDate": 1758294013017, "Creator": "dsimsGT", "EditDate": 1758294013017, "Editor": "dsimsGT"}}, {"type": "Feature", "id": 604, "geometry": {"type": "LineString", "coordinates": [[-84.3937250171213, 33.7718852947178], [-84.3937237385077, 33.7713874749564]]}, "properties": {"OBJECTID": 604, "FACILITYID": null, "SURFTYPE": null, "ADACOMPLY": "Yes", "CONDITION": null, "WIDTH": null, "INSTALLDATE": null, "OWNEDBY": null, "MAINTBY": null, "LASTUPDATE": null, "LASTEDITOR": null, "Shape__Length": 181.1420264678797, "GlobalID": "fffc7d05-9911-4ed6-b678-ab1d99d022fe", "Status": null, "CreationDate": 1758294013017, "Creator": "dsimsGT", "EditDate": 1758294013017, "Editor": "dsimsGT"}}, {"type": "Feature", "id": 605, "geometry": {"type": "LineString", "coordinates": [[-84.3937246383745, 33.7717380294377], [-84.3935909060703, 33.7717422282419], [-84.3935530705885, 33.7717232239883], [-84.3935146185191, 33.7717051034205], [-84.3934755794475, 33.7716878804807], [-84.3934359834106, 33.7716715684201], [-84.3933958608737, 33.7716561797891], [-84.3933552427072, 33.7716417264278], [-84.3933141601629, 33.7716282194564], [-84.3932726448497, 33.7716156692673], [-84.3932307287094, 33.7716040855164], [-84.3931884439923, 33.7715934771163], [-84.3931458232322, 33.7715838522291], [-84.3931028992212, 33.77157521826], [-84.3930597049851, 33.7715675818521], [-84.3930162737572, 33.7715609488807], [-84.3929726389534, 33.7715553244492], [-84.3929288341459, 33.771550712885]]}, "properties": {"OBJECTID": 605, "FACILITYID": null, "SURFTYPE": null, "ADACOMPLY": "Yes", "CONDITION": null, "WIDTH": null, "INSTALLDATE": null, "OWNEDBY": null, "MAINTBY": null, "LASTUPDATE": null, "LASTEDITOR": null, "Shape__Length": 255.3414733255036, "GlobalID": "7c8bd256-0e2a-4866-bd4d-1cea383b2d0f", "Status": null, "CreationDate": 1758294013017, "Creator": "dsimsGT", "EditDate": 1758294013017, "Editor": "dsimsGT"}}, {"type": "Feature", "id": 606, "geometry": {"type": "LineString", "coordinates": [[-84.3934160561685, 33.7713914975588], [-84.3934227283221, 33.7712463787681], [-84.3947955595662, 33.7712448370667], [-84.394798924536, 33.7711746570428]]}, "properties": {"OBJECTID": 606, "FACILITYID": null, "SURFTYPE": null, "ADACOMPLY": "Yes", "CONDITION": null, "WIDTH": null, "INSTALLDATE": null, "OWNEDBY": null, "MAINTBY": null, "LASTUPDATE": null, "LASTEDITOR": null, "Shape__Length": 495.5769369460593, "GlobalID": "7869ec2d-0b22-442a-a02e-cf43f62f86a3", "Status": null, "CreationDate": 1758294013017, "Creator": "dsimsGT", "EditDate": 1758294013017, "Editor": "dsimsGT"}}, {"type": "Feature", "id": 608, "geometry": {"type": "LineString", "coordinates": [[-84.3919107704765, 33.7739611831075], [-84.3910444948272, 33.7739581022718], [-84.3910525117146, 33.7741959128598], [-84.3911013486313, 33.7741837856519], [-84.3911512651548, 33.7741752583217], [-84.3912018815648, 33.7741703957373], [-84.3912528128177, 33.7741692348889], [-84.3913036714747, 33.774171784607], [-84.3913540706493, 33.7741780254958], [-84.3914036269501, 33.7741879100803], [-84.3914519633972, 33.7742013631672], [-84.391473598003, 33.7742064131423], [-84.391496045187, 33.7742056910507], [-84.3915171505024, 33.7741992661978], [-84.3915348882935, 33.7741877552312], [-84.3915475561164, 33.7741722629554], [-84.3915539381366, 33.7741542762946], [-84.3915534218223, 33.7741355215787], [-84.3915460567328, 33.7741177988533], [-84.3915471185399, 33.7740944269985]]}, "properties": {"OBJECTID": 608, "FACILITYID": null, "SURFTYPE": null, "ADACOMPLY": "Yes", "CONDITION": null, "WIDTH": null, "INSTALLDATE": null, "OWNEDBY": null, "MAINTBY": null, "LASTUPDATE": null, "LASTEDITOR": null, "Shape__Length": 537.0417058867939, "GlobalID": "a6119379-b004-4c9e-9272-6eba5c1c7c87", "Status": null, "CreationDate": 1758294013017, "Creator": "dsimsGT", "EditDate": 1758294013017, "Editor": "dsimsGT"}}, {"type": "Feature", "id": 609, "geometry": {"type": "LineString", "coordinates": [[-84.3916181929067, 33.7744512660211], [-84.3915092646949, 33.7744403237089], [-84.3915047240039, 33.7744259169538], [-84.3915007194188, 33.7744113997404], [-84.3914972547761, 33.7743967859777], [-84.3914943333952, 33.7743820896677], [-84.3914919580748, 33.7743673248912], [-84.3914901310905, 33.7743525057945], [-84.3914888541925, 33.7743376465762], [-84.3914881286038, 33.7743227614733], [-84.3914879550195, 33.7743078647474], [-84.3914883336055, 33.7742929706713], [-84.3914892639988, 33.7742780935155], [-84.3914907453077, 33.7742632475338], [-84.3914927761127, 33.7742484469506], [-84.3914953544678, 33.7742337059465], [-84.3914984779022, 33.7742190386452], [-84.3915021434231, 33.7742044590996]]}, "properties": {"OBJECTID": 609, "FACILITYID": null, "SURFTYPE": null, "ADACOMPLY": "Yes", "CONDITION": null, "WIDTH": null, "INSTALLDATE": null, "OWNEDBY": null, "MAINTBY": null, "LASTUPDATE": null, "LASTEDITOR": null, "Shape__Length": 120.07363171728761, "GlobalID": "4fd64c16-60df-4b57-9122-b5b8c1388b68", "Status": null, "CreationDate": 1758294013017, "Creator": "dsimsGT", "EditDate": 1758294013017, "Editor": "dsimsGT"}}, {"type": "Feature", "id": 610, "geometry": {"type": "LineString", "coordinates": [[-84.3918213880734, 33.7739608656265], [-84.3918156718357, 33.7740899024667], [-84.3917219070561, 33.7740900734894]]}, "properties": {"OBJECTID": 610, "FACILITYID": null, "SURFTYPE": null, "ADACOMPLY": "Yes", "CONDITION": null, "WIDTH": null, "INSTALLDATE": null, "OWNEDBY": null, "MAINTBY": null, "LASTUPDATE": null, "LASTEDITOR": null, "Shape__Length": 75.47714750164874, "GlobalID": "b4c5cdd9-14e1-49ce-9369-a5ebb09824b6", "Status": null, "CreationDate": 1758294013017, "Creator": "dsimsGT", "EditDate": 1758294013017, "Editor": "dsimsGT"}}, {"type": "Feature", "id": 611, "geometry": {"type": "LineString", "coordinates": [[-84.3926071400267, 33.7739594674866], [-84.3925462253821, 33.7739627582158]]}, "properties": {"OBJECTID": 611, "FACILITYID": null, "SURFTYPE": null, "ADACOMPLY": "Yes", "CONDITION": null, "WIDTH": null, "INSTALLDATE": null, "OWNEDBY": null, "MAINTBY": null, "LASTUPDATE": null, "LASTEDITOR": null, "Shape__Length": 18.548866668438865, "GlobalID": "75a2e9fc-564f-4e57-879b-0482fb7ffcb8", "Status": null, "CreationDate": 1758294013017, "Creator": "dsimsGT", "EditDate": 1758294013017, "Editor": "dsimsGT"}}, {"type": "Feature", "id": 612, "geometry": {"type": "LineString", "coordinates": [[-84.3929603666944, 33.7739605821415], [-84.3927697245407, 33.7739620964914]]}, "properties": {"OBJECTID": 612, "FACILITYID": null, "SURFTYPE": null, "ADACOMPLY": "Yes", "CONDITION": null, "WIDTH": null, "INSTALLDATE": null, "OWNEDBY": null, "MAINTBY": null, "LASTUPDATE": null, "LASTEDITOR": null, "Shape__Length": 57.93319341620323, "GlobalID": "dd30329b-f694-4058-afee-a4bbd87b47b3", "Status": null, "CreationDate": 1758294013017, "Creator": "dsimsGT", "EditDate": 1758294013017, "Editor": "dsimsGT"}}, {"type": "Feature", "id": 613, "geometry": {"type": "LineString", "coordinates": [[-84.3937790704371, 33.7739689684669], [-84.3935213916303, 33.7739691782048]]}, "properties": {"OBJECTID": 613, "FACILITYID": null, "SURFTYPE": null, "ADACOMPLY": "Yes", "CONDITION": null, "WIDTH": null, "INSTALLDATE": null, "OWNEDBY": null, "MAINTBY": null, "LASTUPDATE": null, "LASTEDITOR": null, "Shape__Length": 78.30108350388053, "GlobalID": "e3e41aa0-0b79-4547-9d8d-dcab8ee71a98", "Status": null, "CreationDate": 1758294013017, "Creator": "dsimsGT", "EditDate": 1758294013017, "Editor": "dsimsGT"}}, {"type": "Feature", "id": 614, "geometry": {"type": "LineString", "coordinates": [[-84.3985438366587, 33.7752743396431], [-84.3985300817435, 33.7754384255244], [-84.3984803682906, 33.7754365415926]]}, "properties": {"OBJECTID": 614, "FACILITYID": null, "SURFTYPE": null, "ADACOMPLY": "Yes", "CONDITION": null, "WIDTH": null, "INSTALLDATE": null, "OWNEDBY": null, "MAINTBY": null, "LASTUPDATE": null, "LASTEDITOR": null, "Shape__Length": 74.97382935865322, "GlobalID": "f824673f-ead4-4aa9-8eb8-511bb1caeaeb", "Status": null, "CreationDate": 1758294013017, "Creator": "dsimsGT", "EditDate": 1758294013017, "Editor": "dsimsGT"}}, {"type": "Feature", "id": 615, "geometry": {"type": "LineString", "coordinates": [[-84.3989106597967, 33.7755130483251], [-84.3990273898248, 33.7755151061722]]}, "properties": {"OBJECTID": 615, "FACILITYID": null, "SURFTYPE": null, "ADACOMPLY": "Yes", "CONDITION": null, "WIDTH": null, "INSTALLDATE": null, "OWNEDBY": null, "MAINTBY": null, "LASTUPDATE": null, "LASTEDITOR": null, "Shape__Length": 35.47811363334032, "GlobalID": "4574d9f1-b88d-432a-a1ba-4d2513318812", "Status": null, "CreationDate": 1758294013017, "Creator": "dsimsGT", "EditDate": 1758294013017, "Editor": "dsimsGT"}}, {"type": "Feature", "id": 616, "geometry": {"type": "LineString", "coordinates": [[-84.3991468168142, 33.7755171119425], [-84.3991445620722, 33.7758071829379]]}, "properties": {"OBJECTID": 616, "FACILITYID": null, "SURFTYPE": null, "ADACOMPLY": "Yes", "CONDITION": null, "WIDTH": null, "INSTALLDATE": null, "OWNEDBY": null, "MAINTBY": null, "LASTUPDATE": null, "LASTEDITOR": null, "Shape__Length": 105.55041453968893, "GlobalID": "97a4362d-99e8-44b5-94e4-37157e22c74c", "Status": null, "CreationDate": 1758294013017, "Creator": "dsimsGT", "EditDate": 1758294013017, "Editor": "dsimsGT"}}, {"type": "Feature", "id": 617, "geometry": {"type": "LineString", "coordinates": [[-84.3991342858126, 33.7762614128972], [-84.3990305633278, 33.7762578258068]]}, "properties": {"OBJECTID": 617, "FACILITYID": null, "SURFTYPE": null, "ADACOMPLY": "Yes", "CONDITION": null, "WIDTH": null, "INSTALLDATE": null, "OWNEDBY": null, "MAINTBY": null, "LASTUPDATE": null, "LASTEDITOR": null, "Shape__Length": 31.544411748500742, "GlobalID": "4a9a83fa-3618-4595-b1b9-6ec35a81edd3", "Status": null, "CreationDate": 1758294013017, "Creator": "dsimsGT", "EditDate": 1758294013017, "Editor": "dsimsGT"}}, {"type": "Feature", "id": 618, "geometry": {"type": "LineString", "coordinates": [[-84.3985900356956, 33.77624827646], [-84.3985448988718, 33.7762508750812], [-84.3985436801016, 33.7763034553799], [-84.3985449745054, 33.7763166161592], [-84.3991141208761, 33.7763276844008], [-84.3991723912594, 33.7763766091494]]}, "properties": {"OBJECTID": 618, "FACILITYID": null, "SURFTYPE": null, "ADACOMPLY": "Yes", "CONDITION": null, "WIDTH": null, "INSTALLDATE": null, "OWNEDBY": null, "MAINTBY": null, "LASTUPDATE": null, "LASTEDITOR": null, "Shape__Length": 235.78635850593426, "GlobalID": "72b75721-916d-423c-87cc-3800dc72c2f7", "Status": null, "CreationDate": 1758294013017, "Creator": "dsimsGT", "EditDate": 1758294013017, "Editor": "dsimsGT"}}, {"type": "Feature", "id": 619, "geometry": {"type": "LineString", "coordinates": [[-84.3986442534028, 33.7765214570317], [-84.3986486069572, 33.7763801131637], [-84.3985449745054, 33.7763166161592]]}, "properties": {"OBJECTID": 619, "FACILITYID": null, "SURFTYPE": null, "ADACOMPLY": "Yes", "CONDITION": null, "WIDTH": null, "INSTALLDATE": null, "OWNEDBY": null, "MAINTBY": null, "LASTUPDATE": null, "LASTEDITOR": null, "Shape__Length": 90.50479816097726, "GlobalID": "4eaa10db-bed7-41b5-b59b-347fdb756509", "Status": null, "CreationDate": 1758294013017, "Creator": "dsimsGT", "EditDate": 1758294013017, "Editor": "dsimsGT"}}, {"type": "Feature", "id": 620, "geometry": {"type": "LineString", "coordinates": [[-84.3980288651546, 33.7770856323221], [-84.3978662694353, 33.7770802764748]]}, "properties": {"OBJECTID": 620, "FACILITYID": null, "SURFTYPE": null, "ADACOMPLY": "Yes", "CONDITION": null, "WIDTH": null, "INSTALLDATE": null, "OWNEDBY": null, "MAINTBY": null, "LASTUPDATE": null, "LASTEDITOR": null, "Shape__Length": 49.44472307709228, "GlobalID": "58edf42e-b251-46f4-914c-69e03a435e94", "Status": null, "CreationDate": 1758294013017, "Creator": "dsimsGT", "EditDate": 1758294013017, "Editor": "dsimsGT"}}, {"type": "Feature", "id": 621, "geometry": {"type": "LineString", "coordinates": [[-84.398577024985, 33.776787924934], [-84.3985865652489, 33.7766680793225]]}, "properties": {"OBJECTID": 621, "FACILITYID": null, "SURFTYPE": null, "ADACOMPLY": "Yes", "CONDITION": null, "WIDTH": null, "INSTALLDATE": null, "OWNEDBY": null, "MAINTBY": null, "LASTUPDATE": null, "LASTEDITOR": null, "Shape__Length": 43.70450115459948, "GlobalID": "d84802a2-baf6-4247-ab02-bb7e65d385a8", "Status": null, "CreationDate": 1758294013017, "Creator": "dsimsGT", "EditDate": 1758294013017, "Editor": "dsimsGT"}}, {"type": "Feature", "id": 622, "geometry": {"type": "LineString", "coordinates": [[-84.3980875212569, 33.7769841190097], [-84.3980288651546, 33.7770856323221]]}, "properties": {"OBJECTID": 622, "FACILITYID": null, "SURFTYPE": null, "ADACOMPLY": "Yes", "CONDITION": null, "WIDTH": null, "INSTALLDATE": null, "OWNEDBY": null, "MAINTBY": null, "LASTUPDATE": null, "LASTEDITOR": null, "Shape__Length": 41.01292233380538, "GlobalID": "3ecb260b-720d-4354-bc51-a36a60bb8a53", "Status": null, "CreationDate": 1758294013017, "Creator": "dsimsGT", "EditDate": 1758294013017, "Editor": "dsimsGT"}}, {"type": "Feature", "id": 623, "geometry": {"type": "LineString", "coordinates": [[-84.3978662694353, 33.7770802764748], [-84.397813599527, 33.7770798810325]]}, "properties": {"OBJECTID": 623, "FACILITYID": null, "SURFTYPE": null, "ADACOMPLY": "Yes", "CONDITION": null, "WIDTH": null, "INSTALLDATE": null, "OWNEDBY": null, "MAINTBY": null, "LASTUPDATE": null, "LASTEDITOR": null, "Shape__Length": 16.004914858858193, "GlobalID": "90046806-9776-43e3-a4dd-da3f66eb50ce", "Status": null, "CreationDate": 1758294013017, "Creator": "dsimsGT", "EditDate": 1758294013017, "Editor": "dsimsGT"}}, {"type": "Feature", "id": 625, "geometry": {"type": "LineString", "coordinates": [[-84.3965734142084, 33.7752472500272], [-84.3965767129934, 33.7752049248553]]}, "properties": {"OBJECTID": 625, "FACILITYID": null, "SURFTYPE": null, "ADACOMPLY": "Yes", "CONDITION": null, "WIDTH": null, "INSTALLDATE": null, "OWNEDBY": null, "MAINTBY": null, "LASTUPDATE": null, "LASTEDITOR": null, "Shape__Length": 15.433452278531426, "GlobalID": "df7acc5a-cb87-4f26-ac30-7e512ca84ff5", "Status": null, "CreationDate": 1758294013017, "Creator": "dsimsGT", "EditDate": 1758294013017, "Editor": "dsimsGT"}}, {"type": "Feature", "id": 626, "geometry": {"type": "LineString", "coordinates": [[-84.4010617629147, 33.774971940631], [-84.4010575078087, 33.7749104804102], [-84.4009768015384, 33.7749135937871]]}, "properties": {"OBJECTID": 626, "FACILITYID": null, "SURFTYPE": null, "ADACOMPLY": "Yes", "CONDITION": null, "WIDTH": null, "INSTALLDATE": null, "OWNEDBY": null, "MAINTBY": null, "LASTUPDATE": null, "LASTEDITOR": null, "Shape__Length": 46.951054369476566, "GlobalID": "11fb0473-a4b5-479e-a191-1be0a1c84e59", "Status": null, "CreationDate": 1758294013017, "Creator": "dsimsGT", "EditDate": 1758294013017, "Editor": "dsimsGT"}}, {"type": "Feature", "id": 627, "geometry": {"type": "LineString", "coordinates": [[-84.4006388981602, 33.7749672438705], [-84.4006609176728, 33.7748716099082]]}, "properties": {"OBJECTID": 627, "FACILITYID": null, "SURFTYPE": null, "ADACOMPLY": "Yes", "CONDITION": null, "WIDTH": null, "INSTALLDATE": null, "OWNEDBY": null, "MAINTBY": null, "LASTUPDATE": null, "LASTEDITOR": null, "Shape__Length": 35.43578189868172, "GlobalID": "1eaf2e67-d5f2-4d8e-8fa6-83b1f1b6b469", "Status": null, "CreationDate": 1758294013017, "Creator": "dsimsGT", "EditDate": 1758294013017, "Editor": "dsimsGT"}}, {"type": "Feature", "id": 628, "geometry": {"type": "LineString", "coordinates": [[-84.4008080866124, 33.7751613759096], [-84.4006652972218, 33.7751497079609], [-84.4006878040043, 33.7750474378178], [-84.4006189672935, 33.7750348829923], [-84.4006388981602, 33.7749672438705]]}, "properties": {"OBJECTID": 628, "FACILITYID": null, "SURFTYPE": null, "ADACOMPLY": "Yes", "CONDITION": null, "WIDTH": null, "INSTALLDATE": null, "OWNEDBY": null, "MAINTBY": null, "LASTUPDATE": null, "LASTEDITOR": null, "Shape__Length": 128.1887607448764, "GlobalID": "94f54365-fba0-4a74-9490-6e1246fe0d8a", "Status": null, "CreationDate": 1758294013017, "Creator": "dsimsGT", "EditDate": 1758294013017, "Editor": "dsimsGT"}}, {"type": "Feature", "id": 629, "geometry": {"type": "LineString", "coordinates": [[-84.4008080866124, 33.7751613759096], [-84.4010599718149, 33.7753589185085], [-84.4009885199591, 33.7754067127958]]}, "properties": {"OBJECTID": 629, "FACILITYID": null, "SURFTYPE": null, "ADACOMPLY": "Yes", "CONDITION": null, "WIDTH": null, "INSTALLDATE": null, "OWNEDBY": null, "MAINTBY": null, "LASTUPDATE": null, "LASTEDITOR": null, "Shape__Length": 132.81806536261047, "GlobalID": "73c741d9-8fec-4e9a-8fd4-72f73c7fb073", "Status": null, "CreationDate": 1758294013017, "Creator": "dsimsGT", "EditDate": 1758294013017, "Editor": "dsimsGT"}}, {"type": "Feature", "id": 630, "geometry": {"type": "LineString", "coordinates": [[-84.4013899529461, 33.7758600550534], [-84.4014093832788, 33.7757511698157], [-84.4016949207996, 33.7757593705769], [-84.4018648399823, 33.7756086432612], [-84.4018687400678, 33.7754996721335]]}, "properties": {"OBJECTID": 630, "FACILITYID": null, "SURFTYPE": null, "ADACOMPLY": "Yes", "CONDITION": null, "WIDTH": null, "INSTALLDATE": null, "OWNEDBY": null, "MAINTBY": null, "LASTUPDATE": null, "LASTEDITOR": null, "Shape__Length": 241.86801312881494, "GlobalID": "c9e692eb-3677-446e-a75c-5cbff6fb49e5", "Status": null, "CreationDate": 1758294013017, "Creator": "dsimsGT", "EditDate": 1758294013017, "Editor": "dsimsGT"}}, {"type": "Feature", "id": 631, "geometry": {"type": "LineString", "coordinates": [[-84.401686922631, 33.7753498538441], [-84.4016135666988, 33.775404825659]]}, "properties": {"OBJECTID": 631, "FACILITYID": null, "SURFTYPE": null, "ADACOMPLY": "Yes", "CONDITION": null, "WIDTH": null, "INSTALLDATE": null, "OWNEDBY": null, "MAINTBY": null, "LASTUPDATE": null, "LASTEDITOR": null, "Shape__Length": 29.9493676768818, "GlobalID": "196d3f9e-4716-4047-b1a4-fbf1959ec636", "Status": null, "CreationDate": 1758294013017, "Creator": "dsimsGT", "EditDate": 1758294013017, "Editor": "dsimsGT"}}, {"type": "Feature", "id": 632, "geometry": {"type": "LineString", "coordinates": [[-84.4020236634317, 33.7761535439213], [-84.402024727503, 33.7760743895116]]}, "properties": {"OBJECTID": 632, "FACILITYID": null, "SURFTYPE": null, "ADACOMPLY": "Yes", "CONDITION": null, "WIDTH": null, "INSTALLDATE": null, "OWNEDBY": null, "MAINTBY": null, "LASTUPDATE": null, "LASTEDITOR": null, "Shape__Length": 28.803751821279054, "GlobalID": "2bcb58c5-a458-4ed8-898c-f4f404021ea3", "Status": null, "CreationDate": 1758294013017, "Creator": "dsimsGT", "EditDate": 1758294013017, "Editor": "dsimsGT"}}, {"type": "Feature", "id": 633, "geometry": {"type": "LineString", "coordinates": [[-84.4022449456585, 33.7756284966636], [-84.402342985329, 33.7754563410762]]}, "properties": {"OBJECTID": 633, "FACILITYID": null, "SURFTYPE": null, "ADACOMPLY": "Yes", "CONDITION": null, "WIDTH": null, "INSTALLDATE": null, "OWNEDBY": null, "MAINTBY": null, "LASTUPDATE": null, "LASTEDITOR": null, "Shape__Length": 69.36535359810063, "GlobalID": "32124c31-4061-46aa-a739-a80af64db954", "Status": null, "CreationDate": 1758294013017, "Creator": "dsimsGT", "EditDate": 1758294013017, "Editor": "dsimsGT"}}, {"type": "Feature", "id": 634, "geometry": {"type": "LineString", "coordinates": [[-84.4006068490643, 33.7772077166987], [-84.4004366282584, 33.7772004843238], [-84.4002342572865, 33.7770152932153], [-84.4001527135445, 33.7769715334887], [-84.400098863452, 33.776970301817], [-84.3997938394523, 33.7766407955189], [-84.4000639000426, 33.7764798497054], [-84.4000802681692, 33.7764904708594], [-84.4000794819385, 33.7765266249654]]}, "properties": {"OBJECTID": 634, "FACILITYID": null, "SURFTYPE": null, "ADACOMPLY": "Yes", "CONDITION": null, "WIDTH": null, "INSTALLDATE": null, "OWNEDBY": null, "MAINTBY": null, "LASTUPDATE": null, "LASTEDITOR": null, "Shape__Length": 460.6542816522738, "GlobalID": "792c8562-b130-4347-96bc-cfbb38045046", "Status": null, "CreationDate": 1758294013017, "Creator": "dsimsGT", "EditDate": 1758294013017, "Editor": "dsimsGT"}}, {"type": "Feature", "id": 635, "geometry": {"type": "LineString", "coordinates": [[-84.3994841273162, 33.7767143237982], [-84.3993984264356, 33.7767137533056]]}, "properties": {"OBJECTID": 635, "FACILITYID": null, "SURFTYPE": null, "ADACOMPLY": "Yes", "CONDITION": null, "WIDTH": null, "INSTALLDATE": null, "OWNEDBY": null, "MAINTBY": null, "LASTUPDATE": null, "LASTEDITOR": null, "Shape__Length": 26.041992993252777, "GlobalID": "6fb67897-909e-4160-ab6a-816fa52a4c7d", "Status": null, "CreationDate": 1758294013017, "Creator": "dsimsGT", "EditDate": 1758294013017, "Editor": "dsimsGT"}}, {"type": "Feature", "id": 636, "geometry": {"type": "LineString", "coordinates": [[-84.4005869666329, 33.7766923578049], [-84.400584431819, 33.7766531642134]]}, "properties": {"OBJECTID": 636, "FACILITYID": null, "SURFTYPE": null, "ADACOMPLY": "Yes", "CONDITION": null, "WIDTH": null, "INSTALLDATE": null, "OWNEDBY": null, "MAINTBY": null, "LASTUPDATE": null, "LASTEDITOR": null, "Shape__Length": 14.282167580259653, "GlobalID": "b443f1dc-79db-46b6-8678-4f1ed5bb5b25", "Status": null, "CreationDate": 1758294013017, "Creator": "dsimsGT", "EditDate": 1758294013017, "Editor": "dsimsGT"}}, {"type": "Feature", "id": 637, "geometry": {"type": "LineString", "coordinates": [[-84.400584431819, 33.7766531642134], [-84.4007827866557, 33.7762816899637]]}, "properties": {"OBJECTID": 637, "FACILITYID": null, "SURFTYPE": null, "ADACOMPLY": "Yes", "CONDITION": null, "WIDTH": null, "INSTALLDATE": null, "OWNEDBY": null, "MAINTBY": null, "LASTUPDATE": null, "LASTEDITOR": null, "Shape__Length": 147.99756948339223, "GlobalID": "1bde81e9-9054-4e91-8781-1542446ac9cc", "Status": null, "CreationDate": 1758294013017, "Creator": "dsimsGT", "EditDate": 1758294013017, "Editor": "dsimsGT"}}, {"type": "Feature", "id": 638, "geometry": {"type": "LineString", "coordinates": [[-84.4010618671604, 33.776517486683], [-84.4014724695223, 33.7765225253928], [-84.4016264291613, 33.7765204867685]]}, "properties": {"OBJECTID": 638, "FACILITYID": null, "SURFTYPE": null, "ADACOMPLY": "Yes", "CONDITION": null, "WIDTH": null, "INSTALLDATE": null, "OWNEDBY": null, "MAINTBY": null, "LASTUPDATE": null, "LASTEDITOR": null, "Shape__Length": 171.56819558684646, "GlobalID": "b3962f20-72f9-409f-acc2-e1c8666df39b", "Status": null, "CreationDate": 1758294013017, "Creator": "dsimsGT", "EditDate": 1758294013017, "Editor": "dsimsGT"}}, {"type": "Feature", "id": 639, "geometry": {"type": "LineString", "coordinates": [[-84.4016264291613, 33.7765204867685], [-84.4016989220663, 33.7765207941441]]}, "properties": {"OBJECTID": 639, "FACILITYID": null, "SURFTYPE": null, "ADACOMPLY": "Yes", "CONDITION": null, "WIDTH": null, "INSTALLDATE": null, "OWNEDBY": null, "MAINTBY": null, "LASTUPDATE": null, "LASTEDITOR": null, "Shape__Length": 22.028111241238197, "GlobalID": "eb364cab-ca0a-4af5-9ed4-0786ee23f97b", "Status": null, "CreationDate": 1758294013017, "Creator": "dsimsGT", "EditDate": 1758294013017, "Editor": "dsimsGT"}}, {"type": "Feature", "id": 640, "geometry": {"type": "LineString", "coordinates": [[-84.3993887334902, 33.7767755229905], [-84.3993868779171, 33.7768311944523]]}, "properties": {"OBJECTID": 640, "FACILITYID": null, "SURFTYPE": null, "ADACOMPLY": "Yes", "CONDITION": null, "WIDTH": null, "INSTALLDATE": null, "OWNEDBY": null, "MAINTBY": null, "LASTUPDATE": null, "LASTEDITOR": null, "Shape__Length": 20.265035239532093, "GlobalID": "a58c352d-cd0b-4e79-ba28-ea824f139c13", "Status": null, "CreationDate": 1758294013017, "Creator": "dsimsGT", "EditDate": 1758294013017, "Editor": "dsimsGT"}}, {"type": "Feature", "id": 641, "geometry": {"type": "LineString", "coordinates": [[-84.4020642992057, 33.7780193996794], [-84.4019282861778, 33.7779076117478]]}, "properties": {"OBJECTID": 641, "FACILITYID": null, "SURFTYPE": null, "ADACOMPLY": "Yes", "CONDITION": null, "WIDTH": null, "INSTALLDATE": null, "OWNEDBY": null, "MAINTBY": null, "LASTUPDATE": null, "LASTEDITOR": null, "Shape__Length": 57.98797968287419, "GlobalID": "7a4a6537-46d2-4259-8a14-810f349da2e3", "Status": null, "CreationDate": 1758294013017, "Creator": "dsimsGT", "EditDate": 1758294013017, "Editor": "dsimsGT"}}, {"type": "Feature", "id": 642, "geometry": {"type": "LineString", "coordinates": [[-84.3978018896738, 33.7778942628089], [-84.3976035952301, 33.7778940705114], [-84.3976045532588, 33.7780140857278], [-84.3975810266665, 33.7780151918973]]}, "properties": {"OBJECTID": 642, "FACILITYID": null, "SURFTYPE": null, "ADACOMPLY": "Yes", "CONDITION": null, "WIDTH": null, "INSTALLDATE": null, "OWNEDBY": null, "MAINTBY": null, "LASTUPDATE": null, "LASTEDITOR": null, "Shape__Length": 111.08415536050386, "GlobalID": "bd089acb-4c20-4aa1-b344-c621040bdbe9", "Status": null, "CreationDate": 1758294013017, "Creator": "dsimsGT", "EditDate": 1758294013017, "Editor": "dsimsGT"}}, {"type": "Feature", "id": 643, "geometry": {"type": "LineString", "coordinates": [[-84.3973634467211, 33.7771175756542], [-84.3973663050398, 33.7770173932232]]}, "properties": {"OBJECTID": 643, "FACILITYID": null, "SURFTYPE": null, "ADACOMPLY": "Yes", "CONDITION": null, "WIDTH": null, "INSTALLDATE": null, "OWNEDBY": null, "MAINTBY": null, "LASTUPDATE": null, "LASTEDITOR": null, "Shape__Length": 36.46375143935574, "GlobalID": "7b40a420-d044-41e2-97f3-57f2bf742757", "Status": null, "CreationDate": 1758294013017, "Creator": "dsimsGT", "EditDate": 1758294013017, "Editor": "dsimsGT"}}, {"type": "Feature", "id": 644, "geometry": {"type": "LineString", "coordinates": [[-84.3976045532588, 33.7780140857278], [-84.3977998138033, 33.778019056146]]}, "properties": {"OBJECTID": 644, "FACILITYID": null, "SURFTYPE": null, "ADACOMPLY": "Yes", "CONDITION": null, "WIDTH": null, "INSTALLDATE": null, "OWNEDBY": null, "MAINTBY": null, "LASTUPDATE": null, "LASTEDITOR": null, "Shape__Length": 59.35874395873189, "GlobalID": "e3ac7183-3907-4fee-840a-b8bc8c97e6b3", "Status": null, "CreationDate": 1758294013017, "Creator": "dsimsGT", "EditDate": 1758294013017, "Editor": "dsimsGT"}}, {"type": "Feature", "id": 645, "geometry": {"type": "LineString", "coordinates": [[-84.3981603391768, 33.7740094199367], [-84.3981584857385, 33.7739228513033]]}, "properties": {"OBJECTID": 645, "FACILITYID": null, "SURFTYPE": null, "ADACOMPLY": "Yes", "CONDITION": null, "WIDTH": null, "INSTALLDATE": null, "OWNEDBY": null, "MAINTBY": null, "LASTUPDATE": null, "LASTEDITOR": null, "Shape__Length": 31.50477026736736, "GlobalID": "85e13abc-0d6e-4c8f-bf21-cead9923165b", "Status": null, "CreationDate": 1758294013017, "Creator": "dsimsGT", "EditDate": 1758294013017, "Editor": "dsimsGT"}}, {"type": "Feature", "id": 646, "geometry": {"type": "LineString", "coordinates": [[-84.3994880450675, 33.7746239218172], [-84.3994872257215, 33.7745664980611]]}, "properties": {"OBJECTID": 646, "FACILITYID": null, "SURFTYPE": null, "ADACOMPLY": "Yes", "CONDITION": null, "WIDTH": null, "INSTALLDATE": null, "OWNEDBY": null, "MAINTBY": null, "LASTUPDATE": null, "LASTEDITOR": null, "Shape__Length": 20.896273578787394, "GlobalID": "62ee8ee2-0b72-4f2a-aa51-43344a41335c", "Status": null, "CreationDate": 1758294013017, "Creator": "dsimsGT", "EditDate": 1758294013017, "Editor": "dsimsGT"}}, {"type": "Feature", "id": 647, "geometry": {"type": "LineString", "coordinates": [[-84.399487242418, 33.7741707395951], [-84.3994881948391, 33.7741288813153]]}, "properties": {"OBJECTID": 647, "FACILITYID": null, "SURFTYPE": null, "ADACOMPLY": "Yes", "CONDITION": null, "WIDTH": null, "INSTALLDATE": null, "OWNEDBY": null, "MAINTBY": null, "LASTUPDATE": null, "LASTEDITOR": null, "Shape__Length": 15.233726534367007, "GlobalID": "a651accb-f50d-450e-abf2-eb5d8e6ad148", "Status": null, "CreationDate": 1758294013017, "Creator": "dsimsGT", "EditDate": 1758294013017, "Editor": "dsimsGT"}}, {"type": "Feature", "id": 648, "geometry": {"type": "LineString", "coordinates": [[-84.4030741710019, 33.7760741887506], [-84.402978373474, 33.7760721081776], [-84.4029852352937, 33.776024233573]]}, "properties": {"OBJECTID": 648, "FACILITYID": null, "SURFTYPE": null, "ADACOMPLY": "Yes", "CONDITION": null, "WIDTH": null, "INSTALLDATE": null, "OWNEDBY": null, "MAINTBY": null, "LASTUPDATE": null, "LASTEDITOR": null, "Shape__Length": 46.66369422820275, "GlobalID": "95966f47-a534-4ea2-bbc0-8532e58baeb0", "Status": null, "CreationDate": 1758294013017, "Creator": "dsimsGT", "EditDate": 1758294013017, "Editor": "dsimsGT"}}, {"type": "Feature", "id": 649, "geometry": {"type": "LineString", "coordinates": [[-84.4026512996232, 33.7754445624152], [-84.4023313653141, 33.7754317968663]]}, "properties": {"OBJECTID": 649, "FACILITYID": null, "SURFTYPE": null, "ADACOMPLY": "Yes", "CONDITION": null, "WIDTH": null, "INSTALLDATE": null, "OWNEDBY": null, "MAINTBY": null, "LASTUPDATE": null, "LASTEDITOR": null, "Shape__Length": 97.32795888940937, "GlobalID": "307d24ca-5035-48fe-b777-769911d008a8", "Status": null, "CreationDate": 1758294013017, "Creator": "dsimsGT", "EditDate": 1758294013017, "Editor": "dsimsGT"}}, {"type": "Feature", "id": 650, "geometry": {"type": "LineString", "coordinates": [[-84.4027103084583, 33.7748921987558], [-84.4024951376758, 33.7748923684685]]}, "properties": {"OBJECTID": 650, "FACILITYID": null, "SURFTYPE": null, "ADACOMPLY": "Yes", "CONDITION": null, "WIDTH": null, "INSTALLDATE": null, "OWNEDBY": null, "MAINTBY": null, "LASTUPDATE": null, "LASTEDITOR": null, "Shape__Length": 65.38345853655544, "GlobalID": "e2995c16-3f31-4472-ae9b-7b436e15158d", "Status": null, "CreationDate": 1758294013017, "Creator": "dsimsGT", "EditDate": 1758294013017, "Editor": "dsimsGT"}}, {"type": "Feature", "id": 651, "geometry": {"type": "LineString", "coordinates": [[-84.4024750575282, 33.775170193995], [-84.4024667272185, 33.7751698931918], [-84.4024584759587, 33.7751688908963], [-84.4024503882357, 33.7751671973713], [-84.4024425468619, 33.7751648299572], [-84.4024350321272, 33.7751618128945], [-84.4024279209768, 33.775158177076], [-84.4024212862236, 33.7751539597294], [-84.4024151958026, 33.7751492040375], [-84.402409712075, 33.775143958695], [-84.4024048911899, 33.7751382774102], [-84.4024007825096, 33.7751322183553], [-84.4023974281037, 33.7751258435705], [-84.4023948623187, 33.7751192183288], [-84.402393111426, 33.7751124104677], [-84.4023921933533, 33.7751054896945], [-84.4023921175007, 33.7750985268728], [-84.4023851586527, 33.774990042616], [-84.4022082470169, 33.7749867981287]]}, "properties": {"OBJECTID": 651, "FACILITYID": null, "SURFTYPE": null, "ADACOMPLY": "Yes", "CONDITION": null, "WIDTH": null, "INSTALLDATE": null, "OWNEDBY": null, "MAINTBY": null, "LASTUPDATE": null, "LASTEDITOR": null, "Shape__Length": 133.85741047677718, "GlobalID": "03e2bf51-8713-485d-a397-4d51c2d1fe26", "Status": null, "CreationDate": 1758294013017, "Creator": "dsimsGT", "EditDate": 1758294013017, "Editor": "dsimsGT"}}, {"type": "Feature", "id": 653, "geometry": {"type": "LineString", "coordinates": [[-84.4001081199922, 33.7806930982998], [-84.4007507033379, 33.7807009372297], [-84.4009168615613, 33.7806530778792]]}, "properties": {"OBJECTID": 653, "FACILITYID": null, "SURFTYPE": null, "ADACOMPLY": "Yes", "CONDITION": null, "WIDTH": null, "INSTALLDATE": null, "OWNEDBY": null, "MAINTBY": null, "LASTUPDATE": null, "LASTEDITOR": null, "Shape__Length": 248.67366621299198, "GlobalID": "3b444b5b-8eb4-48e7-b025-b4de94df0ca3", "Status": null, "CreationDate": 1758294013017, "Creator": "dsimsGT", "EditDate": 1758294013017, "Editor": "dsimsGT"}}, {"type": "Feature", "id": 654, "geometry": {"type": "LineString", "coordinates": [[-84.4002432573581, 33.7806947468724], [-84.400243544729, 33.7807162831617], [-84.4001376449021, 33.7807160877391], [-84.4000471365094, 33.7808641468195], [-84.4000643075991, 33.7808667543778]]}, "properties": {"OBJECTID": 654, "FACILITYID": null, "SURFTYPE": null, "ADACOMPLY": "Yes", "CONDITION": null, "WIDTH": null, "INSTALLDATE": null, "OWNEDBY": null, "MAINTBY": null, "LASTUPDATE": null, "LASTEDITOR": null, "Shape__Length": 105.80472518866142, "GlobalID": "f7f7585e-9c65-461a-9625-71f689b1bb70", "Status": null, "CreationDate": 1758294013017, "Creator": "dsimsGT", "EditDate": 1758294013017, "Editor": "dsimsGT"}}, {"type": "Feature", "id": 655, "geometry": {"type": "LineString", "coordinates": [[-84.4001081199922, 33.7806930982998], [-84.3999942582458, 33.7806957850653], [-84.3999763439492, 33.7808164958915]]}, "properties": {"OBJECTID": 655, "FACILITYID": null, "SURFTYPE": null, "ADACOMPLY": "Yes", "CONDITION": null, "WIDTH": null, "INSTALLDATE": null, "OWNEDBY": null, "MAINTBY": null, "LASTUPDATE": null, "LASTEDITOR": null, "Shape__Length": 78.86947070852398, "GlobalID": "be93fa21-0db7-4fba-a14d-39453f84d222", "Status": null, "CreationDate": 1758294013017, "Creator": "dsimsGT", "EditDate": 1758294013017, "Editor": "dsimsGT"}}, {"type": "Feature", "id": 656, "geometry": {"type": "LineString", "coordinates": [[-84.4002933861427, 33.7806953588727], [-84.4002924152364, 33.7806678459321]]}, "properties": {"OBJECTID": 656, "FACILITYID": null, "SURFTYPE": null, "ADACOMPLY": "Yes", "CONDITION": null, "WIDTH": null, "INSTALLDATE": null, "OWNEDBY": null, "MAINTBY": null, "LASTUPDATE": null, "LASTEDITOR": null, "Shape__Length": 10.015493561219456, "GlobalID": "34c53bef-7a96-41c6-b47c-0b6a1ea5035f", "Status": null, "CreationDate": 1758294013017, "Creator": "dsimsGT", "EditDate": 1758294013017, "Editor": "dsimsGT"}}, {"type": "Feature", "id": 657, "geometry": {"type": "LineString", "coordinates": [[-84.401023409008, 33.7810001103398], [-84.400949369082, 33.7809882084806]]}, "properties": {"OBJECTID": 657, "FACILITYID": null, "SURFTYPE": null, "ADACOMPLY": "Yes", "CONDITION": null, "WIDTH": null, "INSTALLDATE": null, "OWNEDBY": null, "MAINTBY": null, "LASTUPDATE": null, "LASTEDITOR": null, "Shape__Length": 22.909790038001997, "GlobalID": "614d623c-db6f-4feb-9d42-0ca920306b6b", "Status": null, "CreationDate": 1758294013017, "Creator": "dsimsGT", "EditDate": 1758294013017, "Editor": "dsimsGT"}}, {"type": "Feature", "id": 658, "geometry": {"type": "LineString", "coordinates": [[-84.4021325463671, 33.7800470331922], [-84.4022416422287, 33.7799532462338], [-84.4022860681981, 33.7799470842903]]}, "properties": {"OBJECTID": 658, "FACILITYID": null, "SURFTYPE": null, "ADACOMPLY": "Yes", "CONDITION": null, "WIDTH": null, "INSTALLDATE": null, "OWNEDBY": null, "MAINTBY": null, "LASTUPDATE": null, "LASTEDITOR": null, "Shape__Length": 61.259419865074385, "GlobalID": "85114b52-f8ac-49a2-aafb-8bc070648792", "Status": null, "CreationDate": 1758294013017, "Creator": "dsimsGT", "EditDate": 1758294013017, "Editor": "dsimsGT"}}, {"type": "Feature", "id": 659, "geometry": {"type": "LineString", "coordinates": [[-84.4025486650821, 33.77991114594], [-84.4024830101235, 33.7799791990969], [-84.4024844706363, 33.7799902576909], [-84.4024851765968, 33.7800013677043], [-84.4024851257254, 33.7800124932657], [-84.4024843181862, 33.7800235984534], [-84.402482756586, 33.7800346474115], [-84.4024804459666, 33.7800456044655], [-84.4024773937883, 33.7800564342378], [-84.4024736099054, 33.7800671017616], [-84.402469106535, 33.7800775725941], [-84.4024638982171, 33.7800878129275], [-84.4024580017678, 33.780097789698], [-84.4024514362253, 33.7801074706932], [-84.4024442227878, 33.7801168246553], [-84.4024363847456, 33.7801258213826], [-84.4024279474058, 33.7801344318268], [-84.4024189380105, 33.7801426281866], [-84.4024093856486, 33.780150383998], [-84.4023993211625, 33.7801576742192], [-84.402388777048, 33.7801644753119], [-84.4023777873494, 33.7801707653167], [-84.40236638755, 33.7801765239247], [-84.4023546144569, 33.7801817325427], [-84.4023425060829, 33.7801863743532], [-84.402330101523, 33.7801904343688], [-84.4023174408288, 33.7801938994808], [-84.4023045648787, 33.7801967585009], [-84.4022915152463, 33.7801990021981], [-84.4022783340659, 33.780200623328], [-84.4022650638967, 33.7802016166563], [-84.4022517475849, 33.7802019789758], [-84.402238428126, 33.7802017091167], [-84.4022251485256, 33.7802008079501], [-84.402221684311, 33.7802559054336]]}, "properties": {"OBJECTID": 659, "FACILITYID": null, "SURFTYPE": null, "ADACOMPLY": "Yes", "CONDITION": null, "WIDTH": null, "INSTALLDATE": null, "OWNEDBY": null, "MAINTBY": null, "LASTUPDATE": null, "LASTEDITOR": null, "Shape__Length": 181.4374547679121, "GlobalID": "0a47a7c2-c3c3-476e-a752-24e2aa0a05ab", "Status": null, "CreationDate": 1758294013017, "Creator": "dsimsGT", "EditDate": 1758294013017, "Editor": "dsimsGT"}}, {"type": "Feature", "id": 660, "geometry": {"type": "LineString", "coordinates": [[-84.3999763439492, 33.7808164958915], [-84.3999774301261, 33.7808949212346]]}, "properties": {"OBJECTID": 660, "FACILITYID": null, "SURFTYPE": null, "ADACOMPLY": "Yes", "CONDITION": null, "WIDTH": null, "INSTALLDATE": null, "OWNEDBY": null, "MAINTBY": null, "LASTUPDATE": null, "LASTEDITOR": null, "Shape__Length": 28.538578776846116, "GlobalID": "e648c282-2790-43e5-9b52-f0b1b5f689ae", "Status": null, "CreationDate": 1758294013017, "Creator": "dsimsGT", "EditDate": 1758294013017, "Editor": "dsimsGT"}}, {"type": "Feature", "id": 661, "geometry": {"type": "LineString", "coordinates": [[-84.3989894507766, 33.7794997274756], [-84.3989471837084, 33.7795031392316], [-84.3989053440256, 33.7795091977693], [-84.398864169071, 33.7795178687206], [-84.3988238924165, 33.7795291028982], [-84.3987847425389, 33.7795428365742], [-84.3987469415232, 33.7795589918419], [-84.3987107038031, 33.7795774770578], [-84.3986762349447, 33.7795981873612], [-84.3986524178341, 33.7796161921206], [-84.3986265545961, 33.7796321071481], [-84.3985989070649, 33.7796457713226], [-84.3985697551387, 33.7796570463102], [-84.3985393939466, 33.7796658179646], [-84.3985081308603, 33.779671997483], [-84.3984762823824, 33.7796755223049], [-84.3984441709423, 33.7796763567454], [-84.3984121216313, 33.7796744923569], [-84.3983804589119, 33.779669948014], [-84.3983495033327, 33.7796627697231], [-84.3983195682831, 33.779653030156], [-84.3982909568206, 33.7796408279146], [-84.3982639586025, 33.7796262865324], [-84.3982388469535, 33.7796095532241], [-84.3982158760986, 33.7795907973947], [-84.3981846174118, 33.7795719096545], [-84.3981503706672, 33.7795570685449], [-84.3981138814778, 33.7795465971826], [-84.3980759442771, 33.7795407235477], [-84.3980373850239, 33.7795395755192], [-84.3979990432198, 33.7795431780918], [-84.3979617536323, 33.7795514528313], [-84.3979263281208, 33.7795642195822], [-84.3977676543305, 33.7795683434414]]}, "properties": {"OBJECTID": 661, "FACILITYID": null, "SURFTYPE": null, "ADACOMPLY": "Yes", "CONDITION": null, "WIDTH": null, "INSTALLDATE": null, "OWNEDBY": null, "MAINTBY": null, "LASTUPDATE": null, "LASTEDITOR": null, "Shape__Length": 401.6129286190821, "GlobalID": "10e61ada-fc38-4502-a57e-8df2c450cf13", "Status": null, "CreationDate": 1758294013017, "Creator": "dsimsGT", "EditDate": 1758294013017, "Editor": "dsimsGT"}}, {"type": "Feature", "id": 662, "geometry": {"type": "LineString", "coordinates": [[-84.3978582194862, 33.7777540605066], [-84.3982869895042, 33.7777606139815], [-84.3982877049935, 33.7775963975771]]}, "properties": {"OBJECTID": 662, "FACILITYID": null, "SURFTYPE": null, "ADACOMPLY": "Yes", "CONDITION": null, "WIDTH": null, "INSTALLDATE": null, "OWNEDBY": null, "MAINTBY": null, "LASTUPDATE": null, "LASTEDITOR": null, "Shape__Length": 190.0606394102164, "GlobalID": "e7a3ebb9-f427-4839-8778-b7c4a20a4875", "Status": null, "CreationDate": 1758294013017, "Creator": "dsimsGT", "EditDate": 1758294013017, "Editor": "dsimsGT"}}, {"type": "Feature", "id": 663, "geometry": {"type": "LineString", "coordinates": [[-84.3973663050398, 33.7770173932232], [-84.3975269391286, 33.7770152399372]]}, "properties": {"OBJECTID": 663, "FACILITYID": null, "SURFTYPE": null, "ADACOMPLY": "Yes", "CONDITION": null, "WIDTH": null, "INSTALLDATE": null, "OWNEDBY": null, "MAINTBY": null, "LASTUPDATE": null, "LASTEDITOR": null, "Shape__Length": 48.81656627614204, "GlobalID": "1c197128-396f-4d25-a33b-944dd3df8f7b", "Status": null, "CreationDate": 1758294013017, "Creator": "dsimsGT", "EditDate": 1758294013017, "Editor": "dsimsGT"}}, {"type": "Feature", "id": 664, "geometry": {"type": "LineString", "coordinates": [[-84.3973663050398, 33.7770173932232], [-84.3973675626782, 33.7769778327156]]}, "properties": {"OBJECTID": 664, "FACILITYID": null, "SURFTYPE": null, "ADACOMPLY": "Yes", "CONDITION": null, "WIDTH": null, "INSTALLDATE": null, "OWNEDBY": null, "MAINTBY": null, "LASTUPDATE": null, "LASTEDITOR": null, "Shape__Length": 14.39996320384356, "GlobalID": "5f5a8098-8501-4d2a-a581-411c9e9b8958", "Status": null, "CreationDate": 1758294013017, "Creator": "dsimsGT", "EditDate": 1758294013017, "Editor": "dsimsGT"}}, {"type": "Feature", "id": 665, "geometry": {"type": "LineString", "coordinates": [[-84.396529144101, 33.7724422570943], [-84.3965279144649, 33.7724766601204], [-84.3965499010325, 33.7724799994631], [-84.3965566803336, 33.7726364748818], [-84.3966492200042, 33.7726382338113]]}, "properties": {"OBJECTID": 665, "FACILITYID": null, "SURFTYPE": null, "ADACOMPLY": "Yes", "CONDITION": null, "WIDTH": null, "INSTALLDATE": null, "OWNEDBY": null, "MAINTBY": null, "LASTUPDATE": null, "LASTEDITOR": null, "Shape__Length": 104.4163678343906, "GlobalID": "ec7912d9-e90e-4b2b-b44d-1005c3a64f73", "Status": null, "CreationDate": 1758294013017, "Creator": "dsimsGT", "EditDate": 1758294013017, "Editor": "dsimsGT"}}, {"type": "Feature", "id": 666, "geometry": {"type": "LineString", "coordinates": [[-84.3961010459725, 33.7724456946166], [-84.3961078939423, 33.7730729630938], [-84.3961466431754, 33.7730728910495], [-84.3961492005353, 33.7730727474399], [-84.3961497869111, 33.7731675496582], [-84.3958270568315, 33.7731628367955], [-84.3958332343792, 33.7728764146259]]}, "properties": {"OBJECTID": 666, "FACILITYID": null, "SURFTYPE": null, "ADACOMPLY": "Yes", "CONDITION": null, "WIDTH": null, "INSTALLDATE": null, "OWNEDBY": null, "MAINTBY": null, "LASTUPDATE": null, "LASTEDITOR": null, "Shape__Length": 477.62505185066675, "GlobalID": "26e3d647-f977-415b-8baa-aea8e83ea04e", "Status": null, "CreationDate": 1758294013017, "Creator": "dsimsGT", "EditDate": 1758294013017, "Editor": "dsimsGT"}}, {"type": "Feature", "id": 667, "geometry": {"type": "LineString", "coordinates": [[-84.3960238949744, 33.7724419113219], [-84.3960306166427, 33.7723109203215], [-84.3960314010766, 33.772295748565]]}, "properties": {"OBJECTID": 667, "FACILITYID": null, "SURFTYPE": null, "ADACOMPLY": "Yes", "CONDITION": null, "WIDTH": null, "INSTALLDATE": null, "OWNEDBY": null, "MAINTBY": null, "LASTUPDATE": null, "LASTEDITOR": null, "Shape__Length": 53.23312415357523, "GlobalID": "d54c5eef-f4d7-4b9c-9c21-75d46430088a", "Status": null, "CreationDate": 1758294013017, "Creator": "dsimsGT", "EditDate": 1758294013017, "Editor": "dsimsGT"}}, {"type": "Feature", "id": 668, "geometry": {"type": "LineString", "coordinates": [[-84.3960306166427, 33.7723109203215], [-84.3956348353339, 33.7723069531064], [-84.3956218549978, 33.7723019118465], [-84.3956099814443, 33.7722952335862], [-84.3955995082721, 33.7722870834595], [-84.3955906944523, 33.7722776629957], [-84.3955837579249, 33.7722672051359], [-84.3955788702093, 33.7722559684727], [-84.3955761521638, 33.7722442308564], [-84.395575670997, 33.772232282524], [-84.3955732498618, 33.7721590043262], [-84.3956560879501, 33.7721590264783]]}, "properties": {"OBJECTID": 668, "FACILITYID": null, "SURFTYPE": null, "ADACOMPLY": "Yes", "CONDITION": null, "WIDTH": null, "INSTALLDATE": null, "OWNEDBY": null, "MAINTBY": null, "LASTUPDATE": null, "LASTEDITOR": null, "Shape__Length": 206.9605640449108, "GlobalID": "cb9eda36-c571-4b6d-9f50-cd198e795088", "Status": null, "CreationDate": 1758294013017, "Creator": "dsimsGT", "EditDate": 1758294013017, "Editor": "dsimsGT"}}, {"type": "Feature", "id": 669, "geometry": {"type": "LineString", "coordinates": [[-84.395436723929, 33.7723768820583], [-84.3954399807122, 33.7719265773577], [-84.3954049583671, 33.7719321098912], [-84.3953941719666, 33.7719299978277], [-84.3953831935089, 33.7719287546681], [-84.3953721231173, 33.7719283917498], [-84.3953610617534, 33.7719289123828], [-84.3953501102967, 33.7719303118189], [-84.3953393686243, 33.7719325772953], [-84.3953289347, 33.7719356881508], [-84.3953189036811, 33.7719396160145]]}, "properties": {"OBJECTID": 669, "FACILITYID": null, "SURFTYPE": null, "ADACOMPLY": "Yes", "CONDITION": null, "WIDTH": null, "INSTALLDATE": null, "OWNEDBY": null, "MAINTBY": null, "LASTUPDATE": null, "LASTEDITOR": null, "Shape__Length": 201.62992793379487, "GlobalID": "8114021b-6df1-4ff9-aea4-999de858ba33", "Status": null, "CreationDate": 1758294013017, "Creator": "dsimsGT", "EditDate": 1758294013017, "Editor": "dsimsGT"}}, {"type": "Feature", "id": 670, "geometry": {"type": "LineString", "coordinates": [[-84.3952745728395, 33.7719399866654], [-84.3952657962056, 33.7719363954003], [-84.395256831881, 33.7719331435023], [-84.3952476986688, 33.7719302377925], [-84.3952384157263, 33.7719276843657], [-84.3952290025248, 33.7719254885777], [-84.3952194788089, 33.7719236550344], [-84.3952098645551, 33.7719221875817], [-84.3952001799297, 33.7719210892977], [-84.3951904452465, 33.7719203624859], [-84.3951806809244, 33.7719200086711], [-84.3951709074446, 33.7719200285952], [-84.3951611453073, 33.7719204222165], [-84.3951514149889, 33.7719211887094], [-84.3951417368993, 33.7719223264661], [-84.3951321313386, 33.7719238331002], [-84.3951226184549, 33.7719257054513]]}, "properties": {"OBJECTID": 670, "FACILITYID": null, "SURFTYPE": null, "ADACOMPLY": "Yes", "CONDITION": null, "WIDTH": null, "INSTALLDATE": null, "OWNEDBY": null, "MAINTBY": null, "LASTUPDATE": null, "LASTEDITOR": null, "Shape__Length": 47.52342112120727, "GlobalID": "956a7f47-4f09-4937-a9c9-66aad494e516", "Status": null, "CreationDate": 1758294013017, "Creator": "dsimsGT", "EditDate": 1758294013017, "Editor": "dsimsGT"}}, {"type": "Feature", "id": 671, "geometry": {"type": "LineString", "coordinates": [[-84.3951226184549, 33.7719257054513], [-84.3951278274995, 33.7719036251638], [-84.3951356330383, 33.7718705326981], [-84.3951988015167, 33.7718709071464], [-84.3951997556947, 33.771913109019], [-84.3952460829848, 33.7719144307054]]}, "properties": {"OBJECTID": 671, "FACILITYID": null, "SURFTYPE": null, "ADACOMPLY": "Yes", "CONDITION": null, "WIDTH": null, "INSTALLDATE": null, "OWNEDBY": null, "MAINTBY": null, "LASTUPDATE": null, "LASTEDITOR": null, "Shape__Length": 69.10233219773244, "GlobalID": "64e83a61-7bfb-4dd9-9979-d9aeab2841ba", "Status": null, "CreationDate": 1758294013017, "Creator": "dsimsGT", "EditDate": 1758294013017, "Editor": "dsimsGT"}}, {"type": "Feature", "id": 672, "geometry": {"type": "LineString", "coordinates": [[-84.3951356330383, 33.7718705326981], [-84.3951396135067, 33.771858372428], [-84.3951431124189, 33.7718461093059], [-84.3951461259814, 33.7718337566279], [-84.3951486509269, 33.7718213277877], [-84.3951506845179, 33.7718088362611], [-84.3951522245497, 33.7717962955921], [-84.3951532693528, 33.7717837193779], [-84.3951538177946, 33.7717711212543], [-84.3951538692806, 33.7717585148809], [-84.3951534237552, 33.771745913926], [-84.3951524817017, 33.7717333320523], [-84.3951510441417, 33.7717207829016], [-84.3951491126342, 33.7717082800803], [-84.3951466892735, 33.7716958371446], [-84.3951437766874, 33.7716834675857], [-84.3951403780341, 33.7716711848152]]}, "properties": {"OBJECTID": 672, "FACILITYID": null, "SURFTYPE": null, "ADACOMPLY": "No", "CONDITION": null, "WIDTH": null, "INSTALLDATE": null, "OWNEDBY": null, "MAINTBY": null, "LASTUPDATE": null, "LASTEDITOR": null, "Shape__Length": 73.39702020718346, "GlobalID": "9314f386-19d7-4bdd-aad9-674d3508c1cf", "Status": null, "CreationDate": 1758294013017, "Creator": "dsimsGT", "EditDate": 1758294013017, "Editor": "dsimsGT"}}, {"type": "Feature", "id": 673, "geometry": {"type": "LineString", "coordinates": [[-84.3944394165674, 33.7725356826827], [-84.394437683576, 33.7723622314327]]}, "properties": {"OBJECTID": 673, "FACILITYID": null, "SURFTYPE": null, "ADACOMPLY": "Yes", "CONDITION": null, "WIDTH": null, "INSTALLDATE": null, "OWNEDBY": null, "MAINTBY": null, "LASTUPDATE": null, "LASTEDITOR": null, "Shape__Length": 63.11589049080105, "GlobalID": "0ded4546-bf07-47cb-a2ff-79d9f4831203", "Status": null, "CreationDate": 1758294013017, "Creator": "dsimsGT", "EditDate": 1758294013017, "Editor": "dsimsGT"}}, {"type": "Feature", "id": 674, "geometry": {"type": "LineString", "coordinates": [[-84.394437683576, 33.7723622314327], [-84.3944351938018, 33.7723619819911], [-84.3944327440266, 33.7723615347577], [-84.3944303567269, 33.772360893836], [-84.394428053806, 33.7723600651064], [-84.3944258563931, 33.7723590561722], [-84.3944237846493, 33.7723578762906], [-84.3944218575826, 33.7723565362868], [-84.3944200928737, 33.7723550484551], [-84.3944185067137, 33.7723534264465], [-84.3944171136555, 33.7723516851426], [-84.3944159264802, 33.7723498405199], [-84.3944149560802, 33.7723479095025], [-84.3944142113587, 33.7723459098074], [-84.3944136991484, 33.7723438597817], [-84.3944134241489, 33.7723417782342], [-84.3944133888833, 33.7723396842629], [-84.394413593675, 33.7723375970798], [-84.3944140366451, 33.7723355358347], [-84.3944147137293, 33.7723335194394], [-84.3944156187156, 33.772331566394], [-84.3944167433006, 33.7723296946176], [-84.3944180771664, 33.7723279212837], [-84.3944196080749, 33.7723262626624], [-84.39442132198, 33.7723247339714], [-84.394423203157, 33.7723233492364], [-84.394425234346, 33.772322121162], [-84.3944273969112, 33.7723210610159], [-84.3944296710111, 33.7723201785248], [-84.3944320357811, 33.7723194817855], [-84.3944344695246, 33.7723189771904], [-84.3944369499123, 33.7723186693692], [-84.3944394541868, 33.7723185611462], [-84.3944421099018, 33.7723184823246], [-84.3944447615128, 33.7723186286257], [-84.3944473817277, 33.7723189985435], [-84.3944499435777, 33.7723195882707], [-84.3944524206946, 33.7723203917375], [-84.3944547875825, 33.7723214006741], [-84.3944570198799, 33.7723226046959], [-84.3944590946106, 33.7723239914103], [-84.3944609904202, 33.7723255465445], [-84.3944626877959, 33.772327254092], [-84.3944641692671, 33.7723290964777], [-84.3944654195857, 33.7723310547386], [-84.3944664258827, 33.7723331087192], [-84.3944671778005, 33.7723352372786], [-84.3944676675999, 33.7723374185083], [-84.3944678902397, 33.7723396299578], [-84.3944678434282, 33.7723418488654], [-84.3944675276472, 33.7723440523929], [-84.3944669461469, 33.77234621786], [-84.3944661049126, 33.7723483229786], [-84.3944650126025, 33.7723503460813], [-84.3944636804596, 33.7723522663452], [-84.3944621221949, 33.7723540640057], [-84.3944603538472, 33.7723557205602], [-84.3944583936173, 33.7723572189584], [-84.3944562616812, 33.7723585437777], [-84.394453979982, 33.7723596813825], [-84.3944515720045, 33.7723606200636], [-84.394449062533, 33.7723613501596], [-84.3944464773967, 33.772361864156], [-84.3944438432032, 33.7723621567623], [-84.3944411870655, 33.7723622249668], [-84.394437683576, 33.7723622314327]]}, "properties": {"OBJECTID": 674, "FACILITYID": null, "SURFTYPE": null, "ADACOMPLY": "Yes", "CONDITION": null, "WIDTH": null, "INSTALLDATE": null, "OWNEDBY": null, "MAINTBY": null, "LASTUPDATE": null, "LASTEDITOR": null, "Shape__Length": 51.309939104173935, "GlobalID": "a672261c-9d97-4b02-ba9e-5bd7ca07078d", "Status": null, "CreationDate": 1758294013017, "Creator": "dsimsGT", "EditDate": 1758294013017, "Editor": "dsimsGT"}}, {"type": "Feature", "id": 675, "geometry": {"type": "LineString", "coordinates": [[-84.3944394541868, 33.7723185611462], [-84.3944409567063, 33.7722604847542]]}, "properties": {"OBJECTID": 675, "FACILITYID": null, "SURFTYPE": null, "ADACOMPLY": "Yes", "CONDITION": null, "WIDTH": null, "INSTALLDATE": null, "OWNEDBY": null, "MAINTBY": null, "LASTUPDATE": null, "LASTEDITOR": null, "Shape__Length": 21.137183772940794, "GlobalID": "aec96580-5fa7-4528-9f85-010858145010", "Status": null, "CreationDate": 1758294013017, "Creator": "dsimsGT", "EditDate": 1758294013017, "Editor": "dsimsGT"}}, {"type": "Feature", "id": 676, "geometry": {"type": "LineString", "coordinates": [[-84.3941697832909, 33.7725014303334], [-84.3940978661065, 33.7725003438484]]}, "properties": {"OBJECTID": 676, "FACILITYID": null, "SURFTYPE": null, "ADACOMPLY": "Yes", "CONDITION": null, "WIDTH": null, "INSTALLDATE": null, "OWNEDBY": null, "MAINTBY": null, "LASTUPDATE": null, "LASTEDITOR": null, "Shape__Length": 21.857475948551713, "GlobalID": "1f042859-038f-49c4-a8d2-6e6ed306649c", "Status": null, "CreationDate": 1758294013017, "Creator": "dsimsGT", "EditDate": 1758294013017, "Editor": "dsimsGT"}}, {"type": "Feature", "id": 678, "geometry": {"type": "LineString", "coordinates": [[-84.39464043531, 33.7726898438976], [-84.3946399973319, 33.7727066956846], [-84.3947263295237, 33.7727041864774], [-84.3947513428963, 33.7727549808136]]}, "properties": {"OBJECTID": 678, "FACILITYID": null, "SURFTYPE": null, "ADACOMPLY": "Yes", "CONDITION": null, "WIDTH": null, "INSTALLDATE": null, "OWNEDBY": null, "MAINTBY": null, "LASTUPDATE": null, "LASTEDITOR": null, "Shape__Length": 52.367850381292655, "GlobalID": "df797809-7e90-4ae9-aaac-4e64c16e8c53", "Status": null, "CreationDate": 1758294013017, "Creator": "dsimsGT", "EditDate": 1758294013017, "Editor": "dsimsGT"}}, {"type": "Feature", "id": 679, "geometry": {"type": "LineString", "coordinates": [[-84.3940975048034, 33.7727472926319], [-84.3940966991588, 33.7727688688505], [-84.3939922587706, 33.7727750888122], [-84.3939873169644, 33.7728882669867], [-84.3939881634834, 33.77290668528]]}, "properties": {"OBJECTID": 679, "FACILITYID": null, "SURFTYPE": null, "ADACOMPLY": "Yes", "CONDITION": null, "WIDTH": null, "INSTALLDATE": null, "OWNEDBY": null, "MAINTBY": null, "LASTUPDATE": null, "LASTEDITOR": null, "Shape__Length": 87.5884740053093, "GlobalID": "1115feaa-face-448c-b65f-20473f246bcb", "Status": null, "CreationDate": 1758294013017, "Creator": "dsimsGT", "EditDate": 1758294013017, "Editor": "dsimsGT"}}, {"type": "Feature", "id": 680, "geometry": {"type": "LineString", "coordinates": [[-84.394813784546, 33.7729481047891], [-84.3948691522049, 33.7729472910206], [-84.3948727560678, 33.7727118864169]]}, "properties": {"OBJECTID": 680, "FACILITYID": null, "SURFTYPE": null, "ADACOMPLY": "Yes", "CONDITION": null, "WIDTH": null, "INSTALLDATE": null, "OWNEDBY": null, "MAINTBY": null, "LASTUPDATE": null, "LASTEDITOR": null, "Shape__Length": 102.4910799576942, "GlobalID": "85a2ccbf-19ba-4d37-82f6-bc4d6913b887", "Status": null, "CreationDate": 1758294013017, "Creator": "dsimsGT", "EditDate": 1758294013017, "Editor": "dsimsGT"}}, {"type": "Feature", "id": 681, "geometry": {"type": "LineString", "coordinates": [[-84.3948712762835, 33.7728085652021], [-84.3948828418312, 33.7728094273824], [-84.3948942269151, 33.7728113331423], [-84.3949052969259, 33.7728142599495], [-84.3949159209795, 33.7728181731994], [-84.3949259734643, 33.7728230266244], [-84.3949353355267, 33.7728287628411], [-84.394943896476, 33.7728353140283], [-84.3949515550933, 33.7728426027294], [-84.394958220828, 33.7728505427677], [-84.3949638148688, 33.7728590402657], [-84.3949682710752, 33.7728679947547], [-84.3949715367597, 33.772877300363], [-84.3949735733107, 33.7728868470672], [-84.3949743566489, 33.7728965219935], [-84.3949738775123, 33.772906210752], [-84.3949721415654, 33.7729157987893], [-84.3949766252194, 33.7729249904139], [-84.3949819117149, 33.7729338794785], [-84.3949879720147, 33.7729424171577], [-84.3949947728314, 33.7729505565564], [-84.3950022768102, 33.772958252967], [-84.3950104427338, 33.7729654641152], [-84.3950192257491, 33.7729721503919], [-84.3950285776135, 33.7729782750712], [-84.3950384469596, 33.7729838045118], [-84.3950487795779, 33.772988708342], [-84.3950595187138, 33.7729929596263], [-84.3950706053803, 33.7729965350134], [-84.395081978681, 33.7729994148646], [-84.3950935761454, 33.7730015833617], [-84.3951053340716, 33.7730030285937], [-84.3951171878762, 33.7730037426223]]}, "properties": {"OBJECTID": 681, "FACILITYID": null, "SURFTYPE": null, "ADACOMPLY": "Yes", "CONDITION": null, "WIDTH": null, "INSTALLDATE": null, "OWNEDBY": null, "MAINTBY": null, "LASTUPDATE": null, "LASTEDITOR": null, "Shape__Length": 114.2791010755223, "GlobalID": "193c1b27-6196-40cf-b3b1-70d7d70a8db9", "Status": null, "CreationDate": 1758294013017, "Creator": "dsimsGT", "EditDate": 1758294013017, "Editor": "dsimsGT"}}, {"type": "Feature", "id": 682, "geometry": {"type": "LineString", "coordinates": [[-84.3951171878762, 33.7730037426223], [-84.395112776768, 33.7732797095348], [-84.3951832544805, 33.7732784132222], [-84.3951843308519, 33.7732897756522]]}, "properties": {"OBJECTID": 682, "FACILITYID": null, "SURFTYPE": null, "ADACOMPLY": "Yes", "CONDITION": null, "WIDTH": null, "INSTALLDATE": null, "OWNEDBY": null, "MAINTBY": null, "LASTUPDATE": null, "LASTEDITOR": null, "Shape__Length": 125.99386634347931, "GlobalID": "8a610cf2-265d-4f5c-906a-cc4921375ac1", "Status": null, "CreationDate": 1758294013017, "Creator": "dsimsGT", "EditDate": 1758294013017, "Editor": "dsimsGT"}}, {"type": "Feature", "id": 683, "geometry": {"type": "LineString", "coordinates": [[-84.3951142804121, 33.7731856121405], [-84.3954194465695, 33.7731879447988]]}, "properties": {"OBJECTID": 683, "FACILITYID": null, "SURFTYPE": null, "ADACOMPLY": "Yes", "CONDITION": null, "WIDTH": null, "INSTALLDATE": null, "OWNEDBY": null, "MAINTBY": null, "LASTUPDATE": null, "LASTEDITOR": null, "Shape__Length": 92.73579652034604, "GlobalID": "72d8db05-489f-4f8f-b26f-b14a103de13e", "Status": null, "CreationDate": 1758294013017, "Creator": "dsimsGT", "EditDate": 1758294013017, "Editor": "dsimsGT"}}, {"type": "Feature", "id": 684, "geometry": {"type": "LineString", "coordinates": [[-84.3941750803969, 33.7737473658857], [-84.3941967146183, 33.773747617236], [-84.3941959962231, 33.7734970972362], [-84.3940260576994, 33.7734964781106]]}, "properties": {"OBJECTID": 684, "FACILITYID": null, "SURFTYPE": null, "ADACOMPLY": "Yes", "CONDITION": null, "WIDTH": null, "INSTALLDATE": null, "OWNEDBY": null, "MAINTBY": null, "LASTUPDATE": null, "LASTEDITOR": null, "Shape__Length": 149.37174995897675, "GlobalID": "d40357fb-5d58-4bb5-895b-56c3e5f15151", "Status": null, "CreationDate": 1758294013017, "Creator": "dsimsGT", "EditDate": 1758294013017, "Editor": "dsimsGT"}}, {"type": "Feature", "id": 685, "geometry": {"type": "LineString", "coordinates": [[-84.3952391559896, 33.7734956249861], [-84.395241338962, 33.7734569508891], [-84.3954271360233, 33.7734576904249]]}, "properties": {"OBJECTID": 685, "FACILITYID": null, "SURFTYPE": null, "ADACOMPLY": "Yes", "CONDITION": null, "WIDTH": null, "INSTALLDATE": null, "OWNEDBY": null, "MAINTBY": null, "LASTUPDATE": null, "LASTEDITOR": null, "Shape__Length": 70.54723911306371, "GlobalID": "cafc5e6b-05fc-45ce-a852-c5aec44eefa8", "Status": null, "CreationDate": 1758294013017, "Creator": "dsimsGT", "EditDate": 1758294013017, "Editor": "dsimsGT"}}, {"type": "Feature", "id": 686, "geometry": {"type": "LineString", "coordinates": [[-84.394454474083, 33.7741640674543], [-84.3943908128885, 33.7741641849385], [-84.3943903296583, 33.7741198822577]]}, "properties": {"OBJECTID": 686, "FACILITYID": null, "SURFTYPE": null, "ADACOMPLY": "Yes", "CONDITION": null, "WIDTH": null, "INSTALLDATE": null, "OWNEDBY": null, "MAINTBY": null, "LASTUPDATE": null, "LASTEDITOR": null, "Shape__Length": 35.465863914950035, "GlobalID": "5e4f12dc-8c36-4f0d-a70e-ae92f06aa89a", "Status": null, "CreationDate": 1758294013017, "Creator": "dsimsGT", "EditDate": 1758294013017, "Editor": "dsimsGT"}}, {"type": "Feature", "id": 687, "geometry": {"type": "LineString", "coordinates": [[-84.3948851695897, 33.774741961892], [-84.3948863565669, 33.7746374654547], [-84.3946313430331, 33.7746370206916]]}, "properties": {"OBJECTID": 687, "FACILITYID": null, "SURFTYPE": null, "ADACOMPLY": "Yes", "CONDITION": null, "WIDTH": null, "INSTALLDATE": null, "OWNEDBY": null, "MAINTBY": null, "LASTUPDATE": null, "LASTEDITOR": null, "Shape__Length": 115.51555568203885, "GlobalID": "c37389e0-bb1b-49ec-b9f5-68b10bac9e1f", "Status": null, "CreationDate": 1758294013017, "Creator": "dsimsGT", "EditDate": 1758294013017, "Editor": "dsimsGT"}}, {"type": "Feature", "id": 689, "geometry": {"type": "LineString", "coordinates": [[-84.4003810074366, 33.7747501360065], [-84.4003985772748, 33.7746702217958], [-84.4004609852944, 33.7746800379849]]}, "properties": {"OBJECTID": 689, "FACILITYID": null, "SURFTYPE": null, "ADACOMPLY": "Yes", "CONDITION": null, "WIDTH": null, "INSTALLDATE": null, "OWNEDBY": null, "MAINTBY": null, "LASTUPDATE": null, "LASTEDITOR": null, "Shape__Length": 48.86172213966713, "GlobalID": "d66102a5-b38b-49f1-9624-1ab660adca22", "Status": null, "CreationDate": 1758294013017, "Creator": "dsimsGT", "EditDate": 1758294013017, "Editor": "dsimsGT"}}, {"type": "Feature", "id": 690, "geometry": {"type": "LineString", "coordinates": [[-84.3990482160852, 33.7742282295453], [-84.3991703194298, 33.7742312265834]]}, "properties": {"OBJECTID": 690, "FACILITYID": null, "SURFTYPE": null, "ADACOMPLY": "Yes", "CONDITION": null, "WIDTH": null, "INSTALLDATE": null, "OWNEDBY": null, "MAINTBY": null, "LASTUPDATE": null, "LASTEDITOR": null, "Shape__Length": 37.11955232886971, "GlobalID": "8aced8a2-d51f-4f89-8a70-2afbdb7d4377", "Status": null, "CreationDate": 1758294013017, "Creator": "dsimsGT", "EditDate": 1758294013017, "Editor": "dsimsGT"}}, {"type": "Feature", "id": 691, "geometry": {"type": "LineString", "coordinates": [[-84.3990493031785, 33.7740342262759], [-84.3991853624203, 33.7740368895575]]}, "properties": {"OBJECTID": 691, "FACILITYID": null, "SURFTYPE": null, "ADACOMPLY": "Yes", "CONDITION": null, "WIDTH": null, "INSTALLDATE": null, "OWNEDBY": null, "MAINTBY": null, "LASTUPDATE": null, "LASTEDITOR": null, "Shape__Length": 41.35575561912457, "GlobalID": "86942b70-01f4-468b-8c98-db64eaaeef94", "Status": null, "CreationDate": 1758294013017, "Creator": "dsimsGT", "EditDate": 1758294013017, "Editor": "dsimsGT"}}, {"type": "Feature", "id": 693, "geometry": {"type": "LineString", "coordinates": [[-84.3897886672947, 33.7773334164032], [-84.3896929097136, 33.7773350979584], [-84.3896996798566, 33.7771585522476], [-84.38945214297, 33.7771574909016], [-84.3894420358065, 33.7774411696585]]}, "properties": {"OBJECTID": 693, "FACILITYID": null, "SURFTYPE": null, "ADACOMPLY": "Yes", "CONDITION": null, "WIDTH": null, "INSTALLDATE": null, "OWNEDBY": null, "MAINTBY": null, "LASTUPDATE": null, "LASTEDITOR": null, "Shape__Length": 271.8611618664361, "GlobalID": "cb303579-b5ca-441a-b4d6-f4600e9812bd", "Status": null, "CreationDate": 1758294013017, "Creator": "dsimsGT", "EditDate": 1758294013017, "Editor": "dsimsGT"}}, {"type": "Feature", "id": 694, "geometry": {"type": "LineString", "coordinates": [[-84.38945214297, 33.7771574909016], [-84.3894624325783, 33.7769447267084], [-84.3894632701776, 33.7769225202198], [-84.3886998705116, 33.7769113982648], [-84.3886547551084, 33.7769326024214]]}, "properties": {"OBJECTID": 694, "FACILITYID": null, "SURFTYPE": null, "ADACOMPLY": "Yes", "CONDITION": null, "WIDTH": null, "INSTALLDATE": null, "OWNEDBY": null, "MAINTBY": null, "LASTUPDATE": null, "LASTEDITOR": null, "Shape__Length": 333.29891354404026, "GlobalID": "92fcecba-fffa-42dc-9be2-621aab4c122a", "Status": null, "CreationDate": 1758294013017, "Creator": "dsimsGT", "EditDate": 1758294013017, "Editor": "dsimsGT"}}, {"type": "Feature", "id": 695, "geometry": {"type": "LineString", "coordinates": [[-84.3886998705116, 33.7769113982648], [-84.3878740470944, 33.7768973701753], [-84.3878744789778, 33.7770653931036]]}, "properties": {"OBJECTID": 695, "FACILITYID": null, "SURFTYPE": null, "ADACOMPLY": "Yes", "CONDITION": null, "WIDTH": null, "INSTALLDATE": null, "OWNEDBY": null, "MAINTBY": null, "LASTUPDATE": null, "LASTEDITOR": null, "Shape__Length": 312.1255073169278, "GlobalID": "1b5a42a2-a139-4806-9d50-c4c2a6075adb", "Status": null, "CreationDate": 1758294013017, "Creator": "dsimsGT", "EditDate": 1758294013017, "Editor": "dsimsGT"}}, {"type": "Feature", "id": 698, "geometry": {"type": "LineString", "coordinates": [[-84.3887124651729, 33.7759203241293], [-84.3874379192739, 33.7759256303896], [-84.3874205227382, 33.776356558232], [-84.3877720531164, 33.7763559289212]]}, "properties": {"OBJECTID": 698, "FACILITYID": null, "SURFTYPE": null, "ADACOMPLY": "Yes", "CONDITION": null, "WIDTH": null, "INSTALLDATE": null, "OWNEDBY": null, "MAINTBY": null, "LASTUPDATE": null, "LASTEDITOR": null, "Shape__Length": 651.000953740747, "GlobalID": "e640fb9a-dfe0-4838-b045-589ed4f599c3", "Status": null, "CreationDate": 1758294013017, "Creator": "dsimsGT", "EditDate": 1759417901518, "Editor": "aramirez91_GTFacilities"}}, {"type": "Feature", "id": 699, "geometry": {"type": "LineString", "coordinates": [[-84.3887124651729, 33.7759203241293], [-84.3887001356655, 33.7767216397693], [-84.3885911862637, 33.7767235524833]]}, "properties": {"OBJECTID": 699, "FACILITYID": null, "SURFTYPE": null, "ADACOMPLY": "Yes", "CONDITION": null, "WIDTH": null, "INSTALLDATE": null, "OWNEDBY": null, "MAINTBY": null, "LASTUPDATE": null, "LASTEDITOR": null, "Shape__Length": 324.71161672215743, "GlobalID": "7fbc52f8-86b5-41bb-89f9-49b2edfdfc6f", "Status": null, "CreationDate": 1758294013017, "Creator": "dsimsGT", "EditDate": 1758294013017, "Editor": "dsimsGT"}}, {"type": "Feature", "id": 700, "geometry": {"type": "LineString", "coordinates": [[-84.3886572145975, 33.776021295828], [-84.3886570728999, 33.77596636114], [-84.3885008332315, 33.7759649262398], [-84.3885023292885, 33.7759211997464]]}, "properties": {"OBJECTID": 700, "FACILITYID": null, "SURFTYPE": null, "ADACOMPLY": "Yes", "CONDITION": null, "WIDTH": null, "INSTALLDATE": null, "OWNEDBY": null, "MAINTBY": null, "LASTUPDATE": null, "LASTEDITOR": null, "Shape__Length": 83.38480644005712, "GlobalID": "b3aacebd-33ca-4339-8941-b29fc23edee4", "Status": null, "CreationDate": 1758294013017, "Creator": "dsimsGT", "EditDate": 1758294013017, "Editor": "dsimsGT"}}, {"type": "Feature", "id": 701, "geometry": {"type": "LineString", "coordinates": [[-84.389174728453, 33.7758160747783], [-84.3888786956647, 33.775813174674], [-84.3888816325619, 33.7753582391088]]}, "properties": {"OBJECTID": 701, "FACILITYID": null, "SURFTYPE": null, "ADACOMPLY": "Yes", "CONDITION": null, "WIDTH": null, "INSTALLDATE": null, "OWNEDBY": null, "MAINTBY": null, "LASTUPDATE": null, "LASTEDITOR": null, "Shape__Length": 255.49975585762962, "GlobalID": "89d4ff12-e476-45b8-af4a-f1ca61afe54e", "Status": null, "CreationDate": 1758294013017, "Creator": "dsimsGT", "EditDate": 1758294013017, "Editor": "dsimsGT"}}, {"type": "Feature", "id": 702, "geometry": {"type": "LineString", "coordinates": [[-84.3866077963646, 33.7785208229099], [-84.3866028970354, 33.7785806003186], [-84.3865925924287, 33.7785824343898], [-84.3865821520119, 33.7785836172575], [-84.3865716347146, 33.7785841422454], [-84.3865610999001, 33.7785840063899], [-84.3865506070308, 33.7785832104582], [-84.3865402153323, 33.7785817589425], [-84.3865299834589, 33.778579660036], [-84.3865199691632, 33.7785769255854], [-84.3865102289693, 33.778573571025], [-84.3865008178544, 33.7785696152893], [-84.3864917889381, 33.7785650807057], [-84.3864831931829, 33.7785599928691], [-84.3864750791061, 33.778554380497], [-84.3864674925065, 33.7785482752677], [-84.3864604762052, 33.7785417116413], [-84.3864540698048, 33.7785347266652], [-84.386448309465, 33.778527359765], [-84.3864432276991, 33.7785196525221], [-84.3864388531901, 33.778511648439], [-84.386435210629, 33.7785033926933], [-84.3864323205756, 33.7784949318835], [-84.3864301993421, 33.7784863137652], [-84.3864288589012, 33.7784775869821], [-84.3864283068186, 33.7784688007911], [-84.3864285462101, 33.7784600047845], [-84.3864295757244, 33.7784512486098], [-84.3864313895503, 33.77844258169], [-84.3864339774497, 33.7784340529439], [-84.3864373248153, 33.7784257105107], [-84.3864414127534, 33.7784176014778], [-84.3864462181901, 33.7784097716154], [-84.3864517140016, 33.7784022651176], [-84.3864583067894, 33.7783460002363], [-84.3862957684604, 33.7783371486718]]}, "properties": {"OBJECTID": 702, "FACILITYID": null, "SURFTYPE": null, "ADACOMPLY": "Yes", "CONDITION": null, "WIDTH": null, "INSTALLDATE": null, "OWNEDBY": null, "MAINTBY": null, "LASTUPDATE": null, "LASTEDITOR": null, "Shape__Length": 194.33589741818327, "GlobalID": "36826ae4-aa7f-4678-911b-6db4be93320a", "Status": null, "CreationDate": 1758294013017, "Creator": "dsimsGT", "EditDate": 1758294013017, "Editor": "dsimsGT"}}, {"type": "Feature", "id": 703, "geometry": {"type": "LineString", "coordinates": [[-84.399021027878, 33.7805677061185], [-84.3990125107762, 33.780456571134]]}, "properties": {"OBJECTID": 703, "FACILITYID": null, "SURFTYPE": null, "ADACOMPLY": "Yes", "CONDITION": null, "WIDTH": null, "INSTALLDATE": null, "OWNEDBY": null, "MAINTBY": null, "LASTUPDATE": null, "LASTEDITOR": null, "Shape__Length": 40.521463092052315, "GlobalID": "8b21a5cc-9ae8-4fd2-9a39-2f6d2a7f05c7", "Status": null, "CreationDate": 1758294013017, "Creator": "dsimsGT", "EditDate": 1758294013017, "Editor": "dsimsGT"}}, {"type": "Feature", "id": 704, "geometry": {"type": "LineString", "coordinates": [[-84.4024427323502, 33.7746424207438], [-84.4024387094999, 33.7745510099602]]}, "properties": {"OBJECTID": 704, "FACILITYID": null, "SURFTYPE": null, "ADACOMPLY": "Yes", "CONDITION": null, "WIDTH": null, "INSTALLDATE": null, "OWNEDBY": null, "MAINTBY": null, "LASTUPDATE": null, "LASTEDITOR": null, "Shape__Length": 33.28411502364083, "GlobalID": "a90f4b0e-5875-48df-a57b-64a9d414b093", "Status": null, "CreationDate": 1758296406810, "Creator": "aramirez91_GTFacilities", "EditDate": 1758296406810, "Editor": "aramirez91_GTFacilities"}}, {"type": "Feature", "id": 705, "geometry": {"type": "LineString", "coordinates": [[-84.402464190131, 33.7742455628113], [-84.4024259685685, 33.7743241534724]]}, "properties": {"OBJECTID": 705, "FACILITYID": null, "SURFTYPE": null, "ADACOMPLY": "Yes", "CONDITION": null, "WIDTH": null, "INSTALLDATE": null, "OWNEDBY": null, "MAINTBY": null, "LASTUPDATE": null, "LASTEDITOR": null, "Shape__Length": 30.86536217731768, "GlobalID": "38f767ef-7574-4649-a5cf-715fe94b9d06", "Status": null, "CreationDate": 1758296441076, "Creator": "aramirez91_GTFacilities", "EditDate": 1758296441076, "Editor": "aramirez91_GTFacilities"}}, {"type": "Feature", "id": 706, "geometry": {"type": "LineString", "coordinates": [[-84.395194649696, 33.7770817064846], [-84.3953092935588, 33.7769236293738]]}, "properties": {"OBJECTID": 706, "FACILITYID": null, "SURFTYPE": null, "ADACOMPLY": "Yes", "CONDITION": null, "WIDTH": null, "INSTALLDATE": null, "OWNEDBY": null, "MAINTBY": null, "LASTUPDATE": null, "LASTEDITOR": null, "Shape__Length": 67.2459961507717, "GlobalID": "1335faee-9501-489a-8f5d-d7a1679c3907", "Status": null, "CreationDate": 1758296867485, "Creator": "aramirez91_GTFacilities", "EditDate": 1758296867485, "Editor": "aramirez91_GTFacilities"}}, {"type": "Feature", "id": 707, "geometry": {"type": "LineString", "coordinates": [[-84.3988189477837, 33.7749819081746], [-84.3989245230457, 33.7751385121806], [-84.3989610820262, 33.7751754687994]]}, "properties": {"OBJECTID": 707, "FACILITYID": null, "SURFTYPE": "Concrete", "ADACOMPLY": "Yes", "CONDITION": "Good", "WIDTH": 6, "INSTALLDATE": null, "OWNEDBY": 1, "MAINTBY": 1, "LASTUPDATE": null, "LASTEDITOR": null, "Shape__Length": 82.83602898972492, "GlobalID": "0cddc883-0311-454f-8234-6bb679c85b3b", "Status": "Close", "CreationDate": 1758303180513, "Creator": "dsimsGT", "EditDate": 1758911320656, "Editor": "aramirez91_GTFacilities"}}, {"type": "Feature", "id": 713, "geometry": {"type": "LineString", "coordinates": [[-84.4011397275697, 33.7736291329061], [-84.4011801582106, 33.7734606879192]]}, "properties": {"OBJECTID": 713, "FACILITYID": null, "SURFTYPE": null, "ADACOMPLY": "Yes", "CONDITION": null, "WIDTH": null, "INSTALLDATE": null, "OWNEDBY": null, "MAINTBY": null, "LASTUPDATE": null, "LASTEDITOR": null, "Shape__Length": 62.51128512074567, "GlobalID": "b7cb5194-e07d-4619-acc5-87f4d5382c53", "Status": null, "CreationDate": 1758563330049, "Creator": "aramirez91_GTFacilities", "EditDate": 1758911320656, "Editor": "aramirez91_GTFacilities"}}, {"type": "Feature", "id": 719, "geometry": {"type": "LineString", "coordinates": [[-84.4027358320483, 33.7797043802939], [-84.4026210398025, 33.7796971972804]]}, "properties": {"OBJECTID": 719, "FACILITYID": null, "SURFTYPE": null, "ADACOMPLY": "Yes", "CONDITION": null, "WIDTH": null, "INSTALLDATE": null, "OWNEDBY": null, "MAINTBY": null, "LASTUPDATE": null, "LASTEDITOR": null, "Shape__Length": 34.97748582038245, "GlobalID": "3c29395d-12a1-4c00-91b4-ad29107ea702", "Status": null, "CreationDate": 1758902660783, "Creator": "aramirez91_GTFacilities", "EditDate": 1758911320656, "Editor": "aramirez91_GTFacilities"}}, {"type": "Feature", "id": 720, "geometry": {"type": "LineString", "coordinates": [[-84.4031128948144, 33.7804892875837], [-84.4031515732981, 33.7804956575664], [-84.4037444810663, 33.7811337704893]]}, "properties": {"OBJECTID": 720, "FACILITYID": null, "SURFTYPE": null, "ADACOMPLY": "Yes", "CONDITION": null, "WIDTH": null, "INSTALLDATE": null, "OWNEDBY": null, "MAINTBY": null, "LASTUPDATE": null, "LASTEDITOR": null, "Shape__Length": 305.8623535865902, "GlobalID": "e489f421-f604-4079-b6f3-cec444d2a5c1", "Status": null, "CreationDate": 1758902854995, "Creator": "aramirez91_GTFacilities", "EditDate": 1758902854995, "Editor": "aramirez91_GTFacilities"}}, {"type": "Feature", "id": 721, "geometry": {"type": "LineString", "coordinates": [[-84.4038353567401, 33.7812402656568], [-84.4037444810663, 33.7811337704893]]}, "properties": {"OBJECTID": 721, "FACILITYID": null, "SURFTYPE": null, "ADACOMPLY": "Yes", "CONDITION": null, "WIDTH": null, "INSTALLDATE": null, "OWNEDBY": null, "MAINTBY": null, "LASTUPDATE": null, "LASTEDITOR": null, "Shape__Length": 47.58181750300278, "GlobalID": "388075a6-875d-4c21-a105-8e9c55f68a45", "Status": null, "CreationDate": 1758902902949, "Creator": "aramirez91_GTFacilities", "EditDate": 1758902902949, "Editor": "aramirez91_GTFacilities"}}, {"type": "Feature", "id": 722, "geometry": {"type": "LineString", "coordinates": [[-84.4037444810663, 33.7811337704893], [-84.4037383369659, 33.7811378172804], [-84.4037317319386, 33.7811413214166], [-84.4037247344518, 33.7811442465743], [-84.4037174170407, 33.7811465624315], [-84.4037098555571, 33.7811482449822], [-84.4037021283827, 33.7811492767853], [-84.4036943156169, 33.7811496471451], [-84.4036864982462, 33.7811493522224], [-84.4036787573049, 33.7811483950745], [-84.4036711730351, 33.7811467856231], [-84.4036638240547, 33.7811445405516], [-84.4036567865428, 33.7811416831323], [-84.4036501334495, 33.7811382429849], [-84.4036439337404, 33.7811342557698], [-84.403638251681, 33.7811297628181], [-84.403633146171, 33.7811248107035], [-84.4036286701337, 33.781119450759], [-84.4036248699671, 33.7811137385456], [-84.4036217850634, 33.7811077332755], [-84.4036194474002, 33.7811014971987], [-84.4036178812094, 33.7810950949581], [-84.4036171027258, 33.7810885929184], [-84.4036171200188, 33.7810820584795], [-84.4036179329092, 33.7810755593764], [-84.4036195329702, 33.7810691629785], [-84.4036219036158, 33.78106293559], [-84.4036250202718, 33.7810569417635], [-84.4036288506312, 33.7810512436303], [-84.4036333549888, 33.7810459002567], [-84.4036384866527, 33.7810409670314], [-84.4036441924285, 33.7810364950919], [-84.4036504131708, 33.7810325307937]]}, "properties": {"OBJECTID": 722, "FACILITYID": null, "SURFTYPE": null, "ADACOMPLY": "Yes", "CONDITION": null, "WIDTH": null, "INSTALLDATE": null, "OWNEDBY": null, "MAINTBY": null, "LASTUPDATE": null, "LASTEDITOR": null, "Shape__Length": 76.1191744367391, "GlobalID": "4ae85c0b-4edd-46f2-8f9e-1aee13c5298c", "Status": null, "CreationDate": 1758902923531, "Creator": "aramirez91_GTFacilities", "EditDate": 1758902923531, "Editor": "aramirez91_GTFacilities"}}, {"type": "Feature", "id": 723, "geometry": {"type": "LineString", "coordinates": [[-84.4036180456863, 33.7810959609638], [-84.4034431123742, 33.7810965744481], [-84.4034465892357, 33.781033789441]]}, "properties": {"OBJECTID": 723, "FACILITYID": null, "SURFTYPE": null, "ADACOMPLY": "Yes", "CONDITION": null, "WIDTH": null, "INSTALLDATE": null, "OWNEDBY": null, "MAINTBY": null, "LASTUPDATE": null, "LASTEDITOR": null, "Shape__Length": 76.02323564242104, "GlobalID": "9b3aff73-80bc-4b64-b15e-6f19d926b51d", "Status": null, "CreationDate": 1758902940137, "Creator": "aramirez91_GTFacilities", "EditDate": 1758902940137, "Editor": "aramirez91_GTFacilities"}}, {"type": "Feature", "id": 724, "geometry": {"type": "LineString", "coordinates": [[-84.4034431123742, 33.7810965744481], [-84.4032599083615, 33.7810969258334]]}, "properties": {"OBJECTID": 724, "FACILITYID": null, "SURFTYPE": null, "ADACOMPLY": "Yes", "CONDITION": null, "WIDTH": null, "INSTALLDATE": null, "OWNEDBY": null, "MAINTBY": null, "LASTUPDATE": null, "LASTEDITOR": null, "Shape__Length": 55.66589916497469, "GlobalID": "bd77b5d6-3284-4278-98ed-64d62e437f83", "Status": null, "CreationDate": 1758902943981, "Creator": "aramirez91_GTFacilities", "EditDate": 1758902943981, "Editor": "aramirez91_GTFacilities"}}, {"type": "Feature", "id": 725, "geometry": {"type": "LineString", "coordinates": [[-84.4031407058374, 33.7811307254806], [-84.4031437223745, 33.7810386611568]]}, "properties": {"OBJECTID": 725, "FACILITYID": null, "SURFTYPE": null, "ADACOMPLY": "Yes", "CONDITION": null, "WIDTH": null, "INSTALLDATE": null, "OWNEDBY": null, "MAINTBY": null, "LASTUPDATE": null, "LASTEDITOR": null, "Shape__Length": 33.51203636781349, "GlobalID": "3307680d-a1c6-4cfd-ac35-adbb8ad6caf0", "Status": null, "CreationDate": 1758902961847, "Creator": "aramirez91_GTFacilities", "EditDate": 1758902961847, "Editor": "aramirez91_GTFacilities"}}, {"type": "Feature", "id": 726, "geometry": {"type": "LineString", "coordinates": [[-84.4031417538605, 33.7810987419198], [-84.4027047787429, 33.7810987931838]]}, "properties": {"OBJECTID": 726, "FACILITYID": null, "SURFTYPE": null, "ADACOMPLY": "Yes", "CONDITION": null, "WIDTH": null, "INSTALLDATE": null, "OWNEDBY": null, "MAINTBY": null, "LASTUPDATE": null, "LASTEDITOR": null, "Shape__Length": 132.7730078501582, "GlobalID": "def69eaf-e3b9-490f-941a-c40cbfbcfb7b", "Status": null, "CreationDate": 1758902967401, "Creator": "aramirez91_GTFacilities", "EditDate": 1758902967401, "Editor": "aramirez91_GTFacilities"}}, {"type": "Feature", "id": 727, "geometry": {"type": "LineString", "coordinates": [[-84.401907079432, 33.7796452538285], [-84.401905122966, 33.7797305871037]]}, "properties": {"OBJECTID": 727, "FACILITYID": null, "SURFTYPE": null, "ADACOMPLY": "Yes", "CONDITION": null, "WIDTH": null, "INSTALLDATE": null, "OWNEDBY": null, "MAINTBY": null, "LASTUPDATE": null, "LASTEDITOR": null, "Shape__Length": 31.055950607739234, "GlobalID": "44344112-f55f-4441-ac51-51e23f4b292a", "Status": null, "CreationDate": 1758903075829, "Creator": "aramirez91_GTFacilities", "EditDate": 1758903075829, "Editor": "aramirez91_GTFacilities"}}, {"type": "Feature", "id": 728, "geometry": {"type": "LineString", "coordinates": [[-84.401173503138, 33.7798160513223], [-84.4008769733339, 33.7798118528471]]}, "properties": {"OBJECTID": 728, "FACILITYID": null, "SURFTYPE": null, "ADACOMPLY": "Yes", "CONDITION": null, "WIDTH": null, "INSTALLDATE": null, "OWNEDBY": null, "MAINTBY": null, "LASTUPDATE": null, "LASTEDITOR": null, "Shape__Length": 90.1135905751085, "GlobalID": "04888131-ace0-488a-974d-c128afa8b5dc", "Status": null, "CreationDate": 1758903084580, "Creator": "aramirez91_GTFacilities", "EditDate": 1758903084580, "Editor": "aramirez91_GTFacilities"}}, {"type": "Feature", "id": 729, "geometry": {"type": "LineString", "coordinates": [[-84.4019811894904, 33.779988791231], [-84.4021221712917, 33.7800964805912], [-84.4021398159809, 33.7801427683387], [-84.4022251485256, 33.7802008079501]]}, "properties": {"OBJECTID": 729, "FACILITYID": null, "SURFTYPE": null, "ADACOMPLY": "Yes", "CONDITION": null, "WIDTH": null, "INSTALLDATE": null, "OWNEDBY": null, "MAINTBY": null, "LASTUPDATE": null, "LASTEDITOR": null, "Shape__Length": 109.17208825780165, "GlobalID": "ab63e9eb-af68-4126-beb2-a1ecd482abde", "Status": null, "CreationDate": 1758903105521, "Creator": "aramirez91_GTFacilities", "EditDate": 1758903105521, "Editor": "aramirez91_GTFacilities"}}, {"type": "Feature", "id": 730, "geometry": {"type": "LineString", "coordinates": [[-84.4022210415008, 33.7794909432763], [-84.4021752670366, 33.7795117102113], [-84.4021280832024, 33.7795301468408], [-84.4020796599337, 33.7795461867639], [-84.4020301716302, 33.7795597722114], [-84.4019797965276, 33.7795708542542], [-84.401928716056, 33.7795793929795], [-84.4018771141858, 33.7795853576342], [-84.4018251767657, 33.7795887267361], [-84.4017808507607, 33.7795904274781], [-84.4017365047048, 33.7795891418886], [-84.40169242666, 33.7795848783185], [-84.4016489029475, 33.7795776644629], [-84.4016062162874, 33.7795675471813], [-84.4015646439623, 33.7795545921934], [-84.401524456016, 33.7795388836518], [-84.4014859134992, 33.7795205235954], [-84.4014257491418, 33.7794973484872], [-84.4013642036501, 33.7794768578197], [-84.4013014486485, 33.7794591087325], [-84.4012376591333, 33.7794441507199], [-84.401175612807, 33.7794265251798], [-84.4011121638746, 33.7794128169013], [-84.4010476664606, 33.7794031023937], [-84.4009824805411, 33.7793974358761], [-84.4008766865691, 33.7793870611221], [-84.4007702990991, 33.7793826089636], [-84.4006637930705, 33.7793840992762], [-84.4005576439522, 33.7793915254069], [-84.4004561925495, 33.7794038348881], [-84.4003558646229, 33.7794214304383], [-84.4002953803896, 33.7794396110777], [-84.4002329770052, 33.7794524983512], [-84.4001693168915, 33.7794599554584], [-84.400105075811, 33.7794619032406], [-84.4000011226625, 33.7794610963018]]}, "properties": {"OBJECTID": 730, "FACILITYID": null, "SURFTYPE": null, "ADACOMPLY": "Yes", "CONDITION": null, "WIDTH": null, "INSTALLDATE": null, "OWNEDBY": null, "MAINTBY": null, "LASTUPDATE": null, "LASTEDITOR": null, "Shape__Length": 696.3056088942011, "GlobalID": "3c94498c-6cb4-45f3-8d16-3c633e642e9a", "Status": null, "CreationDate": 1758903212657, "Creator": "aramirez91_GTFacilities", "EditDate": 1758903212657, "Editor": "aramirez91_GTFacilities"}}, {"type": "Feature", "id": 731, "geometry": {"type": "LineString", "coordinates": [[-84.4000011226625, 33.7794610963018], [-84.3999378326363, 33.7794597152283], [-84.3998746360533, 33.7794565294765], [-84.3998116066896, 33.7794515427654], [-84.3997488181262, 33.7794447609164], [-84.3996684728971, 33.7794403857529], [-84.3995880025651, 33.779438124602], [-84.3995074868758, 33.7794379797044], [-84.3994270056199, 33.7794399512037], [-84.3992670876588, 33.7794518407497], [-84.3989995980712, 33.7794840493971], [-84.3989894507766, 33.7794997274756]]}, "properties": {"OBJECTID": 731, "FACILITYID": null, "SURFTYPE": null, "ADACOMPLY": "Yes", "CONDITION": null, "WIDTH": null, "INSTALLDATE": null, "OWNEDBY": null, "MAINTBY": null, "LASTUPDATE": null, "LASTEDITOR": null, "Shape__Length": 312.2024953238543, "GlobalID": "360ef223-54f6-49c8-b95e-bb7d6fe8aeed", "Status": null, "CreationDate": 1758903245786, "Creator": "aramirez91_GTFacilities", "EditDate": 1758903245786, "Editor": "aramirez91_GTFacilities"}}, {"type": "Feature", "id": 732, "geometry": {"type": "LineString", "coordinates": [[-84.3989995980712, 33.7794840493971], [-84.3989728951424, 33.7794366106055], [-84.3989848385723, 33.7793327341427]]}, "properties": {"OBJECTID": 732, "FACILITYID": null, "SURFTYPE": null, "ADACOMPLY": "Yes", "CONDITION": null, "WIDTH": null, "INSTALLDATE": null, "OWNEDBY": null, "MAINTBY": null, "LASTUPDATE": null, "LASTEDITOR": null, "Shape__Length": 57.04478295582902, "GlobalID": "4d34ef60-aa35-4ec4-9681-f838ac15c795", "Status": null, "CreationDate": 1758903253888, "Creator": "aramirez91_GTFacilities", "EditDate": 1758903253888, "Editor": "aramirez91_GTFacilities"}}, {"type": "Feature", "id": 733, "geometry": {"type": "LineString", "coordinates": [[-84.39904676769, 33.7791460208388], [-84.3989848385723, 33.7793327341427]]}, "properties": {"OBJECTID": 733, "FACILITYID": null, "SURFTYPE": null, "ADACOMPLY": "Yes", "CONDITION": null, "WIDTH": null, "INSTALLDATE": null, "OWNEDBY": null, "MAINTBY": null, "LASTUPDATE": null, "LASTEDITOR": null, "Shape__Length": 70.49722731457102, "GlobalID": "9f37d490-d279-4020-8363-aaa36e60690a", "Status": null, "CreationDate": 1758903259223, "Creator": "aramirez91_GTFacilities", "EditDate": 1758903259223, "Editor": "aramirez91_GTFacilities"}}, {"type": "Feature", "id": 734, "geometry": {"type": "LineString", "coordinates": [[-84.3977616325891, 33.7800528416006], [-84.3976108402483, 33.7800372945074]]}, "properties": {"OBJECTID": 734, "FACILITYID": null, "SURFTYPE": null, "ADACOMPLY": "Yes", "CONDITION": null, "WIDTH": null, "INSTALLDATE": null, "OWNEDBY": null, "MAINTBY": null, "LASTUPDATE": null, "LASTEDITOR": null, "Shape__Length": 46.16607154257082, "GlobalID": "99562ed1-434a-448f-9bfa-7c518a39ce55", "Status": null, "CreationDate": 1758903273093, "Creator": "aramirez91_GTFacilities", "EditDate": 1758903273093, "Editor": "aramirez91_GTFacilities"}}, {"type": "Feature", "id": 735, "geometry": {"type": "LineString", "coordinates": [[-84.3977133533266, 33.7814261373833], [-84.3977151605236, 33.7814408859091], [-84.3984933187085, 33.7814435876022], [-84.3990189987069, 33.7814405179089], [-84.3990348753466, 33.7814293751872], [-84.3990470805258, 33.7814153733677], [-84.3990548991013, 33.7813993328671], [-84.3990578729575, 33.7813821935553], [-84.3990635690759, 33.7810312864656], [-84.3990303519414, 33.7810320423868], [-84.3990271771783, 33.7810191601672]]}, "properties": {"OBJECTID": 735, "FACILITYID": null, "SURFTYPE": null, "ADACOMPLY": "Yes", "CONDITION": null, "WIDTH": null, "INSTALLDATE": null, "OWNEDBY": null, "MAINTBY": null, "LASTUPDATE": null, "LASTEDITOR": null, "Shape__Length": 569.4116545066277, "GlobalID": "724c1057-e093-4346-bb3a-47c0ae56b30f", "Status": null, "CreationDate": 1758903311426, "Creator": "aramirez91_GTFacilities", "EditDate": 1758903311426, "Editor": "aramirez91_GTFacilities"}}, {"type": "Feature", "id": 736, "geometry": {"type": "LineString", "coordinates": [[-84.3992557200059, 33.7804561129749], [-84.3990125107762, 33.780456571134]]}, "properties": {"OBJECTID": 736, "FACILITYID": null, "SURFTYPE": null, "ADACOMPLY": "Yes", "CONDITION": null, "WIDTH": null, "INSTALLDATE": null, "OWNEDBY": null, "MAINTBY": null, "LASTUPDATE": null, "LASTEDITOR": null, "Shape__Length": 73.89880233258009, "GlobalID": "0b68afe4-d241-4ce1-894c-e64c2e23a9e5", "Status": null, "CreationDate": 1758903318684, "Creator": "aramirez91_GTFacilities", "EditDate": 1758903318684, "Editor": "aramirez91_GTFacilities"}}, {"type": "Feature", "id": 737, "geometry": {"type": "LineString", "coordinates": [[-84.396327201987, 33.7782102469852], [-84.3964081256827, 33.7780661197685]]}, "properties": {"OBJECTID": 737, "FACILITYID": null, "SURFTYPE": null, "ADACOMPLY": "Yes", "CONDITION": null, "WIDTH": null, "INSTALLDATE": null, "OWNEDBY": null, "MAINTBY": null, "LASTUPDATE": null, "LASTEDITOR": null, "Shape__Length": 57.92200835881215, "GlobalID": "bf895646-c3a6-46eb-8be2-72764b26dae5", "Status": null, "CreationDate": 1758903406653, "Creator": "aramirez91_GTFacilities", "EditDate": 1758903406653, "Editor": "aramirez91_GTFacilities"}}, {"type": "Feature", "id": 738, "geometry": {"type": "LineString", "coordinates": [[-84.3964081256827, 33.7780661197685], [-84.3965717753636, 33.7781274446753]]}, "properties": {"OBJECTID": 738, "FACILITYID": null, "SURFTYPE": null, "ADACOMPLY": "Yes", "CONDITION": null, "WIDTH": null, "INSTALLDATE": null, "OWNEDBY": null, "MAINTBY": null, "LASTUPDATE": null, "LASTEDITOR": null, "Shape__Length": 54.503215872813364, "GlobalID": "0540e38c-df0e-409f-bb8e-26eef74d36ce", "Status": null, "CreationDate": 1758903410666, "Creator": "aramirez91_GTFacilities", "EditDate": 1758903410666, "Editor": "aramirez91_GTFacilities"}}, {"type": "Feature", "id": 739, "geometry": {"type": "LineString", "coordinates": [[-84.3965717753636, 33.7781274446753], [-84.3965107831736, 33.7782608142423]]}, "properties": {"OBJECTID": 739, "FACILITYID": null, "SURFTYPE": null, "ADACOMPLY": "Yes", "CONDITION": null, "WIDTH": null, "INSTALLDATE": null, "OWNEDBY": null, "MAINTBY": null, "LASTUPDATE": null, "LASTEDITOR": null, "Shape__Length": 51.94758491003952, "GlobalID": "1f46d3f9-c670-4d81-8cba-807d672c41eb", "Status": null, "CreationDate": 1758903414403, "Creator": "aramirez91_GTFacilities", "EditDate": 1758903414403, "Editor": "aramirez91_GTFacilities"}}, {"type": "Feature", "id": 740, "geometry": {"type": "LineString", "coordinates": [[-84.3957490170837, 33.7758827479298], [-84.3955922843809, 33.7758854957667]]}, "properties": {"OBJECTID": 740, "FACILITYID": null, "SURFTYPE": null, "ADACOMPLY": "Yes", "CONDITION": null, "WIDTH": null, "INSTALLDATE": null, "OWNEDBY": null, "MAINTBY": null, "LASTUPDATE": null, "LASTEDITOR": null, "Shape__Length": 47.63591967282827, "GlobalID": "c43debc5-0258-4bf0-9657-5f4dcd9da011", "Status": null, "CreationDate": 1758903512159, "Creator": "aramirez91_GTFacilities", "EditDate": 1758903512159, "Editor": "aramirez91_GTFacilities"}}, {"type": "Feature", "id": 741, "geometry": {"type": "LineString", "coordinates": [[-84.3953605635567, 33.7758828552634], [-84.3953302317263, 33.775903318551], [-84.3953098290224, 33.7758917510198], [-84.3952879484248, 33.7758822521425], [-84.3952648893002, 33.775874951881], [-84.3952409671393, 33.775869950116], [-84.3952165092404, 33.7758673152808], [-84.3951918502318, 33.7758670834247], [-84.3951673274929, 33.7758692577197], [-84.395143276539, 33.7758738084178], [-84.3951198892172, 33.7758802687171], [-84.3950982984073, 33.7758901725524], [-84.395079223947, 33.7759031897299], [-84.3950633017799, 33.7759188862571], [-84.3950510627529, 33.7759367388116], [-84.3950429149181, 33.7759561521889], [-84.3950391299273, 33.7759764791459], [-84.3950398339757, 33.7759970419806], [-84.3950413014179, 33.7760609681741], [-84.3953527064409, 33.776060391519], [-84.3953588504621, 33.7760406705741], [-84.3953624445413, 33.7760205153639], [-84.3953634478006, 33.7760001551379], [-84.3953618488305, 33.7759798214773], [-84.3953576658199, 33.7759597456608], [-84.3953509463488, 33.7759401560345], [-84.3953417668474, 33.7759212754141], [-84.3953302317263, 33.775903318551]]}, "properties": {"OBJECTID": 741, "FACILITYID": null, "SURFTYPE": null, "ADACOMPLY": "Yes", "CONDITION": null, "WIDTH": null, "INSTALLDATE": null, "OWNEDBY": null, "MAINTBY": null, "LASTUPDATE": null, "LASTEDITOR": null, "Shape__Length": 309.0322185650247, "GlobalID": "fe24efad-11cb-4144-9592-639f8d2cea46", "Status": null, "CreationDate": 1758903558320, "Creator": "aramirez91_GTFacilities", "EditDate": 1758911989206, "Editor": "aramirez91_GTFacilities"}}, {"type": "Feature", "id": 742, "geometry": {"type": "LineString", "coordinates": [[-84.3937638759089, 33.7738539275937], [-84.3938041752838, 33.773874479624], [-84.394307604438, 33.7738746358512], [-84.3948408758466, 33.7738747348548], [-84.3949640142816, 33.7738697076362]]}, "properties": {"OBJECTID": 742, "FACILITYID": null, "SURFTYPE": null, "ADACOMPLY": "Yes", "CONDITION": null, "WIDTH": null, "INSTALLDATE": null, "OWNEDBY": null, "MAINTBY": null, "LASTUPDATE": null, "LASTEDITOR": null, "Shape__Length": 366.8348955625332, "GlobalID": "bceac994-6647-4318-9378-c893a414d58d", "Status": null, "CreationDate": 1758903622138, "Creator": "aramirez91_GTFacilities", "EditDate": 1758903622138, "Editor": "aramirez91_GTFacilities"}}, {"type": "Feature", "id": 743, "geometry": {"type": "LineString", "coordinates": [[-84.3963862246379, 33.7714555502804], [-84.396294184926, 33.7712898364611]]}, "properties": {"OBJECTID": 743, "FACILITYID": null, "SURFTYPE": null, "ADACOMPLY": "Yes", "CONDITION": null, "WIDTH": null, "INSTALLDATE": null, "OWNEDBY": null, "MAINTBY": null, "LASTUPDATE": null, "LASTEDITOR": null, "Shape__Length": 66.46914735696132, "GlobalID": "f01cd0f9-2120-4439-a736-cb483b89b635", "Status": null, "CreationDate": 1758903650689, "Creator": "aramirez91_GTFacilities", "EditDate": 1758911320656, "Editor": "aramirez91_GTFacilities"}}, {"type": "Feature", "id": 744, "geometry": {"type": "LineString", "coordinates": [[-84.4002055074628, 33.7730923448452], [-84.3998416431968, 33.7730354749868], [-84.3990707012031, 33.7729093300563], [-84.3983462923819, 33.7727941886887], [-84.3978195938686, 33.7727071056182], [-84.3974563871631, 33.7725850407397], [-84.397244346342, 33.7724758683032], [-84.3970866767462, 33.772359009302], [-84.3968834729213, 33.7721602288709], [-84.3967910636774, 33.7720717787153], [-84.3966848719811, 33.7719171710971], [-84.3963862246379, 33.7714555502804]]}, "properties": {"OBJECTID": 744, "FACILITYID": null, "SURFTYPE": null, "ADACOMPLY": "Yes", "CONDITION": null, "WIDTH": null, "INSTALLDATE": null, "OWNEDBY": null, "MAINTBY": null, "LASTUPDATE": null, "LASTEDITOR": null, "Shape__Length": 1390.7665210125574, "GlobalID": "3040704c-709a-45ce-a3eb-0eb3170ccf23", "Status": null, "CreationDate": 1758903776669, "Creator": "aramirez91_GTFacilities", "EditDate": 1758903776669, "Editor": "aramirez91_GTFacilities"}}, {"type": "Feature", "id": 745, "geometry": {"type": "LineString", "coordinates": [[-84.3971855159108, 33.772675200048], [-84.3973138408874, 33.7725116485492]]}, "properties": {"OBJECTID": 745, "FACILITYID": null, "SURFTYPE": null, "ADACOMPLY": "Yes", "CONDITION": null, "WIDTH": null, "INSTALLDATE": null, "OWNEDBY": null, "MAINTBY": null, "LASTUPDATE": null, "LASTEDITOR": null, "Shape__Length": 71.14923387744265, "GlobalID": "505faf82-8510-42c8-93e1-de643c9d3a00", "Status": null, "CreationDate": 1758903784129, "Creator": "aramirez91_GTFacilities", "EditDate": 1758903784129, "Editor": "aramirez91_GTFacilities"}}, {"type": "Feature", "id": 747, "geometry": {"type": "LineString", "coordinates": [[-84.4058228605133, 33.7763842696344], [-84.4060067289486, 33.7762362623543], [-84.4060857557728, 33.776170495893]]}, "properties": {"OBJECTID": 747, "FACILITYID": null, "SURFTYPE": null, "ADACOMPLY": "Yes", "CONDITION": null, "WIDTH": null, "INSTALLDATE": null, "OWNEDBY": null, "MAINTBY": null, "LASTUPDATE": null, "LASTEDITOR": null, "Shape__Length": 111.5026668991332, "GlobalID": "f675a05e-91c8-4966-a678-da6339ade4fd", "Status": null, "CreationDate": 1758903946771, "Creator": "aramirez91_GTFacilities", "EditDate": 1758903946771, "Editor": "aramirez91_GTFacilities"}}, {"type": "Feature", "id": 748, "geometry": {"type": "LineString", "coordinates": [[-84.4052568169625, 33.7755349844157], [-84.4060644968971, 33.7761881869602]]}, "properties": {"OBJECTID": 748, "FACILITYID": null, "SURFTYPE": null, "ADACOMPLY": "Yes", "CONDITION": null, "WIDTH": null, "INSTALLDATE": null, "OWNEDBY": null, "MAINTBY": null, "LASTUPDATE": null, "LASTEDITOR": null, "Shape__Length": 341.65145764166925, "GlobalID": "f57024dd-1f74-48fc-baaa-ca84b9ea138b", "Status": null, "CreationDate": 1758903958947, "Creator": "aramirez91_GTFacilities", "EditDate": 1758903958947, "Editor": "aramirez91_GTFacilities"}}, {"type": "Feature", "id": 749, "geometry": {"type": "LineString", "coordinates": [[-84.4052666448554, 33.775542932408], [-84.4050199663136, 33.7757082472083]]}, "properties": {"OBJECTID": 749, "FACILITYID": null, "SURFTYPE": null, "ADACOMPLY": "Yes", "CONDITION": null, "WIDTH": null, "INSTALLDATE": null, "OWNEDBY": null, "MAINTBY": null, "LASTUPDATE": null, "LASTEDITOR": null, "Shape__Length": 96.10905812284953, "GlobalID": "1d16e5e7-e244-4427-ae33-14d49b9d7157", "Status": null, "CreationDate": 1758903987990, "Creator": "aramirez91_GTFacilities", "EditDate": 1758903987990, "Editor": "aramirez91_GTFacilities"}}, {"type": "Feature", "id": 750, "geometry": {"type": "LineString", "coordinates": [[-84.4052568169625, 33.7755349844157], [-84.4050673357486, 33.775374431038], [-84.404789192755, 33.775151119498], [-84.4042819259878, 33.7747436409148], [-84.4040449289875, 33.7745502013066], [-84.4034811518675, 33.7740990826167], [-84.4030252650366, 33.7738184590587], [-84.4029973319715, 33.7737930616254], [-84.4028638396337, 33.7739824756195]]}, "properties": {"OBJECTID": 750, "FACILITYID": null, "SURFTYPE": null, "ADACOMPLY": "Yes", "CONDITION": null, "WIDTH": null, "INSTALLDATE": null, "OWNEDBY": null, "MAINTBY": null, "LASTUPDATE": null, "LASTEDITOR": null, "Shape__Length": 1015.7264290523661, "GlobalID": "8cbdd372-3cad-4713-9fec-df514cfbb52f", "Status": null, "CreationDate": 1758904032773, "Creator": "aramirez91_GTFacilities", "EditDate": 1758904032773, "Editor": "aramirez91_GTFacilities"}}, {"type": "Feature", "id": 751, "geometry": {"type": "LineString", "coordinates": [[-84.4029973319715, 33.7737930616254], [-84.4027663722993, 33.773659717481], [-84.4027354252544, 33.7736895609463], [-84.4026937949366, 33.7736749797107]]}, "properties": {"OBJECTID": 751, "FACILITYID": null, "SURFTYPE": null, "ADACOMPLY": "Yes", "CONDITION": null, "WIDTH": null, "INSTALLDATE": null, "OWNEDBY": null, "MAINTBY": null, "LASTUPDATE": null, "LASTEDITOR": null, "Shape__Length": 113.40417680299342, "GlobalID": "3d2eaacf-57b7-40bc-a157-de92184b9a7b", "Status": null, "CreationDate": 1758904047564, "Creator": "aramirez91_GTFacilities", "EditDate": 1758904047564, "Editor": "aramirez91_GTFacilities"}}, {"type": "Feature", "id": 752, "geometry": {"type": "LineString", "coordinates": [[-84.4027663722993, 33.773659717481], [-84.4030506167162, 33.7731700759182]]}, "properties": {"OBJECTID": 752, "FACILITYID": null, "SURFTYPE": null, "ADACOMPLY": "Yes", "CONDITION": null, "WIDTH": null, "INSTALLDATE": null, "OWNEDBY": null, "MAINTBY": null, "LASTUPDATE": null, "LASTEDITOR": null, "Shape__Length": 197.99898210574167, "GlobalID": "2e94d5ea-b504-41d6-a36e-021f23338a00", "Status": null, "CreationDate": 1758904059222, "Creator": "aramirez91_GTFacilities", "EditDate": 1758904059222, "Editor": "aramirez91_GTFacilities"}}, {"type": "Feature", "id": 753, "geometry": {"type": "LineString", "coordinates": [[-84.4031951498943, 33.7732182276289], [-84.4030506167162, 33.7731700759182]]}, "properties": {"OBJECTID": 753, "FACILITYID": null, "SURFTYPE": null, "ADACOMPLY": "Yes", "CONDITION": null, "WIDTH": null, "INSTALLDATE": null, "OWNEDBY": null, "MAINTBY": null, "LASTUPDATE": null, "LASTEDITOR": null, "Shape__Length": 47.285671609127945, "GlobalID": "0531ed20-ce5d-4af3-9e2e-b162cf3e1010", "Status": null, "CreationDate": 1758904067194, "Creator": "aramirez91_GTFacilities", "EditDate": 1758904067194, "Editor": "aramirez91_GTFacilities"}}, {"type": "Feature", "id": 754, "geometry": {"type": "LineString", "coordinates": [[-84.4031951498943, 33.7732182276289], [-84.4041441445612, 33.7734978152729]]}, "properties": {"OBJECTID": 754, "FACILITYID": null, "SURFTYPE": null, "ADACOMPLY": "Yes", "CONDITION": null, "WIDTH": null, "INSTALLDATE": null, "OWNEDBY": null, "MAINTBY": null, "LASTUPDATE": null, "LASTEDITOR": null, "Shape__Length": 305.7927796547033, "GlobalID": "e0f694bc-4ac9-43bd-9a69-b0368e9b8ac8", "Status": null, "CreationDate": 1758904076871, "Creator": "aramirez91_GTFacilities", "EditDate": 1758904076871, "Editor": "aramirez91_GTFacilities"}}, {"type": "Feature", "id": 755, "geometry": {"type": "LineString", "coordinates": [[-84.4026937949366, 33.7736749797107], [-84.4025876222889, 33.7736236902803], [-84.4023827904958, 33.7735470030552], [-84.401627461814, 33.7733214876721], [-84.4003432683497, 33.7731142665274], [-84.4002055074628, 33.7730923448452]]}, "properties": {"OBJECTID": 755, "FACILITYID": null, "SURFTYPE": null, "ADACOMPLY": "Yes", "CONDITION": null, "WIDTH": null, "INSTALLDATE": null, "OWNEDBY": null, "MAINTBY": null, "LASTUPDATE": null, "LASTEDITOR": null, "Shape__Length": 789.2999877798126, "GlobalID": "353873a5-3eb8-4548-9747-60a36120c591", "Status": null, "CreationDate": 1758904128897, "Creator": "aramirez91_GTFacilities", "EditDate": 1758904128897, "Editor": "aramirez91_GTFacilities"}}, {"type": "Feature", "id": 756, "geometry": {"type": "LineString", "coordinates": [[-84.4003692285694, 33.7731184560375], [-84.4003227151907, 33.7733193005283]]}, "properties": {"OBJECTID": 756, "FACILITYID": null, "SURFTYPE": null, "ADACOMPLY": "Yes", "CONDITION": null, "WIDTH": null, "INSTALLDATE": null, "OWNEDBY": null, "MAINTBY": null, "LASTUPDATE": null, "LASTEDITOR": null, "Shape__Length": 74.43555296471983, "GlobalID": "2832fd25-59d0-41ce-ac99-5bd7f0ce5a2e", "Status": null, "CreationDate": 1758904133510, "Creator": "aramirez91_GTFacilities", "EditDate": 1758904133510, "Editor": "aramirez91_GTFacilities"}}, {"type": "Feature", "id": 757, "geometry": {"type": "LineString", "coordinates": [[-84.397033262802, 33.7728226069124], [-84.397163048762, 33.7729137470303]]}, "properties": {"OBJECTID": 757, "FACILITYID": null, "SURFTYPE": null, "ADACOMPLY": "Yes", "CONDITION": null, "WIDTH": null, "INSTALLDATE": null, "OWNEDBY": null, "MAINTBY": null, "LASTUPDATE": null, "LASTEDITOR": null, "Shape__Length": 51.52866304323553, "GlobalID": "61678df2-f84f-42e7-9ede-53e78a2b66ae", "Status": null, "CreationDate": 1758904169346, "Creator": "aramirez91_GTFacilities", "EditDate": 1758904169346, "Editor": "aramirez91_GTFacilities"}}, {"type": "Feature", "id": 758, "geometry": {"type": "LineString", "coordinates": [[-84.3973982009145, 33.7730257346281], [-84.3974453536794, 33.7730532216908]]}, "properties": {"OBJECTID": 758, "FACILITYID": null, "SURFTYPE": null, "ADACOMPLY": "Yes", "CONDITION": null, "WIDTH": null, "INSTALLDATE": null, "OWNEDBY": null, "MAINTBY": null, "LASTUPDATE": null, "LASTEDITOR": null, "Shape__Length": 17.473990336061096, "GlobalID": "acee5e63-8f2f-40a3-879e-3443563edf32", "Status": null, "CreationDate": 1758904174361, "Creator": "aramirez91_GTFacilities", "EditDate": 1758904174361, "Editor": "aramirez91_GTFacilities"}}, {"type": "Feature", "id": 759, "geometry": {"type": "LineString", "coordinates": [[-84.3978440089065, 33.7732242574407], [-84.3978966738771, 33.7732425822358]]}, "properties": {"OBJECTID": 759, "FACILITYID": null, "SURFTYPE": null, "ADACOMPLY": "Yes", "CONDITION": null, "WIDTH": null, "INSTALLDATE": null, "OWNEDBY": null, "MAINTBY": null, "LASTUPDATE": null, "LASTEDITOR": null, "Shape__Length": 17.337001111372732, "GlobalID": "1fdd70c4-a19e-4790-a4d5-b08040cdd886", "Status": null, "CreationDate": 1758904178656, "Creator": "aramirez91_GTFacilities", "EditDate": 1758904178656, "Editor": "aramirez91_GTFacilities"}}, {"type": "Feature", "id": 760, "geometry": {"type": "LineString", "coordinates": [[-84.3983148712979, 33.7733347529127], [-84.3983652637467, 33.7733386490288], [-84.3985332475578, 33.7733628404459]]}, "properties": {"OBJECTID": 760, "FACILITYID": null, "SURFTYPE": null, "ADACOMPLY": "Yes", "CONDITION": null, "WIDTH": null, "INSTALLDATE": null, "OWNEDBY": null, "MAINTBY": null, "LASTUPDATE": null, "LASTEDITOR": null, "Shape__Length": 67.17754426135433, "GlobalID": "78c0e3c3-df9a-4b5e-aac1-7620acfff333", "Status": null, "CreationDate": 1758904188347, "Creator": "aramirez91_GTFacilities", "EditDate": 1758904188347, "Editor": "aramirez91_GTFacilities"}}, {"type": "Feature", "id": 761, "geometry": {"type": "LineString", "coordinates": [[-84.3991920710578, 33.7734763884359], [-84.399129173305, 33.7733220449226]]}, "properties": {"OBJECTID": 761, "FACILITYID": null, "SURFTYPE": null, "ADACOMPLY": "Yes", "CONDITION": null, "WIDTH": null, "INSTALLDATE": null, "OWNEDBY": null, "MAINTBY": null, "LASTUPDATE": null, "LASTEDITOR": null, "Shape__Length": 59.32419217817348, "GlobalID": "225f168b-498b-4955-877f-c7a70b1ef47d", "Status": null, "CreationDate": 1758904195002, "Creator": "aramirez91_GTFacilities", "EditDate": 1758904195002, "Editor": "aramirez91_GTFacilities"}}, {"type": "Feature", "id": 762, "geometry": {"type": "LineString", "coordinates": [[-84.3992161300547, 33.7734809902185], [-84.3993613313353, 33.77349970352]]}, "properties": {"OBJECTID": 762, "FACILITYID": null, "SURFTYPE": null, "ADACOMPLY": "Yes", "CONDITION": null, "WIDTH": null, "INSTALLDATE": null, "OWNEDBY": null, "MAINTBY": null, "LASTUPDATE": null, "LASTEDITOR": null, "Shape__Length": 44.6449985756879, "GlobalID": "e6bf819a-4f37-4ae7-8d7f-7d5c5ef74217", "Status": null, "CreationDate": 1758904198054, "Creator": "aramirez91_GTFacilities", "EditDate": 1758904198054, "Editor": "aramirez91_GTFacilities"}}, {"type": "Feature", "id": 764, "geometry": {"type": "LineString", "coordinates": [[-84.3991876040189, 33.773819141808], [-84.3992897831699, 33.7738228416853]]}, "properties": {"OBJECTID": 764, "FACILITYID": null, "SURFTYPE": null, "ADACOMPLY": "Yes", "CONDITION": null, "WIDTH": null, "INSTALLDATE": null, "OWNEDBY": null, "MAINTBY": null, "LASTUPDATE": null, "LASTEDITOR": null, "Shape__Length": 31.07848776711026, "GlobalID": "e05ec34d-59a9-4cfe-b05b-315a4812482c", "Status": null, "CreationDate": 1758904215224, "Creator": "aramirez91_GTFacilities", "EditDate": 1758904215224, "Editor": "aramirez91_GTFacilities"}}, {"type": "Feature", "id": 765, "geometry": {"type": "LineString", "coordinates": [[-84.4011932482224, 33.7737943274467], [-84.4011178293491, 33.7737804807124]]}, "properties": {"OBJECTID": 765, "FACILITYID": null, "SURFTYPE": null, "ADACOMPLY": "Yes", "CONDITION": null, "WIDTH": null, "INSTALLDATE": null, "OWNEDBY": null, "MAINTBY": null, "LASTUPDATE": null, "LASTEDITOR": null, "Shape__Length": 23.46495344898878, "GlobalID": "b72f3067-f619-4711-b42a-6c3b73b13b2d", "Status": null, "CreationDate": 1758904227760, "Creator": "aramirez91_GTFacilities", "EditDate": 1758904227760, "Editor": "aramirez91_GTFacilities"}}, {"type": "Feature", "id": 766, "geometry": {"type": "LineString", "coordinates": [[-84.4012746523218, 33.7738091608859], [-84.4013895653135, 33.7738259295073]]}, "properties": {"OBJECTID": 766, "FACILITYID": null, "SURFTYPE": null, "ADACOMPLY": "Yes", "CONDITION": null, "WIDTH": null, "INSTALLDATE": null, "OWNEDBY": null, "MAINTBY": null, "LASTUPDATE": null, "LASTEDITOR": null, "Shape__Length": 35.44784828010969, "GlobalID": "8e3803ca-d0b1-4623-9552-1ff053c0eb1c", "Status": null, "CreationDate": 1758904230725, "Creator": "aramirez91_GTFacilities", "EditDate": 1758904230725, "Editor": "aramirez91_GTFacilities"}}, {"type": "Feature", "id": 767, "geometry": {"type": "LineString", "coordinates": [[-84.4010667564168, 33.77377265491], [-84.4011152142803, 33.7736262617303]]}, "properties": {"OBJECTID": 767, "FACILITYID": null, "SURFTYPE": null, "ADACOMPLY": "Yes", "CONDITION": null, "WIDTH": null, "INSTALLDATE": null, "OWNEDBY": null, "MAINTBY": null, "LASTUPDATE": null, "LASTEDITOR": null, "Shape__Length": 55.26586497082651, "GlobalID": "e3cbcaf0-87a1-4ae4-b22f-a2891aa9f0ed", "Status": null, "CreationDate": 1758904234450, "Creator": "aramirez91_GTFacilities", "EditDate": 1758904234450, "Editor": "aramirez91_GTFacilities"}}, {"type": "Feature", "id": 768, "geometry": {"type": "LineString", "coordinates": [[-84.4011397275697, 33.7736291329061], [-84.4011152142803, 33.7736262617303], [-84.4010785919868, 33.7736303761057], [-84.4009313975611, 33.7736027332394], [-84.4009018023185, 33.7735804509869], [-84.4008014626086, 33.7735690064688], [-84.4003091790207, 33.7734894291083], [-84.3998637380441, 33.7734213943931], [-84.3993497615593, 33.7733395675976], [-84.3991266641629, 33.7732908714242]]}, "properties": {"OBJECTID": 768, "FACILITYID": null, "SURFTYPE": null, "ADACOMPLY": "Yes", "CONDITION": null, "WIDTH": null, "INSTALLDATE": null, "OWNEDBY": null, "MAINTBY": null, "LASTUPDATE": null, "LASTEDITOR": null, "Shape__Length": 626.5152590719385, "GlobalID": "f54b99f1-474e-446d-b85e-1e868d2c27e6", "Status": null, "CreationDate": 1758904363889, "Creator": "aramirez91_GTFacilities", "EditDate": 1758904363889, "Editor": "aramirez91_GTFacilities"}}, {"type": "Feature", "id": 769, "geometry": {"type": "LineString", "coordinates": [[-84.399129173305, 33.7733220449226], [-84.3991266641629, 33.7732908714242], [-84.3991137643582, 33.7731306099437]]}, "properties": {"OBJECTID": 769, "FACILITYID": null, "SURFTYPE": null, "ADACOMPLY": "Yes", "CONDITION": null, "WIDTH": null, "INSTALLDATE": null, "OWNEDBY": null, "MAINTBY": null, "LASTUPDATE": null, "LASTEDITOR": null, "Shape__Length": 69.81465320817033, "GlobalID": "2b794c0a-ca70-4c57-b8fa-dc549da8fdc5", "Status": null, "CreationDate": 1758904378408, "Creator": "aramirez91_GTFacilities", "EditDate": 1758904378408, "Editor": "aramirez91_GTFacilities"}}, {"type": "Feature", "id": 770, "geometry": {"type": "LineString", "coordinates": [[-84.3993311792339, 33.7731626128503], [-84.3993937452817, 33.7729621883777]]}, "properties": {"OBJECTID": 770, "FACILITYID": null, "SURFTYPE": null, "ADACOMPLY": "Yes", "CONDITION": null, "WIDTH": null, "INSTALLDATE": null, "OWNEDBY": null, "MAINTBY": null, "LASTUPDATE": null, "LASTEDITOR": null, "Shape__Length": 75.36593585005433, "GlobalID": "e7d235e6-c4b4-4277-8325-a3a9cddb8b7b", "Status": null, "CreationDate": 1758904396051, "Creator": "aramirez91_GTFacilities", "EditDate": 1758904396051, "Editor": "aramirez91_GTFacilities"}}, {"type": "Feature", "id": 771, "geometry": {"type": "LineString", "coordinates": [[-84.3991137643582, 33.7731306099437], [-84.3990837277757, 33.7729114613755]]}, "properties": {"OBJECTID": 771, "FACILITYID": null, "SURFTYPE": null, "ADACOMPLY": "Yes", "CONDITION": null, "WIDTH": null, "INSTALLDATE": null, "OWNEDBY": null, "MAINTBY": null, "LASTUPDATE": null, "LASTEDITOR": null, "Shape__Length": 80.26226348620598, "GlobalID": "7f99cd36-6449-4c3c-944c-ffa90c74faef", "Status": null, "CreationDate": 1758904399899, "Creator": "aramirez91_GTFacilities", "EditDate": 1758904399899, "Editor": "aramirez91_GTFacilities"}}, {"type": "Feature", "id": 772, "geometry": {"type": "LineString", "coordinates": [[-84.396294184926, 33.7712898364611], [-84.396237906267, 33.771238106966], [-84.3959827271603, 33.7712544044562], [-84.395973836257, 33.7712637287329], [-84.3947969093034, 33.7712607911145]]}, "properties": {"OBJECTID": 772, "FACILITYID": null, "SURFTYPE": null, "ADACOMPLY": "Yes", "CONDITION": null, "WIDTH": null, "INSTALLDATE": null, "OWNEDBY": null, "MAINTBY": null, "LASTUPDATE": null, "LASTEDITOR": null, "Shape__Length": 465.1857969976975, "GlobalID": "b29e3e00-2e90-4719-ae00-b69d702e3607", "Status": null, "CreationDate": 1758904466598, "Creator": "aramirez91_GTFacilities", "EditDate": 1758904466598, "Editor": "aramirez91_GTFacilities"}}, {"type": "Feature", "id": 773, "geometry": {"type": "LineString", "coordinates": [[-84.3947955595662, 33.7712448370667], [-84.3947969093034, 33.7712607911145]]}, "properties": {"OBJECTID": 773, "FACILITYID": null, "SURFTYPE": null, "ADACOMPLY": "Yes", "CONDITION": null, "WIDTH": null, "INSTALLDATE": null, "OWNEDBY": null, "MAINTBY": null, "LASTUPDATE": null, "LASTEDITOR": null, "Shape__Length": 5.819668733659348, "GlobalID": "6a3df157-f722-4fff-8602-5ca41c11c80c", "Status": null, "CreationDate": 1758904469414, "Creator": "aramirez91_GTFacilities", "EditDate": 1758904469414, "Editor": "aramirez91_GTFacilities"}}, {"type": "Feature", "id": 774, "geometry": {"type": "LineString", "coordinates": [[-84.4024722369765, 33.7751964581851], [-84.402455959193, 33.7754367686246]]}, "properties": {"OBJECTID": 774, "FACILITYID": null, "SURFTYPE": null, "ADACOMPLY": "Yes", "CONDITION": null, "WIDTH": null, "INSTALLDATE": null, "OWNEDBY": null, "MAINTBY": null, "LASTUPDATE": null, "LASTEDITOR": null, "Shape__Length": 87.58160140964777, "GlobalID": "5e9d4f88-208c-4c00-8b67-83694f85fe10", "Status": null, "CreationDate": 1758904494284, "Creator": "aramirez91_GTFacilities", "EditDate": 1758904494284, "Editor": "aramirez91_GTFacilities"}}, {"type": "Feature", "id": 775, "geometry": {"type": "LineString", "coordinates": [[-84.4026566640223, 33.7746107200277], [-84.402623782482, 33.7745376318943]]}, "properties": {"OBJECTID": 775, "FACILITYID": null, "SURFTYPE": null, "ADACOMPLY": "Yes", "CONDITION": null, "WIDTH": null, "INSTALLDATE": null, "OWNEDBY": null, "MAINTBY": null, "LASTUPDATE": null, "LASTEDITOR": null, "Shape__Length": 28.409609473122895, "GlobalID": "45bfadc5-7803-4ab7-b320-de646b3d81c7", "Status": null, "CreationDate": 1758904502929, "Creator": "aramirez91_GTFacilities", "EditDate": 1758904502929, "Editor": "aramirez91_GTFacilities"}}, {"type": "Feature", "id": 776, "geometry": {"type": "LineString", "coordinates": [[-84.3977874338731, 33.7751899501238], [-84.3977927370097, 33.775201884373]]}, "properties": {"OBJECTID": 776, "FACILITYID": null, "SURFTYPE": null, "ADACOMPLY": "Yes", "CONDITION": null, "WIDTH": null, "INSTALLDATE": null, "OWNEDBY": null, "MAINTBY": null, "LASTUPDATE": null, "LASTEDITOR": null, "Shape__Length": 4.631868987135083, "GlobalID": "ca9a80a8-8704-4bf7-bf83-6e3b13ce9972", "Status": null, "CreationDate": 1758904554400, "Creator": "aramirez91_GTFacilities", "EditDate": 1758904554400, "Editor": "aramirez91_GTFacilities"}}, {"type": "Feature", "id": 777, "geometry": {"type": "LineString", "coordinates": [[-84.39356180502, 33.7765255078212], [-84.3935657431109, 33.7764433321622]]}, "properties": {"OBJECTID": 777, "FACILITYID": null, "SURFTYPE": null, "ADACOMPLY": "Yes", "CONDITION": null, "WIDTH": null, "INSTALLDATE": null, "OWNEDBY": null, "MAINTBY": null, "LASTUPDATE": null, "LASTEDITOR": null, "Shape__Length": 29.92520411562549, "GlobalID": "0fa9112d-d0aa-4986-8c84-79636a22948a", "Status": null, "CreationDate": 1758904628073, "Creator": "aramirez91_GTFacilities", "EditDate": 1758904628073, "Editor": "aramirez91_GTFacilities"}}, {"type": "Feature", "id": 780, "geometry": {"type": "LineString", "coordinates": [[-84.3937336282193, 33.7760027179971], [-84.3937694050678, 33.775874094659]]}, "properties": {"OBJECTID": 780, "FACILITYID": null, "SURFTYPE": null, "ADACOMPLY": "Yes", "CONDITION": null, "WIDTH": null, "INSTALLDATE": null, "OWNEDBY": null, "MAINTBY": null, "LASTUPDATE": null, "LASTEDITOR": null, "Shape__Length": 48.04820337459547, "GlobalID": "d309afb9-6549-4847-a27b-22cd3dd63719", "Status": null, "CreationDate": 1758904696370, "Creator": "aramirez91_GTFacilities", "EditDate": 1758904696370, "Editor": "aramirez91_GTFacilities"}}, {"type": "Feature", "id": 781, "geometry": {"type": "LineString", "coordinates": [[-84.3935711672353, 33.7759919003419], [-84.3935661225882, 33.7758644404036], [-84.3937694050678, 33.775874094659]]}, "properties": {"OBJECTID": 781, "FACILITYID": null, "SURFTYPE": null, "ADACOMPLY": "Yes", "CONDITION": null, "WIDTH": null, "INSTALLDATE": null, "OWNEDBY": null, "MAINTBY": null, "LASTUPDATE": null, "LASTEDITOR": null, "Shape__Length": 108.27422791280519, "GlobalID": "7d21fa16-eefe-468f-bd84-870c433cb6a1", "Status": null, "CreationDate": 1758904715551, "Creator": "aramirez91_GTFacilities", "EditDate": 1758904715551, "Editor": "aramirez91_GTFacilities"}}, {"type": "Feature", "id": 782, "geometry": {"type": "LineString", "coordinates": [[-84.4013899529461, 33.7758600550534], [-84.4013637950749, 33.7758519943241], [-84.4013371364364, 33.7758451729922], [-84.4013100611641, 33.7758396125855], [-84.4012826547063, 33.7758353306524], [-84.4012550035568, 33.7758323407065], [-84.4012271949813, 33.7758306521839], [-84.4011993167423, 33.7758302704135], [-84.4011714568225, 33.7758311966003], [-84.4011437031462, 33.7758334278212], [-84.4011161433031, 33.7758369570345], [-84.4010888642706, 33.7758417731023], [-84.4010619521403, 33.7758478608252], [-84.4010354918457, 33.7758552009907], [-84.4010095668945, 33.7758637704335], [-84.400984259105, 33.7758735421088], [-84.4009596483477, 33.7758844851777], [-84.4007898810071, 33.7759469446786], [-84.4004776660733, 33.7760279702193]]}, "properties": {"OBJECTID": 782, "FACILITYID": null, "SURFTYPE": null, "ADACOMPLY": "Yes", "CONDITION": null, "WIDTH": null, "INSTALLDATE": null, "OWNEDBY": null, "MAINTBY": null, "LASTUPDATE": null, "LASTEDITOR": null, "Shape__Length": 291.29234365099506, "GlobalID": "69cc524f-67b0-4aec-8ac7-ad028445f4e8", "Status": null, "CreationDate": 1758905720005, "Creator": "aramirez91_GTFacilities", "EditDate": 1758905720005, "Editor": "aramirez91_GTFacilities"}}, {"type": "Feature", "id": 783, "geometry": {"type": "LineString", "coordinates": [[-84.3974187245759, 33.7751988694498], [-84.3966841768878, 33.7755428133631]]}, "properties": {"OBJECTID": 783, "FACILITYID": null, "SURFTYPE": null, "ADACOMPLY": "Yes", "CONDITION": null, "WIDTH": null, "INSTALLDATE": null, "OWNEDBY": null, "MAINTBY": null, "LASTUPDATE": null, "LASTEDITOR": null, "Shape__Length": 255.89597994523004, "GlobalID": "19ad7f33-a240-4ec0-8492-88c671c37dad", "Status": null, "CreationDate": 1758905865605, "Creator": "aramirez91_GTFacilities", "EditDate": 1758905865605, "Editor": "aramirez91_GTFacilities"}}, {"type": "Feature", "id": 784, "geometry": {"type": "LineString", "coordinates": [[-84.3965190920414, 33.7769470890157], [-84.396283939663, 33.7769531413522]]}, "properties": {"OBJECTID": 784, "FACILITYID": null, "SURFTYPE": null, "ADACOMPLY": "Yes", "CONDITION": null, "WIDTH": null, "INSTALLDATE": null, "OWNEDBY": null, "MAINTBY": null, "LASTUPDATE": null, "LASTEDITOR": null, "Shape__Length": 71.48738856549586, "GlobalID": "1156b498-30c1-4647-8970-cf7cc428676d", "Status": null, "CreationDate": 1758905887042, "Creator": "aramirez91_GTFacilities", "EditDate": 1758905887042, "Editor": "aramirez91_GTFacilities"}}, {"type": "Feature", "id": 785, "geometry": {"type": "LineString", "coordinates": [[-84.3949125504943, 33.7757059997637], [-84.3948395013799, 33.7756153655614]]}, "properties": {"OBJECTID": 785, "FACILITYID": null, "SURFTYPE": null, "ADACOMPLY": "Yes", "CONDITION": null, "WIDTH": null, "INSTALLDATE": null, "OWNEDBY": null, "MAINTBY": null, "LASTUPDATE": null, "LASTEDITOR": null, "Shape__Length": 39.75334894308118, "GlobalID": "3baab26e-600c-4eac-97be-c47e90529e3d", "Status": null, "CreationDate": 1758905915078, "Creator": "aramirez91_GTFacilities", "EditDate": 1758905915078, "Editor": "aramirez91_GTFacilities"}}, {"type": "Feature", "id": 786, "geometry": {"type": "LineString", "coordinates": [[-84.3942261175543, 33.7759613348229], [-84.3941928604555, 33.7758404738231], [-84.3941751331502, 33.7758463428965]]}, "properties": {"OBJECTID": 786, "FACILITYID": null, "SURFTYPE": null, "ADACOMPLY": "Yes", "CONDITION": null, "WIDTH": null, "INSTALLDATE": null, "OWNEDBY": null, "MAINTBY": null, "LASTUPDATE": null, "LASTEDITOR": null, "Shape__Length": 50.918437406661624, "GlobalID": "748ac37f-a2e2-4fac-b319-97bd8ab452cb", "Status": null, "CreationDate": 1758905927158, "Creator": "aramirez91_GTFacilities", "EditDate": 1758905927158, "Editor": "aramirez91_GTFacilities"}}, {"type": "Feature", "id": 787, "geometry": {"type": "LineString", "coordinates": [[-84.3937291142185, 33.7770083095521], [-84.3937296451828, 33.7768457471026]]}, "properties": {"OBJECTID": 787, "FACILITYID": null, "SURFTYPE": null, "ADACOMPLY": "Yes", "CONDITION": null, "WIDTH": null, "INSTALLDATE": null, "OWNEDBY": null, "MAINTBY": null, "LASTUPDATE": null, "LASTEDITOR": null, "Shape__Length": 59.15184749705365, "GlobalID": "1d105553-a6d7-4ea6-af1a-c287b019140f", "Status": null, "CreationDate": 1758905948379, "Creator": "aramirez91_GTFacilities", "EditDate": 1758905948379, "Editor": "aramirez91_GTFacilities"}}, {"type": "Feature", "id": 788, "geometry": {"type": "LineString", "coordinates": [[-84.3935566853319, 33.7768532658027], [-84.3935648755298, 33.7769759141346]]}, "properties": {"OBJECTID": 788, "FACILITYID": null, "SURFTYPE": null, "ADACOMPLY": "Yes", "CONDITION": null, "WIDTH": null, "INSTALLDATE": null, "OWNEDBY": null, "MAINTBY": null, "LASTUPDATE": null, "LASTEDITOR": null, "Shape__Length": 44.69740632618693, "GlobalID": "5dcebc80-a917-4ce9-8646-d05798fcf2ae", "Status": null, "CreationDate": 1758905954604, "Creator": "aramirez91_GTFacilities", "EditDate": 1758905954604, "Editor": "aramirez91_GTFacilities"}}, {"type": "Feature", "id": 789, "geometry": {"type": "LineString", "coordinates": [[-84.3937291786057, 33.7769885163779], [-84.3935578860854, 33.7769835396295]]}, "properties": {"OBJECTID": 789, "FACILITYID": null, "SURFTYPE": null, "ADACOMPLY": "Yes", "CONDITION": null, "WIDTH": null, "INSTALLDATE": null, "OWNEDBY": null, "MAINTBY": null, "LASTUPDATE": null, "LASTEDITOR": null, "Shape__Length": 52.08045082088403, "GlobalID": "0ed214b0-a93b-4d13-99fe-7a57791e90a8", "Status": null, "CreationDate": 1758905959514, "Creator": "aramirez91_GTFacilities", "EditDate": 1758905959514, "Editor": "aramirez91_GTFacilities"}}, {"type": "Feature", "id": 790, "geometry": {"type": "LineString", "coordinates": [[-84.3920217583383, 33.7769580000429], [-84.3920189930633, 33.7768161139756]]}, "properties": {"OBJECTID": 790, "FACILITYID": null, "SURFTYPE": null, "ADACOMPLY": "Yes", "CONDITION": null, "WIDTH": null, "INSTALLDATE": null, "OWNEDBY": null, "MAINTBY": null, "LASTUPDATE": null, "LASTEDITOR": null, "Shape__Length": 51.634941273909746, "GlobalID": "4322a456-9e94-4379-95ff-d8da90322f03", "Status": null, "CreationDate": 1758905968253, "Creator": "aramirez91_GTFacilities", "EditDate": 1758905968253, "Editor": "aramirez91_GTFacilities"}}, {"type": "Feature", "id": 791, "geometry": {"type": "LineString", "coordinates": [[-84.3904567606724, 33.7767796141364], [-84.3904958172309, 33.7769589169907]]}, "properties": {"OBJECTID": 791, "FACILITYID": null, "SURFTYPE": null, "ADACOMPLY": "Yes", "CONDITION": null, "WIDTH": null, "INSTALLDATE": null, "OWNEDBY": null, "MAINTBY": null, "LASTUPDATE": null, "LASTEDITOR": null, "Shape__Length": 66.31354278909663, "GlobalID": "34a5b648-035e-4d59-b490-599340e0a4a5", "Status": null, "CreationDate": 1758905974413, "Creator": "aramirez91_GTFacilities", "EditDate": 1758905974413, "Editor": "aramirez91_GTFacilities"}}, {"type": "Feature", "id": 792, "geometry": {"type": "LineString", "coordinates": [[-84.3904638190577, 33.7769578380394], [-84.3904661038232, 33.776975720862], [-84.3903641208917, 33.7769798595058]]}, "properties": {"OBJECTID": 792, "FACILITYID": null, "SURFTYPE": null, "ADACOMPLY": "Yes", "CONDITION": null, "WIDTH": null, "INSTALLDATE": null, "OWNEDBY": null, "MAINTBY": null, "LASTUPDATE": null, "LASTEDITOR": null, "Shape__Length": 37.56906468935011, "GlobalID": "5382da27-e79d-43c6-953c-83c7d379f20f", "Status": null, "CreationDate": 1758905998363, "Creator": "aramirez91_GTFacilities", "EditDate": 1758905998363, "Editor": "aramirez91_GTFacilities"}}, {"type": "Feature", "id": 793, "geometry": {"type": "LineString", "coordinates": [[-84.3903242634857, 33.7769605245961], [-84.3902613770349, 33.7767692548634], [-84.3897070546031, 33.7767657794411]]}, "properties": {"OBJECTID": 793, "FACILITYID": null, "SURFTYPE": null, "ADACOMPLY": "Yes", "CONDITION": null, "WIDTH": null, "INSTALLDATE": null, "OWNEDBY": null, "MAINTBY": null, "LASTUPDATE": null, "LASTEDITOR": null, "Shape__Length": 240.61453448492156, "GlobalID": "7249306c-eef1-42cd-8ce5-9e5b39e7097e", "Status": null, "CreationDate": 1758906013545, "Creator": "aramirez91_GTFacilities", "EditDate": 1758906013545, "Editor": "aramirez91_GTFacilities"}}, {"type": "Feature", "id": 794, "geometry": {"type": "LineString", "coordinates": [[-84.3904166824416, 33.7767770620993], [-84.3902652068316, 33.7767809044778]]}, "properties": {"OBJECTID": 794, "FACILITYID": null, "SURFTYPE": null, "ADACOMPLY": "Yes", "CONDITION": null, "WIDTH": null, "INSTALLDATE": null, "OWNEDBY": null, "MAINTBY": null, "LASTUPDATE": null, "LASTEDITOR": null, "Shape__Length": 46.04872346013836, "GlobalID": "0800ba17-ba58-4f2a-b250-50563e6628a9", "Status": null, "CreationDate": 1758906020577, "Creator": "aramirez91_GTFacilities", "EditDate": 1758906020577, "Editor": "aramirez91_GTFacilities"}}, {"type": "Feature", "id": 795, "geometry": {"type": "LineString", "coordinates": [[-84.3903641208917, 33.7769798595058], [-84.3903323395023, 33.7769815986906], [-84.3903242634857, 33.7769605245961]]}, "properties": {"OBJECTID": 795, "FACILITYID": null, "SURFTYPE": null, "ADACOMPLY": "Yes", "CONDITION": null, "WIDTH": null, "INSTALLDATE": null, "OWNEDBY": null, "MAINTBY": null, "LASTUPDATE": null, "LASTEDITOR": null, "Shape__Length": 17.72913124495529, "GlobalID": "75099fff-b0c1-4b9f-8254-972245014093", "Status": null, "CreationDate": 1758906031516, "Creator": "aramirez91_GTFacilities", "EditDate": 1758906031516, "Editor": "aramirez91_GTFacilities"}}, {"type": "Feature", "id": 796, "geometry": {"type": "LineString", "coordinates": [[-84.3935572756894, 33.7768445709924], [-84.3937296292668, 33.7768507639215]]}, "properties": {"OBJECTID": 796, "FACILITYID": null, "SURFTYPE": null, "ADACOMPLY": "Yes", "CONDITION": null, "WIDTH": null, "INSTALLDATE": null, "OWNEDBY": null, "MAINTBY": null, "LASTUPDATE": null, "LASTEDITOR": null, "Shape__Length": 52.419912477809426, "GlobalID": "0c7636e1-e4ef-41c3-8e21-bfd8b403b88b", "Status": null, "CreationDate": 1758906125890, "Creator": "aramirez91_GTFacilities", "EditDate": 1758906125890, "Editor": "aramirez91_GTFacilities"}}, {"type": "Feature", "id": 797, "geometry": {"type": "LineString", "coordinates": [[-84.3921841295713, 33.7768198093388], [-84.3920189930633, 33.7768161139756]]}, "properties": {"OBJECTID": 797, "FACILITYID": null, "SURFTYPE": null, "ADACOMPLY": "Yes", "CONDITION": null, "WIDTH": null, "INSTALLDATE": null, "OWNEDBY": null, "MAINTBY": null, "LASTUPDATE": null, "LASTEDITOR": null, "Shape__Length": 50.19649880539887, "GlobalID": "72fff4e6-d110-4d6d-9adf-b55adc863c31", "Status": null, "CreationDate": 1758906155610, "Creator": "aramirez91_GTFacilities", "EditDate": 1758906155610, "Editor": "aramirez91_GTFacilities"}}, {"type": "Feature", "id": 798, "geometry": {"type": "LineString", "coordinates": [[-84.395777278166, 33.7775134712179], [-84.3958521081984, 33.7776377547627]]}, "properties": {"OBJECTID": 798, "FACILITYID": null, "SURFTYPE": null, "ADACOMPLY": "Yes", "CONDITION": null, "WIDTH": null, "INSTALLDATE": null, "OWNEDBY": null, "MAINTBY": null, "LASTUPDATE": null, "LASTEDITOR": null, "Shape__Length": 50.61749372936552, "GlobalID": "a8226edd-a819-4919-a798-b091679a773a", "Status": null, "CreationDate": 1758906172333, "Creator": "aramirez91_GTFacilities", "EditDate": 1758906172333, "Editor": "aramirez91_GTFacilities"}}, {"type": "Feature", "id": 799, "geometry": {"type": "LineString", "coordinates": [[-84.3990648544234, 33.7783607351358], [-84.3983593569828, 33.7783431820277], [-84.3982572061119, 33.7783431447513], [-84.398179258096, 33.7783549430469], [-84.3978696279373, 33.778330378277]]}, "properties": {"OBJECTID": 799, "FACILITYID": null, "SURFTYPE": null, "ADACOMPLY": "Yes", "CONDITION": null, "WIDTH": null, "INSTALLDATE": null, "OWNEDBY": null, "MAINTBY": null, "LASTUPDATE": null, "LASTEDITOR": null, "Shape__Length": 364.08064876132266, "GlobalID": "f4aa4b7c-2b7d-4e3f-aae1-0feb5c372562", "Status": null, "CreationDate": 1758906223291, "Creator": "aramirez91_GTFacilities", "EditDate": 1758906223291, "Editor": "aramirez91_GTFacilities"}}, {"type": "Feature", "id": 801, "geometry": {"type": "LineString", "coordinates": [[-84.397872464857, 33.7781629597566], [-84.3979164095514, 33.7782029359822], [-84.3984260170435, 33.7782133858767], [-84.3990548719785, 33.7782222927578], [-84.3990541783346, 33.778360469417]]}, "properties": {"OBJECTID": 801, "FACILITYID": null, "SURFTYPE": null, "ADACOMPLY": "Yes", "CONDITION": null, "WIDTH": null, "INSTALLDATE": null, "OWNEDBY": null, "MAINTBY": null, "LASTUPDATE": null, "LASTEDITOR": null, "Shape__Length": 416.0270403985933, "GlobalID": "3c1e9462-9340-4d26-ac41-2959db57d8e8", "Status": null, "CreationDate": 1758906348964, "Creator": "aramirez91_GTFacilities", "EditDate": 1758906348964, "Editor": "aramirez91_GTFacilities"}}, {"type": "Feature", "id": 802, "geometry": {"type": "LineString", "coordinates": [[-84.3990548719785, 33.7782222927578], [-84.3990967959215, 33.7781990828415], [-84.3992528038115, 33.7782034973339]]}, "properties": {"OBJECTID": 802, "FACILITYID": null, "SURFTYPE": null, "ADACOMPLY": "Yes", "CONDITION": null, "WIDTH": null, "INSTALLDATE": null, "OWNEDBY": null, "MAINTBY": null, "LASTUPDATE": null, "LASTEDITOR": null, "Shape__Length": 62.7151864196676, "GlobalID": "e1d4ee5f-c6ef-4e44-8211-a45206ab3c72", "Status": null, "CreationDate": 1758906411372, "Creator": "aramirez91_GTFacilities", "EditDate": 1758906411372, "Editor": "aramirez91_GTFacilities"}}, {"type": "Feature", "id": 803, "geometry": {"type": "LineString", "coordinates": [[-84.399325517974, 33.7783673913714], [-84.3993468189491, 33.7782235928344]]}, "properties": {"OBJECTID": 803, "FACILITYID": null, "SURFTYPE": null, "ADACOMPLY": "Yes", "CONDITION": null, "WIDTH": null, "INSTALLDATE": null, "OWNEDBY": null, "MAINTBY": null, "LASTUPDATE": null, "LASTEDITOR": null, "Shape__Length": 52.722820649115974, "GlobalID": "5dd6abe2-6090-4eaf-bb2a-ac15b4e43735", "Status": null, "CreationDate": 1758906424585, "Creator": "aramirez91_GTFacilities", "EditDate": 1758906424585, "Editor": "aramirez91_GTFacilities"}}, {"type": "Feature", "id": 804, "geometry": {"type": "LineString", "coordinates": [[-84.4012721933559, 33.7785342154031], [-84.4014488319648, 33.7784181029517]]}, "properties": {"OBJECTID": 804, "FACILITYID": null, "SURFTYPE": null, "ADACOMPLY": "Yes", "CONDITION": null, "WIDTH": null, "INSTALLDATE": null, "OWNEDBY": null, "MAINTBY": null, "LASTUPDATE": null, "LASTEDITOR": null, "Shape__Length": 68.30659764513669, "GlobalID": "25726850-c7e8-449b-96d3-18108cbd9079", "Status": null, "CreationDate": 1758906550603, "Creator": "aramirez91_GTFacilities", "EditDate": 1758906550603, "Editor": "aramirez91_GTFacilities"}}, {"type": "Feature", "id": 805, "geometry": {"type": "LineString", "coordinates": [[-84.4014237772843, 33.7784345723891], [-84.4013002503183, 33.7782957844184]]}, "properties": {"OBJECTID": 805, "FACILITYID": null, "SURFTYPE": null, "ADACOMPLY": "Yes", "CONDITION": null, "WIDTH": null, "INSTALLDATE": null, "OWNEDBY": null, "MAINTBY": null, "LASTUPDATE": null, "LASTEDITOR": null, "Shape__Length": 62.92185524939795, "GlobalID": "ca7ec07e-8851-481f-b570-7cd6a27fc8ab", "Status": null, "CreationDate": 1758906558827, "Creator": "aramirez91_GTFacilities", "EditDate": 1758906558827, "Editor": "aramirez91_GTFacilities"}}, {"type": "Feature", "id": 806, "geometry": {"type": "LineString", "coordinates": [[-84.4012880576221, 33.7785237874014], [-84.4011687174837, 33.7783772921411]]}, "properties": {"OBJECTID": 806, "FACILITYID": null, "SURFTYPE": null, "ADACOMPLY": "Yes", "CONDITION": null, "WIDTH": null, "INSTALLDATE": null, "OWNEDBY": null, "MAINTBY": null, "LASTUPDATE": null, "LASTEDITOR": null, "Shape__Length": 64.4700994826123, "GlobalID": "6d8fa67e-bd8e-498b-a592-750d0be4e31f", "Status": null, "CreationDate": 1758906761035, "Creator": "aramirez91_GTFacilities", "EditDate": 1758906761035, "Editor": "aramirez91_GTFacilities"}}, {"type": "Feature", "id": 807, "geometry": {"type": "LineString", "coordinates": [[-84.3999089430251, 33.7785452020091], [-84.399981784371, 33.7784722839302]]}, "properties": {"OBJECTID": 807, "FACILITYID": null, "SURFTYPE": null, "ADACOMPLY": "No", "CONDITION": null, "WIDTH": null, "INSTALLDATE": null, "OWNEDBY": null, "MAINTBY": null, "LASTUPDATE": null, "LASTEDITOR": null, "Shape__Length": 34.552335753144455, "GlobalID": "091aaa61-e4b9-45b5-beff-df587d939b93", "Status": null, "CreationDate": 1758906853017, "Creator": "aramirez91_GTFacilities", "EditDate": 1758906853017, "Editor": "aramirez91_GTFacilities"}}, {"type": "Feature", "id": 808, "geometry": {"type": "LineString", "coordinates": [[-84.3999082190793, 33.7785446118942], [-84.3999795815661, 33.7784718354659]]}, "properties": {"OBJECTID": 808, "FACILITYID": null, "SURFTYPE": null, "ADACOMPLY": "No", "CONDITION": null, "WIDTH": null, "INSTALLDATE": null, "OWNEDBY": null, "MAINTBY": null, "LASTUPDATE": null, "LASTEDITOR": null, "Shape__Length": 34.22633335333966, "GlobalID": "7a6fd520-5e87-4286-bd82-60cadff5107f", "Status": null, "CreationDate": 1758906923929, "Creator": "aramirez91_GTFacilities", "EditDate": 1758906923929, "Editor": "aramirez91_GTFacilities"}}, {"type": "Feature", "id": 809, "geometry": {"type": "LineString", "coordinates": [[-84.4001290589554, 33.7785022332589], [-84.400166917251, 33.7783782459009]]}, "properties": {"OBJECTID": 809, "FACILITYID": null, "SURFTYPE": null, "ADACOMPLY": "Yes", "CONDITION": null, "WIDTH": null, "INSTALLDATE": null, "OWNEDBY": null, "MAINTBY": null, "LASTUPDATE": null, "LASTEDITOR": null, "Shape__Length": 46.558798733749235, "GlobalID": "c795fc07-885b-4398-924e-3bad02b6feeb", "Status": null, "CreationDate": 1758907002579, "Creator": "aramirez91_GTFacilities", "EditDate": 1758907002579, "Editor": "aramirez91_GTFacilities"}}, {"type": "Feature", "id": 810, "geometry": {"type": "LineString", "coordinates": [[-84.4034817803095, 33.7806258448475], [-84.4025479661526, 33.779618357762], [-84.4025451687971, 33.7796030999609]]}, "properties": {"OBJECTID": 810, "FACILITYID": null, "SURFTYPE": null, "ADACOMPLY": "Yes", "CONDITION": null, "WIDTH": null, "INSTALLDATE": null, "OWNEDBY": null, "MAINTBY": null, "LASTUPDATE": null, "LASTEDITOR": null, "Shape__Length": 469.188987020326, "GlobalID": "4da77ecb-3d02-442a-9577-bf40496cc268", "Status": null, "CreationDate": 1758907039837, "Creator": "aramirez91_GTFacilities", "EditDate": 1758907039837, "Editor": "aramirez91_GTFacilities"}}, {"type": "Feature", "id": 811, "geometry": {"type": "LineString", "coordinates": [[-84.403799618567, 33.7805092154748], [-84.4038785084903, 33.7805131807912]]}, "properties": {"OBJECTID": 811, "FACILITYID": null, "SURFTYPE": null, "ADACOMPLY": "Yes", "CONDITION": null, "WIDTH": null, "INSTALLDATE": null, "OWNEDBY": null, "MAINTBY": null, "LASTUPDATE": null, "LASTEDITOR": null, "Shape__Length": 24.013913984953216, "GlobalID": "dd6c6977-7a37-4cfc-a199-7991b5eee5fd", "Status": null, "CreationDate": 1758907145366, "Creator": "aramirez91_GTFacilities", "EditDate": 1758907145366, "Editor": "aramirez91_GTFacilities"}}, {"type": "Feature", "id": 812, "geometry": {"type": "LineString", "coordinates": [[-84.4033801233567, 33.7805182322043], [-84.404246854671, 33.7814566420835], [-84.4042678862348, 33.781455740514], [-84.4043478802449, 33.781618681546]]}, "properties": {"OBJECTID": 812, "FACILITYID": null, "SURFTYPE": null, "ADACOMPLY": "Yes", "CONDITION": null, "WIDTH": null, "INSTALLDATE": null, "OWNEDBY": null, "MAINTBY": null, "LASTUPDATE": null, "LASTEDITOR": null, "Shape__Length": 501.6955367398439, "GlobalID": "c511e406-e0b5-4332-a38d-9d5dc13558b8", "Status": null, "CreationDate": 1758907185072, "Creator": "aramirez91_GTFacilities", "EditDate": 1758907185072, "Editor": "aramirez91_GTFacilities"}}, {"type": "Feature", "id": 813, "geometry": {"type": "LineString", "coordinates": [[-84.4041207568883, 33.7816091086711], [-84.4040157574392, 33.7814491513629], [-84.4039788003592, 33.7814473533185]]}, "properties": {"OBJECTID": 813, "FACILITYID": null, "SURFTYPE": null, "ADACOMPLY": "Yes", "CONDITION": null, "WIDTH": null, "INSTALLDATE": null, "OWNEDBY": null, "MAINTBY": null, "LASTUPDATE": null, "LASTEDITOR": null, "Shape__Length": 77.62226455561247, "GlobalID": "0eb412b7-b09d-4c34-b509-8b5d766c0948", "Status": null, "CreationDate": 1758907195649, "Creator": "aramirez91_GTFacilities", "EditDate": 1758907195649, "Editor": "aramirez91_GTFacilities"}}, {"type": "Feature", "id": 814, "geometry": {"type": "LineString", "coordinates": [[-84.4042678862348, 33.781455740514], [-84.404622419898, 33.7814525201279], [-84.4071768776446, 33.7814651320591], [-84.4072661246252, 33.7814061145614], [-84.4073450593823, 33.7814527824491]]}, "properties": {"OBJECTID": 814, "FACILITYID": null, "SURFTYPE": null, "ADACOMPLY": "Yes", "CONDITION": null, "WIDTH": null, "INSTALLDATE": null, "OWNEDBY": null, "MAINTBY": null, "LASTUPDATE": null, "LASTEDITOR": null, "Shape__Length": 947.8782508955903, "GlobalID": "e0857e6c-70e2-4898-a33a-f26fcc4d1f9c", "Status": null, "CreationDate": 1758907228144, "Creator": "aramirez91_GTFacilities", "EditDate": 1758907228144, "Editor": "aramirez91_GTFacilities"}}, {"type": "Feature", "id": 815, "geometry": {"type": "LineString", "coordinates": [[-84.4072661246252, 33.7814061145614], [-84.4073098423142, 33.7813237744349], [-84.4073091676561, 33.7805404568016]]}, "properties": {"OBJECTID": 815, "FACILITYID": null, "SURFTYPE": null, "ADACOMPLY": "Yes", "CONDITION": null, "WIDTH": null, "INSTALLDATE": null, "OWNEDBY": null, "MAINTBY": null, "LASTUPDATE": null, "LASTEDITOR": null, "Shape__Length": 317.8001398699997, "GlobalID": "dc7be768-5369-48b6-952f-95ad9bc934bc", "Status": null, "CreationDate": 1758907246545, "Creator": "aramirez91_GTFacilities", "EditDate": 1758907246545, "Editor": "aramirez91_GTFacilities"}}, {"type": "Feature", "id": 816, "geometry": {"type": "LineString", "coordinates": [[-84.4011454664151, 33.7766392077091], [-84.4010671165937, 33.7766538046121], [-84.4007750649143, 33.7766549261187]]}, "properties": {"OBJECTID": 816, "FACILITYID": null, "SURFTYPE": null, "ADACOMPLY": "Yes", "CONDITION": null, "WIDTH": null, "INSTALLDATE": null, "OWNEDBY": null, "MAINTBY": null, "LASTUPDATE": null, "LASTEDITOR": null, "Shape__Length": 113.1369243680497, "GlobalID": "8ccc2f0d-be63-47ba-819a-9b565f34493d", "Status": null, "CreationDate": 1758907307492, "Creator": "aramirez91_GTFacilities", "EditDate": 1758907307492, "Editor": "aramirez91_GTFacilities"}}, {"type": "Feature", "id": 817, "geometry": {"type": "LineString", "coordinates": [[-84.4000920272989, 33.7764538316483], [-84.4000718893829, 33.7764605383514], [-84.4000639000426, 33.7764798497054]]}, "properties": {"OBJECTID": 817, "FACILITYID": null, "SURFTYPE": null, "ADACOMPLY": "Yes", "CONDITION": null, "WIDTH": null, "INSTALLDATE": null, "OWNEDBY": null, "MAINTBY": null, "LASTUPDATE": null, "LASTEDITOR": null, "Shape__Length": 14.022188167334452, "GlobalID": "c285a978-70af-4cad-bc54-c494118142b3", "Status": null, "CreationDate": 1758907469531, "Creator": "aramirez91_GTFacilities", "EditDate": 1758907469531, "Editor": "aramirez91_GTFacilities"}}, {"type": "Feature", "id": 818, "geometry": {"type": "LineString", "coordinates": [[-84.4000802681692, 33.7764904708594], [-84.4000976894429, 33.7764781592178], [-84.4000920272989, 33.7764538316483]]}, "properties": {"OBJECTID": 818, "FACILITYID": null, "SURFTYPE": null, "ADACOMPLY": "Yes", "CONDITION": null, "WIDTH": null, "INSTALLDATE": null, "OWNEDBY": null, "MAINTBY": null, "LASTUPDATE": null, "LASTEDITOR": null, "Shape__Length": 15.952557489331623, "GlobalID": "9b365478-2803-46aa-a714-40dfc88e57c1", "Status": null, "CreationDate": 1758907486560, "Creator": "aramirez91_GTFacilities", "EditDate": 1758907486560, "Editor": "aramirez91_GTFacilities"}}, {"type": "Feature", "id": 819, "geometry": {"type": "LineString", "coordinates": [[-84.39749769166, 33.775448897675], [-84.3975702418389, 33.7754185746551]]}, "properties": {"OBJECTID": 819, "FACILITYID": null, "SURFTYPE": null, "ADACOMPLY": "No", "CONDITION": null, "WIDTH": null, "INSTALLDATE": null, "OWNEDBY": null, "MAINTBY": null, "LASTUPDATE": null, "LASTEDITOR": null, "Shape__Length": 24.65249538323495, "GlobalID": "371e3736-d3eb-451e-904a-bec512948b2e", "Status": null, "CreationDate": 1758907524918, "Creator": "aramirez91_GTFacilities", "EditDate": 1758907524918, "Editor": "aramirez91_GTFacilities"}}, {"type": "Feature", "id": 820, "geometry": {"type": "LineString", "coordinates": [[-84.3972773662606, 33.7752420369717], [-84.3972085804663, 33.7751971748671]]}, "properties": {"OBJECTID": 820, "FACILITYID": null, "SURFTYPE": null, "ADACOMPLY": "Yes", "CONDITION": null, "WIDTH": null, "INSTALLDATE": null, "OWNEDBY": null, "MAINTBY": null, "LASTUPDATE": null, "LASTEDITOR": null, "Shape__Length": 26.52080211031825, "GlobalID": "766d56c8-f0bd-43dd-b590-8bb4796d6e82", "Status": null, "CreationDate": 1758907558577, "Creator": "aramirez91_GTFacilities", "EditDate": 1758907558577, "Editor": "aramirez91_GTFacilities"}}, {"type": "Feature", "id": 821, "geometry": {"type": "LineString", "coordinates": [[-84.3976885927414, 33.7759316138808], [-84.3978265801207, 33.7759302780216]]}, "properties": {"OBJECTID": 821, "FACILITYID": null, "SURFTYPE": null, "ADACOMPLY": "Yes", "CONDITION": null, "WIDTH": null, "INSTALLDATE": null, "OWNEDBY": null, "MAINTBY": null, "LASTUPDATE": null, "LASTEDITOR": null, "Shape__Length": 41.9321952211408, "GlobalID": "c4e0f9c7-747e-42f9-8893-de2a178b219a", "Status": null, "CreationDate": 1758907690742, "Creator": "aramirez91_GTFacilities", "EditDate": 1758907690742, "Editor": "aramirez91_GTFacilities"}}, {"type": "Feature", "id": 822, "geometry": {"type": "LineString", "coordinates": [[-84.4011585489858, 33.7734569095815], [-84.4012037114827, 33.7732531117366]]}, "properties": {"OBJECTID": 822, "FACILITYID": null, "SURFTYPE": null, "ADACOMPLY": "Yes", "CONDITION": null, "WIDTH": null, "INSTALLDATE": null, "OWNEDBY": null, "MAINTBY": null, "LASTUPDATE": null, "LASTEDITOR": null, "Shape__Length": 75.41513571011306, "GlobalID": "d28b36a2-21c4-48e4-85dd-d4a6d0532489", "Status": null, "CreationDate": 1758908169794, "Creator": "aramirez91_GTFacilities", "EditDate": 1758911320656, "Editor": "aramirez91_GTFacilities"}}, {"type": "Feature", "id": 824, "geometry": {"type": "LineString", "coordinates": [[-84.3940589632821, 33.7753874656652], [-84.3941569134903, 33.7757018912964], [-84.3941765282574, 33.7757994201706], [-84.3941928604555, 33.7758404738231]]}, "properties": {"OBJECTID": 824, "FACILITYID": null, "SURFTYPE": null, "ADACOMPLY": "Yes", "CONDITION": null, "WIDTH": null, "INSTALLDATE": null, "OWNEDBY": null, "MAINTBY": null, "LASTUPDATE": null, "LASTEDITOR": null, "Shape__Length": 169.9440703632444, "GlobalID": "ddfaf77f-f57b-4b9f-8814-5c8b0d8ef045", "Status": null, "CreationDate": 1758909755654, "Creator": "aramirez91_GTFacilities", "EditDate": 1758909755654, "Editor": "aramirez91_GTFacilities"}}, {"type": "Feature", "id": 825, "geometry": {"type": "LineString", "coordinates": [[-84.3941751331502, 33.7758463428965], [-84.3939185735926, 33.7758706065803], [-84.3937694050678, 33.775874094659]]}, "properties": {"OBJECTID": 825, "FACILITYID": null, "SURFTYPE": null, "ADACOMPLY": "Yes", "CONDITION": null, "WIDTH": null, "INSTALLDATE": null, "OWNEDBY": null, "MAINTBY": null, "LASTUPDATE": null, "LASTEDITOR": null, "Shape__Length": 123.80227830480608, "GlobalID": "cdeb26ff-3bb0-42fd-bb45-3bc6cc6164ae", "Status": null, "CreationDate": 1758909763515, "Creator": "aramirez91_GTFacilities", "EditDate": 1758909763515, "Editor": "aramirez91_GTFacilities"}}, {"type": "Feature", "id": 826, "geometry": {"type": "LineString", "coordinates": [[-84.392158463456, 33.7751602714666], [-84.3921007627534, 33.7751472830915], [-84.3920603405181, 33.7750737063884]]}, "properties": {"OBJECTID": 826, "FACILITYID": null, "SURFTYPE": null, "ADACOMPLY": "No", "CONDITION": null, "WIDTH": null, "INSTALLDATE": null, "OWNEDBY": null, "MAINTBY": null, "LASTUPDATE": null, "LASTEDITOR": null, "Shape__Length": 47.61466702304071, "GlobalID": "8ee505a4-354e-4411-8b3b-7c089d09a16b", "Status": null, "CreationDate": 1758909885133, "Creator": "aramirez91_GTFacilities", "EditDate": 1758909885133, "Editor": "aramirez91_GTFacilities"}}, {"type": "Feature", "id": 827, "geometry": {"type": "LineString", "coordinates": [[-84.4023979123356, 33.7796899389365], [-84.4025451687971, 33.7796030999609]]}, "properties": {"OBJECTID": 827, "FACILITYID": null, "SURFTYPE": null, "ADACOMPLY": "Yes", "CONDITION": null, "WIDTH": null, "INSTALLDATE": null, "OWNEDBY": null, "MAINTBY": null, "LASTUPDATE": null, "LASTEDITOR": null, "Shape__Length": 54.77652451736562, "GlobalID": "f72123e8-9b53-4e95-8d75-c3b1a3761e40", "Status": null, "CreationDate": 1758909974151, "Creator": "aramirez91_GTFacilities", "EditDate": 1758909974151, "Editor": "aramirez91_GTFacilities"}}, {"type": "Feature", "id": 828, "geometry": {"type": "LineString", "coordinates": [[-84.3977968036922, 33.778191590963], [-84.3979105473692, 33.7781976028798]]}, "properties": {"OBJECTID": 828, "FACILITYID": null, "SURFTYPE": null, "ADACOMPLY": "Yes", "CONDITION": null, "WIDTH": null, "INSTALLDATE": null, "OWNEDBY": null, "MAINTBY": null, "LASTUPDATE": null, "LASTEDITOR": null, "Shape__Length": 34.63084469045807, "GlobalID": "fb8a2198-7b8f-48db-8d7c-d1a0ce381675", "Status": null, "CreationDate": 1758910131193, "Creator": "aramirez91_GTFacilities", "EditDate": 1758910131193, "Editor": "aramirez91_GTFacilities"}}, {"type": "Feature", "id": 830, "geometry": {"type": "LineString", "coordinates": [[-84.3936609576649, 33.7739690649449], [-84.3937032104331, 33.7738493055369]]}, "properties": {"OBJECTID": 830, "FACILITYID": null, "SURFTYPE": null, "ADACOMPLY": "Yes", "CONDITION": null, "WIDTH": null, "INSTALLDATE": null, "OWNEDBY": null, "MAINTBY": null, "LASTUPDATE": null, "LASTEDITOR": null, "Shape__Length": 45.42898021354741, "GlobalID": "c290f054-304b-4ae0-81da-2f223ecbcacf", "Status": null, "CreationDate": 1758910728357, "Creator": "aramirez91_GTFacilities", "EditDate": 1758910728357, "Editor": "aramirez91_GTFacilities"}}, {"type": "Feature", "id": 831, "geometry": {"type": "LineString", "coordinates": [[-84.3919107704765, 33.7739611831075], [-84.3921049317306, 33.7739594075871]]}, "properties": {"OBJECTID": 831, "FACILITYID": null, "SURFTYPE": null, "ADACOMPLY": "Yes", "CONDITION": null, "WIDTH": null, "INSTALLDATE": null, "OWNEDBY": null, "MAINTBY": null, "LASTUPDATE": null, "LASTEDITOR": null, "Shape__Length": 59.00345992340383, "GlobalID": "5b969539-df1c-4789-a3f9-567c890559f9", "Status": null, "CreationDate": 1758910736817, "Creator": "aramirez91_GTFacilities", "EditDate": 1758910736817, "Editor": "aramirez91_GTFacilities"}}, {"type": "Feature", "id": 832, "geometry": {"type": "LineString", "coordinates": [[-84.3918893385656, 33.7739611068096], [-84.3919079867078, 33.7738418175663]]}, "properties": {"OBJECTID": 832, "FACILITYID": null, "SURFTYPE": null, "ADACOMPLY": "Yes", "CONDITION": null, "WIDTH": null, "INSTALLDATE": null, "OWNEDBY": null, "MAINTBY": null, "LASTUPDATE": null, "LASTEDITOR": null, "Shape__Length": 43.774099824093845, "GlobalID": "9aca6e15-a5c7-45fb-91a9-232b2ea993fa", "Status": null, "CreationDate": 1758910741663, "Creator": "aramirez91_GTFacilities", "EditDate": 1758910741663, "Editor": "aramirez91_GTFacilities"}}, {"type": "Feature", "id": 833, "geometry": {"type": "LineString", "coordinates": [[-84.3914921347364, 33.7743685536603], [-84.3914770887446, 33.7743781765473], [-84.3914612681747, 33.7743868901112], [-84.3914447516808, 33.774394651031], [-84.3914276213766, 33.7744014207223], [-84.391409962428, 33.7744071655285], [-84.3913918626288, 33.7744118568886], [-84.3913734119649, 33.7744154714787], [-84.3913547021663, 33.7744179913284], [-84.3913358262516, 33.7744194039098], [-84.3913168780653, 33.7744197022001], [-84.391297951811, 33.7744188847164], [-84.3912791415835, 33.7744169555227], [-84.3912605409005, 33.7744139242105], [-84.3912422422382, 33.7744098058503], [-84.391224336571, 33.7744046209171], [-84.3912069129194, 33.7743983951887], [-84.3911900579076, 33.774391159617], [-84.3911738553326, 33.7743829501749], [-84.3911583857476, 33.7743738076767], [-84.3911437260616, 33.7743637775756], [-84.391129949157, 33.7743529097377], [-84.3911171235272, 33.774341258194], [-84.3911053129362, 33.7743288808717], [-84.3910945761016, 33.7743158393063], [-84.3910849664023, 33.7743021983357], [-84.3910765316139, 33.7742880257777], [-84.3910693136702, 33.774273392093], [-84.3910633484555, 33.7742583700349], [-84.3910586656261, 33.7742430342872], [-84.3910552884624, 33.7742274610936], [-84.3910532337537, 33.774211727878], [-84.3910525117146, 33.7741959128598]]}, "properties": {"OBJECTID": 833, "FACILITYID": null, "SURFTYPE": null, "ADACOMPLY": "Yes", "CONDITION": null, "WIDTH": null, "INSTALLDATE": null, "OWNEDBY": null, "MAINTBY": null, "LASTUPDATE": null, "LASTEDITOR": null, "Shape__Length": 184.31951750018104, "GlobalID": "49ac1159-3caa-4fc3-9a44-817f76604a14", "Status": null, "CreationDate": 1758910809082, "Creator": "aramirez91_GTFacilities", "EditDate": 1758910809082, "Editor": "aramirez91_GTFacilities"}}, {"type": "Feature", "id": 834, "geometry": {"type": "LineString", "coordinates": [[-84.3910444948272, 33.7739581022718], [-84.3909828747644, 33.7739579546109], [-84.3909880544418, 33.7738354999379], [-84.3918874429527, 33.7738407433215]]}, "properties": {"OBJECTID": 834, "FACILITYID": null, "SURFTYPE": null, "ADACOMPLY": "Yes", "CONDITION": null, "WIDTH": null, "INSTALLDATE": null, "OWNEDBY": null, "MAINTBY": null, "LASTUPDATE": null, "LASTEDITOR": null, "Shape__Length": 336.6148639134701, "GlobalID": "52fcc4d7-815f-4b03-9c47-20fb3f3b74b3", "Status": null, "CreationDate": 1758910826676, "Creator": "aramirez91_GTFacilities", "EditDate": 1758910826676, "Editor": "aramirez91_GTFacilities"}}, {"type": "Feature", "id": 836, "geometry": {"type": "LineString", "coordinates": [[-84.3909880544418, 33.7738354999379], [-84.3908047747991, 33.7738349141513], [-84.3907887578815, 33.7738343933879], [-84.390773304891, 33.7738308370003], [-84.3907592296605, 33.773824432286], [-84.3907472734624, 33.7738155165494], [-84.3907380659698, 33.7738045593385], [-84.3907320920944, 33.773792137715], [-84.3907296664491, 33.7737789058639], [-84.3907309167789, 33.7737655606405], [-84.3907331221325, 33.7733452622983], [-84.3907316887168, 33.7728933387691], [-84.3907391769694, 33.7723320673515], [-84.3907523825068, 33.7719045609665], [-84.3907566737511, 33.7714905224899], [-84.3907798556116, 33.7714575971311], [-84.3908450922621, 33.7714231004469], [-84.3908549256657, 33.7714193461372], [-84.3908561473572, 33.7712011178668], [-84.3908543144873, 33.7711846795626]]}, "properties": {"OBJECTID": 836, "FACILITYID": null, "SURFTYPE": null, "ADACOMPLY": "Yes", "CONDITION": null, "WIDTH": null, "INSTALLDATE": null, "OWNEDBY": null, "MAINTBY": null, "LASTUPDATE": null, "LASTEDITOR": null, "Shape__Length": 1048.6984054607815, "GlobalID": "79383d9f-40b4-4355-b5ac-b41a03081d4a", "Status": null, "CreationDate": 1758910919998, "Creator": "aramirez91_GTFacilities", "EditDate": 1758910919998, "Editor": "aramirez91_GTFacilities"}}, {"type": "Feature", "id": 837, "geometry": {"type": "LineString", "coordinates": [[-84.3908549256657, 33.7714193461372], [-84.3919180862677, 33.7714176501876]]}, "properties": {"OBJECTID": 837, "FACILITYID": null, "SURFTYPE": null, "ADACOMPLY": "Yes", "CONDITION": null, "WIDTH": null, "INSTALLDATE": null, "OWNEDBY": null, "MAINTBY": null, "LASTUPDATE": null, "LASTEDITOR": null, "Shape__Length": 323.0735126213226, "GlobalID": "b430bd69-3bc5-4b77-8eee-f3ed9baf9447", "Status": null, "CreationDate": 1758910926403, "Creator": "aramirez91_GTFacilities", "EditDate": 1758910926403, "Editor": "aramirez91_GTFacilities"}}, {"type": "Feature", "id": 840, "geometry": {"type": "LineString", "coordinates": [[-84.3919643115923, 33.7714160212827], [-84.3921599954847, 33.7713943082745], [-84.3922373151579, 33.7711765396361], [-84.3920025430221, 33.7711858479735]]}, "properties": {"OBJECTID": 840, "FACILITYID": null, "SURFTYPE": null, "ADACOMPLY": "Yes", "CONDITION": null, "WIDTH": null, "INSTALLDATE": null, "OWNEDBY": null, "MAINTBY": null, "LASTUPDATE": null, "LASTEDITOR": null, "Shape__Length": 214.05951725233223, "GlobalID": "ea956543-14a1-4cfb-b882-58564b097fc1", "Status": null, "CreationDate": 1758910968053, "Creator": "aramirez91_GTFacilities", "EditDate": 1758910968053, "Editor": "aramirez91_GTFacilities"}}, {"type": "Feature", "id": 842, "geometry": {"type": "LineString", "coordinates": [[-84.3922373151579, 33.7711765396361], [-84.3929153374175, 33.7711929430067], [-84.3930344899233, 33.7712029276217], [-84.3934227283221, 33.7712463787681]]}, "properties": {"OBJECTID": 842, "FACILITYID": null, "SURFTYPE": null, "ADACOMPLY": "Yes", "CONDITION": null, "WIDTH": null, "INSTALLDATE": null, "OWNEDBY": null, "MAINTBY": null, "LASTUPDATE": null, "LASTEDITOR": null, "Shape__Length": 361.54688194489694, "GlobalID": "df8eef85-2c01-4d2c-9494-5111a626ff57", "Status": null, "CreationDate": 1758911053402, "Creator": "aramirez91_GTFacilities", "EditDate": 1758911053402, "Editor": "aramirez91_GTFacilities"}}, {"type": "Feature", "id": 843, "geometry": {"type": "LineString", "coordinates": [[-84.3908543144873, 33.7711846795626], [-84.3917510420553, 33.7711816742103]]}, "properties": {"OBJECTID": 843, "FACILITYID": null, "SURFTYPE": null, "ADACOMPLY": "Yes", "CONDITION": null, "WIDTH": null, "INSTALLDATE": null, "OWNEDBY": null, "MAINTBY": null, "LASTUPDATE": null, "LASTEDITOR": null, "Shape__Length": 272.500241195746, "GlobalID": "49cdc8c7-ebb8-445b-8032-90cec5253587", "Status": null, "CreationDate": 1758911129126, "Creator": "aramirez91_GTFacilities", "EditDate": 1758911129126, "Editor": "aramirez91_GTFacilities"}}, {"type": "Feature", "id": 844, "geometry": {"type": "LineString", "coordinates": [[-84.4058228605133, 33.7763842696344], [-84.4056625520331, 33.7762465517887], [-84.4054640215735, 33.7760929917441], [-84.4051872900449, 33.7758507383133], [-84.4050199663136, 33.7757082472083], [-84.4048852980561, 33.7755939803554], [-84.4046398159496, 33.7753746421326], [-84.404465130131, 33.7752191193607], [-84.4042527780636, 33.7750403088644], [-84.4040371958632, 33.7748534614754], [-84.4037273659073, 33.7745787178314], [-84.4034904429821, 33.7743766590195], [-84.403345691939, 33.7742563308638], [-84.4031583678679, 33.7741248648694], [-84.4030748110796, 33.7740714154459], [-84.4029287836584, 33.7739966370803], [-84.4028638396337, 33.7739824756195]]}, "properties": {"OBJECTID": 844, "FACILITYID": null, "SURFTYPE": null, "ADACOMPLY": "Yes", "CONDITION": null, "WIDTH": null, "INSTALLDATE": null, "OWNEDBY": null, "MAINTBY": null, "LASTUPDATE": null, "LASTEDITOR": null, "Shape__Length": 1258.8448203069906, "GlobalID": "d45cd975-8558-4d31-a059-a4f99ce6efcb", "Status": null, "CreationDate": 1758911414238, "Creator": "aramirez91_GTFacilities", "EditDate": 1758911414238, "Editor": "aramirez91_GTFacilities"}}, {"type": "Feature", "id": 845, "geometry": {"type": "LineString", "coordinates": [[-84.4028718755385, 33.7740288348971], [-84.4026251227502, 33.7739233925814]]}, "properties": {"OBJECTID": 845, "FACILITYID": null, "SURFTYPE": null, "ADACOMPLY": "Yes", "CONDITION": null, "WIDTH": null, "INSTALLDATE": null, "OWNEDBY": null, "MAINTBY": null, "LASTUPDATE": null, "LASTEDITOR": null, "Shape__Length": 84.2270592693919, "GlobalID": "73b0fbe0-a649-4c3a-bf59-1a8486425a69", "Status": null, "CreationDate": 1758911417714, "Creator": "aramirez91_GTFacilities", "EditDate": 1758911417714, "Editor": "aramirez91_GTFacilities"}}, {"type": "Feature", "id": 846, "geometry": {"type": "LineString", "coordinates": [[-84.4026251227502, 33.7739233925814], [-84.4025696820417, 33.7739056305327], [-84.4025440638808, 33.7738743092278], [-84.4025166733679, 33.7738388238696], [-84.40239209964, 33.7737883286272], [-84.4023001607786, 33.773758848869], [-84.4022601145366, 33.7737103984188], [-84.4021576174897, 33.7736836337458], [-84.4020004914929, 33.7736412889342], [-84.4016777197909, 33.7735536728425], [-84.4014621772847, 33.7735058005386], [-84.4011801582106, 33.7734606879192], [-84.4011585489858, 33.7734569095815], [-84.4010326172409, 33.7734313759713], [-84.4007537036401, 33.7733909757246], [-84.4003227151907, 33.7733193005283], [-84.3998828693064, 33.7732502292052], [-84.3996058941477, 33.7732051855014], [-84.3993311792339, 33.7731626128503], [-84.3991048291287, 33.7731286629743], [-84.3989313068975, 33.7731000700718], [-84.3986952489071, 33.7730617899468], [-84.3983255933587, 33.7729985166589], [-84.3980343575991, 33.7729583786355], [-84.3978115035545, 33.7729188476198], [-84.397647899254, 33.7728674405692], [-84.3974266384041, 33.7727881421153]]}, "properties": {"OBJECTID": 846, "FACILITYID": null, "SURFTYPE": null, "ADACOMPLY": "Yes", "CONDITION": null, "WIDTH": null, "INSTALLDATE": null, "OWNEDBY": null, "MAINTBY": null, "LASTUPDATE": null, "LASTEDITOR": null, "Shape__Length": 1650.4684047558508, "GlobalID": "b25947a7-9c94-452d-86b6-2c3a09188dfe", "Status": null, "CreationDate": 1758911548234, "Creator": "aramirez91_GTFacilities", "EditDate": 1758911548234, "Editor": "aramirez91_GTFacilities"}}, {"type": "Feature", "id": 847, "geometry": {"type": "LineString", "coordinates": [[-84.3968360382426, 33.7726331022767], [-84.3966492200042, 33.7726382338113]]}, "properties": {"OBJECTID": 847, "FACILITYID": null, "SURFTYPE": null, "ADACOMPLY": "No", "CONDITION": null, "WIDTH": null, "INSTALLDATE": null, "OWNEDBY": null, "MAINTBY": null, "LASTUPDATE": null, "LASTEDITOR": null, "Shape__Length": 56.80018085640946, "GlobalID": "e15450e7-c9d6-48a6-85e2-519aa2da3df7", "Status": null, "CreationDate": 1758911571535, "Creator": "aramirez91_GTFacilities", "EditDate": 1758911571535, "Editor": "aramirez91_GTFacilities"}}, {"type": "Feature", "id": 848, "geometry": {"type": "LineString", "coordinates": [[-84.3917510420553, 33.7711816742103], [-84.3920025430221, 33.7711858479735], [-84.3919643115923, 33.7714160212827], [-84.3919180862677, 33.7714176501876]]}, "properties": {"OBJECTID": 848, "FACILITYID": null, "SURFTYPE": null, "ADACOMPLY": "Yes", "CONDITION": null, "WIDTH": null, "INSTALLDATE": null, "OWNEDBY": null, "MAINTBY": null, "LASTUPDATE": null, "LASTEDITOR": null, "Shape__Length": 175.0558306172492, "GlobalID": "cd130043-7c81-4172-983c-8ae69e65eab6", "Status": null, "CreationDate": 1758911663831, "Creator": "aramirez91_GTFacilities", "EditDate": 1758911663831, "Editor": "aramirez91_GTFacilities"}}, {"type": "Feature", "id": 849, "geometry": {"type": "LineString", "coordinates": [[-84.3917624400394, 33.7710450665939], [-84.3917623270304, 33.7711818619107]]}, "properties": {"OBJECTID": 849, "FACILITYID": null, "SURFTYPE": null, "ADACOMPLY": "Yes", "CONDITION": null, "WIDTH": null, "INSTALLDATE": null, "OWNEDBY": null, "MAINTBY": null, "LASTUPDATE": null, "LASTEDITOR": null, "Shape__Length": 49.77569653852242, "GlobalID": "0f958b0a-7706-4e10-8f1f-79a6712eec70", "Status": null, "CreationDate": 1758911670817, "Creator": "aramirez91_GTFacilities", "EditDate": 1758911670817, "Editor": "aramirez91_GTFacilities"}}, {"type": "Feature", "id": 850, "geometry": {"type": "LineString", "coordinates": [[-84.3919643115923, 33.7714160212827], [-84.3919616720968, 33.7714808801582], [-84.3919236234866, 33.7714847798277], [-84.3919230622245, 33.7719493924199], [-84.3919129103577, 33.7721767860332], [-84.3919002460824, 33.7722659645287], [-84.391901263803, 33.7726548939977], [-84.3918980538492, 33.7730707571977], [-84.3918895961884, 33.773672120529], [-84.3918874429527, 33.7738407433215], [-84.3919079867078, 33.7738418175663]]}, "properties": {"OBJECTID": 850, "FACILITYID": null, "SURFTYPE": null, "ADACOMPLY": "Yes", "CONDITION": null, "WIDTH": null, "INSTALLDATE": null, "OWNEDBY": null, "MAINTBY": null, "LASTUPDATE": null, "LASTEDITOR": null, "Shape__Length": 899.0888634781055, "GlobalID": "e4483882-e5b2-49ea-97b7-0f5cb5bada5a", "Status": null, "CreationDate": 1758911711720, "Creator": "aramirez91_GTFacilities", "EditDate": 1758911711720, "Editor": "aramirez91_GTFacilities"}}, {"type": "Feature", "id": 851, "geometry": {"type": "LineString", "coordinates": [[-84.3953605635567, 33.7758828552634], [-84.3954241454185, 33.7758792236863]]}, "properties": {"OBJECTID": 851, "FACILITYID": null, "SURFTYPE": null, "ADACOMPLY": "Yes", "CONDITION": null, "WIDTH": null, "INSTALLDATE": null, "OWNEDBY": null, "MAINTBY": null, "LASTUPDATE": null, "LASTEDITOR": null, "Shape__Length": 19.365376083265936, "GlobalID": "176c26c0-282d-4d59-9dbb-790007d32ca2", "Status": null, "CreationDate": 1758911848896, "Creator": "aramirez91_GTFacilities", "EditDate": 1758911848896, "Editor": "aramirez91_GTFacilities"}}, {"type": "Feature", "id": 852, "geometry": {"type": "LineString", "coordinates": [[-84.4025983012879, 33.7760648512451], [-84.4023981953175, 33.7760486116914], [-84.4023911254095, 33.7761869863249]]}, "properties": {"OBJECTID": 852, "FACILITYID": null, "SURFTYPE": null, "ADACOMPLY": "Yes", "CONDITION": null, "WIDTH": null, "INSTALLDATE": null, "OWNEDBY": null, "MAINTBY": null, "LASTUPDATE": null, "LASTEDITOR": null, "Shape__Length": 111.48757603725633, "GlobalID": "883f6268-34cb-4393-a9f9-641a2f0e0f46", "Status": null, "CreationDate": 1758911938423, "Creator": "aramirez91_GTFacilities", "EditDate": 1758911938423, "Editor": "aramirez91_GTFacilities"}}, {"type": "Feature", "id": 853, "geometry": {"type": "LineString", "coordinates": [[-84.4025983012879, 33.7760648512451], [-84.4026047050959, 33.7758821256322], [-84.4026276043147, 33.7755787870042], [-84.4026512996208, 33.7754445615135]]}, "properties": {"OBJECTID": 853, "FACILITYID": null, "SURFTYPE": null, "ADACOMPLY": "Yes", "CONDITION": null, "WIDTH": null, "INSTALLDATE": null, "OWNEDBY": null, "MAINTBY": null, "LASTUPDATE": null, "LASTEDITOR": null, "Shape__Length": 226.4804508448166, "GlobalID": "e110dbf7-34fe-4e54-95ba-66e057035fac", "Status": null, "CreationDate": 1758911986427, "Creator": "aramirez91_GTFacilities", "EditDate": 1758911986427, "Editor": "aramirez91_GTFacilities"}}, {"type": "Feature", "id": 854, "geometry": {"type": "LineString", "coordinates": [[-84.4011687174837, 33.7783772921411], [-84.4011532016134, 33.7783898654664], [-84.4011353598903, 33.7784000628244], [-84.4011157077803, 33.7784075896025], [-84.4010948130539, 33.7784122283438], [-84.4010732793823, 33.7784138450299], [-84.4010517288972, 33.7784123929531], [-84.4010307842156, 33.7784079140654], [-84.4010110504522, 33.7784005377668], [-84.4009550004066, 33.7783943455551], [-84.4008985406911, 33.778391855191], [-84.4008420213625, 33.7783930821151], [-84.4007857928474, 33.7783980187204], [-84.400766189448, 33.7783948761987], [-84.4007462959464, 33.7783935031375], [-84.4007263407122, 33.7783939152991], [-84.4007065528233, 33.778396107952], [-84.4006871594371, 33.7784000559253], [-84.4006683831818, 33.7784057138981], [-84.4006504396016, 33.7784130169188], [-84.4006335346822, 33.7784218811518], [-84.4006183767689, 33.778428755422], [-84.4006023266765, 33.7784340317567], [-84.4005856248717, 33.7784376311044], [-84.4005685215854, 33.7784394995388], [-84.4005512730637, 33.7784396090665], [-84.4005341377288, 33.7784379580464], [-84.400517372307, 33.7784345712146], [-84.4005012279823, 33.7784294993135], [-84.400166917251, 33.7783782459009]]}, "properties": {"OBJECTID": 854, "FACILITYID": null, "SURFTYPE": null, "ADACOMPLY": "Yes", "CONDITION": null, "WIDTH": null, "INSTALLDATE": null, "OWNEDBY": null, "MAINTBY": null, "LASTUPDATE": null, "LASTEDITOR": null, "Shape__Length": 315.1370132525339, "GlobalID": "3a39c344-5073-4175-b323-0540204863a3", "Status": null, "CreationDate": 1758912179530, "Creator": "aramirez91_GTFacilities", "EditDate": 1758912235693, "Editor": "aramirez91_GTFacilities"}}, {"type": "Feature", "id": 855, "geometry": {"type": "LineString", "coordinates": [[-84.3993468189491, 33.7782235928344], [-84.399295386287, 33.7782138230285]]}, "properties": {"OBJECTID": 855, "FACILITYID": null, "SURFTYPE": null, "ADACOMPLY": "Yes", "CONDITION": null, "WIDTH": null, "INSTALLDATE": null, "OWNEDBY": null, "MAINTBY": null, "LASTUPDATE": null, "LASTEDITOR": null, "Shape__Length": 16.027337088986762, "GlobalID": "6b9b03ff-ae64-4b7b-9745-9e52401d21eb", "Status": null, "CreationDate": 1758912186769, "Creator": "aramirez91_GTFacilities", "EditDate": 1758912186769, "Editor": "aramirez91_GTFacilities"}}, {"type": "Feature", "id": 856, "geometry": {"type": "LineString", "coordinates": [[-84.3992528038115, 33.7782034973339], [-84.399295386287, 33.7782138230285]]}, "properties": {"OBJECTID": 856, "FACILITYID": null, "SURFTYPE": null, "ADACOMPLY": "Yes", "CONDITION": null, "WIDTH": null, "INSTALLDATE": null, "OWNEDBY": null, "MAINTBY": null, "LASTUPDATE": null, "LASTEDITOR": null, "Shape__Length": 13.473405985457404, "GlobalID": "37872b9d-59bd-4216-80d5-843db96c8875", "Status": null, "CreationDate": 1758912196820, "Creator": "aramirez91_GTFacilities", "EditDate": 1758912196820, "Editor": "aramirez91_GTFacilities"}}, {"type": "Feature", "id": 857, "geometry": {"type": "LineString", "coordinates": [[-84.3993468189491, 33.7782235928344], [-84.400166917251, 33.7783782459009]]}, "properties": {"OBJECTID": 857, "FACILITYID": null, "SURFTYPE": null, "ADACOMPLY": "Yes", "CONDITION": null, "WIDTH": null, "INSTALLDATE": null, "OWNEDBY": null, "MAINTBY": null, "LASTUPDATE": null, "LASTEDITOR": null, "Shape__Length": 255.46639422075432, "GlobalID": "8a754d01-97d6-45e1-b936-90b510f50abc", "Status": null, "CreationDate": 1758912206227, "Creator": "aramirez91_GTFacilities", "EditDate": 1758912206227, "Editor": "aramirez91_GTFacilities"}}, {"type": "Feature", "id": 858, "geometry": {"type": "LineString", "coordinates": [[-84.4000011226625, 33.7794610963018], [-84.4000214767873, 33.7793745903769], [-84.4001036107952, 33.7792820698983], [-84.4002059766495, 33.7791962004275], [-84.4002398205504, 33.7791561183932]]}, "properties": {"OBJECTID": 858, "FACILITYID": null, "SURFTYPE": null, "ADACOMPLY": "Yes", "CONDITION": null, "WIDTH": null, "INSTALLDATE": null, "OWNEDBY": null, "MAINTBY": null, "LASTUPDATE": null, "LASTEDITOR": null, "Shape__Length": 135.91914118720746, "GlobalID": "ca9e8aac-a0da-45a8-8160-03a718adc2a5", "Status": null, "CreationDate": 1758912262824, "Creator": "aramirez91_GTFacilities", "EditDate": 1758912262824, "Editor": "aramirez91_GTFacilities"}}, {"type": "Feature", "id": 859, "geometry": {"type": "LineString", "coordinates": [[-84.4042490525211, 33.7797623061473], [-84.4041094636283, 33.7797320854835]]}, "properties": {"OBJECTID": 859, "FACILITYID": null, "SURFTYPE": null, "ADACOMPLY": "Yes", "CONDITION": null, "WIDTH": null, "INSTALLDATE": null, "OWNEDBY": null, "MAINTBY": null, "LASTUPDATE": null, "LASTEDITOR": null, "Shape__Length": 43.81645054689554, "GlobalID": "0d77760d-28d3-499e-89b3-2c24b8ac64f3", "Status": null, "CreationDate": 1758912368594, "Creator": "aramirez91_GTFacilities", "EditDate": 1758912368594, "Editor": "aramirez91_GTFacilities"}}, {"type": "Feature", "id": 861, "geometry": {"type": "LineString", "coordinates": [[-84.4042826645251, 33.7797197899023], [-84.4042708598507, 33.7796080548005], [-84.4046757418664, 33.7796093366485], [-84.4047062979125, 33.7795890744188], [-84.4049284737271, 33.7795845224059], [-84.4049611312357, 33.7796096099998], [-84.4054178127986, 33.779595121389], [-84.4060236096124, 33.7795811660617], [-84.4060501338484, 33.7796945377876]]}, "properties": {"OBJECTID": 861, "FACILITYID": null, "SURFTYPE": null, "ADACOMPLY": "Yes", "CONDITION": null, "WIDTH": null, "INSTALLDATE": null, "OWNEDBY": null, "MAINTBY": null, "LASTUPDATE": null, "LASTEDITOR": null, "Shape__Length": 621.7452843809023, "GlobalID": "bd75e180-2f0b-4883-9f68-eccb666182f9", "Status": null, "CreationDate": 1758912413652, "Creator": "aramirez91_GTFacilities", "EditDate": 1758912413652, "Editor": "aramirez91_GTFacilities"}}, {"type": "Feature", "id": 862, "geometry": {"type": "LineString", "coordinates": [[-84.4042708598507, 33.7796080548005], [-84.4042283658123, 33.7795965918727], [-84.4041199936184, 33.779595993471]]}, "properties": {"OBJECTID": 862, "FACILITYID": null, "SURFTYPE": null, "ADACOMPLY": "Yes", "CONDITION": null, "WIDTH": null, "INSTALLDATE": null, "OWNEDBY": null, "MAINTBY": null, "LASTUPDATE": null, "LASTEDITOR": null, "Shape__Length": 46.49856189248106, "GlobalID": "117ef36b-51ab-436d-98c7-441f34b1b4aa", "Status": null, "CreationDate": 1758912433253, "Creator": "aramirez91_GTFacilities", "EditDate": 1758912433253, "Editor": "aramirez91_GTFacilities"}}, {"type": "Feature", "id": 863, "geometry": {"type": "LineString", "coordinates": [[-84.4040919222447, 33.7797153737724], [-84.4040895155418, 33.7796124756849]]}, "properties": {"OBJECTID": 863, "FACILITYID": null, "SURFTYPE": null, "ADACOMPLY": "Yes", "CONDITION": null, "WIDTH": null, "INSTALLDATE": null, "OWNEDBY": null, "MAINTBY": null, "LASTUPDATE": null, "LASTEDITOR": null, "Shape__Length": 37.448721787659466, "GlobalID": "3b7ef83e-0f73-400d-b27e-0c588e3d4cf5", "Status": null, "CreationDate": 1758912440850, "Creator": "aramirez91_GTFacilities", "EditDate": 1758912440850, "Editor": "aramirez91_GTFacilities"}}, {"type": "Feature", "id": 864, "geometry": {"type": "LineString", "coordinates": [[-84.3918802802936, 33.7754783944233], [-84.3918860798563, 33.7754084372945]]}, "properties": {"OBJECTID": 864, "FACILITYID": null, "SURFTYPE": null, "ADACOMPLY": "Yes", "CONDITION": null, "WIDTH": null, "INSTALLDATE": null, "OWNEDBY": null, "MAINTBY": null, "LASTUPDATE": null, "LASTEDITOR": null, "Shape__Length": 25.51623374370318, "GlobalID": "2567a747-a7a0-45ef-bd40-0705984256c0", "Status": null, "CreationDate": 1758912566834, "Creator": "aramirez91_GTFacilities", "EditDate": 1758912566834, "Editor": "aramirez91_GTFacilities"}}, {"type": "Feature", "id": 865, "geometry": {"type": "LineString", "coordinates": [[-84.3918859902059, 33.7753741782936], [-84.3920677726696, 33.7753740637161]]}, "properties": {"OBJECTID": 865, "FACILITYID": null, "SURFTYPE": null, "ADACOMPLY": "Yes", "CONDITION": null, "WIDTH": null, "INSTALLDATE": null, "OWNEDBY": null, "MAINTBY": null, "LASTUPDATE": null, "LASTEDITOR": null, "Shape__Length": 55.23747892577115, "GlobalID": "e16d945e-ed53-4ace-91af-bb8d96ee0b9e", "Status": null, "CreationDate": 1758912623458, "Creator": "aramirez91_GTFacilities", "EditDate": 1758912623458, "Editor": "aramirez91_GTFacilities"}}, {"type": "Feature", "id": 866, "geometry": {"type": "LineString", "coordinates": [[-84.3920931566809, 33.7753551944674], [-84.3921007627534, 33.7751472830915], [-84.3918869354515, 33.7751478565339]]}, "properties": {"OBJECTID": 866, "FACILITYID": null, "SURFTYPE": null, "ADACOMPLY": "Yes", "CONDITION": null, "WIDTH": null, "INSTALLDATE": null, "OWNEDBY": null, "MAINTBY": null, "LASTUPDATE": null, "LASTEDITOR": null, "Shape__Length": 140.66331715895012, "GlobalID": "0d957958-4930-43bc-9630-7b9a2e0cff6d", "Status": null, "CreationDate": 1758912635326, "Creator": "aramirez91_GTFacilities", "EditDate": 1758912635326, "Editor": "aramirez91_GTFacilities"}}, {"type": "Feature", "id": 867, "geometry": {"type": "LineString", "coordinates": [[-84.3915081471815, 33.7751900304195], [-84.391457243302, 33.7751737518555], [-84.3913596938836, 33.7750646673189], [-84.3913117331182, 33.7750379548296], [-84.3912805325173, 33.7750013161886], [-84.3912795252317, 33.7749938965248]]}, "properties": {"OBJECTID": 867, "FACILITYID": null, "SURFTYPE": null, "ADACOMPLY": "Yes", "CONDITION": null, "WIDTH": null, "INSTALLDATE": null, "OWNEDBY": null, "MAINTBY": null, "LASTUPDATE": null, "LASTEDITOR": null, "Shape__Length": 102.69656670877487, "GlobalID": "aba58b11-659d-438f-baae-6ad2c88d4fed", "Status": null, "CreationDate": 1758912655964, "Creator": "aramirez91_GTFacilities", "EditDate": 1758912655964, "Editor": "aramirez91_GTFacilities"}}, {"type": "Feature", "id": 868, "geometry": {"type": "LineString", "coordinates": [[-84.3913596938836, 33.7750646673189], [-84.3914533639978, 33.7750117212505], [-84.3914894631263, 33.7749792825822]]}, "properties": {"OBJECTID": 868, "FACILITYID": null, "SURFTYPE": null, "ADACOMPLY": "Yes", "CONDITION": null, "WIDTH": null, "INSTALLDATE": null, "OWNEDBY": null, "MAINTBY": null, "LASTUPDATE": null, "LASTEDITOR": null, "Shape__Length": 50.48386766572547, "GlobalID": "6d1fced7-7a29-4dd3-a020-41c471f2e20e", "Status": null, "CreationDate": 1758912666422, "Creator": "aramirez91_GTFacilities", "EditDate": 1758912666422, "Editor": "aramirez91_GTFacilities"}}, {"type": "Feature", "id": 869, "geometry": {"type": "LineString", "coordinates": [[-84.3986716186385, 33.7784754780292], [-84.3986756734031, 33.7783510524495]]}, "properties": {"OBJECTID": 869, "FACILITYID": null, "SURFTYPE": null, "ADACOMPLY": "Yes", "CONDITION": null, "WIDTH": null, "INSTALLDATE": null, "OWNEDBY": null, "MAINTBY": null, "LASTUPDATE": null, "LASTEDITOR": null, "Shape__Length": 45.29154052902416, "GlobalID": "a75536b4-5943-4cae-9a34-0b0b1e81f42b", "Status": null, "CreationDate": 1758912695121, "Creator": "aramirez91_GTFacilities", "EditDate": 1758912695121, "Editor": "aramirez91_GTFacilities"}}, {"type": "Feature", "id": 870, "geometry": {"type": "LineString", "coordinates": [[-84.3999025579002, 33.7790126715263], [-84.3997602770775, 33.7789355570453]]}, "properties": {"OBJECTID": 870, "FACILITYID": null, "SURFTYPE": null, "ADACOMPLY": "Yes", "CONDITION": null, "WIDTH": null, "INSTALLDATE": null, "OWNEDBY": null, "MAINTBY": null, "LASTUPDATE": null, "LASTEDITOR": null, "Shape__Length": 51.540202369239466, "GlobalID": "e064d594-fecd-4e40-9af3-948bafd96658", "Status": null, "CreationDate": 1758912853674, "Creator": "aramirez91_GTFacilities", "EditDate": 1758912853674, "Editor": "aramirez91_GTFacilities"}}, {"type": "Feature", "id": 871, "geometry": {"type": "LineString", "coordinates": [[-84.3897070546031, 33.7767657794411], [-84.3888147528671, 33.7767604425629], [-84.3888209230379, 33.7761056744654], [-84.3890724543097, 33.7761068624289]]}, "properties": {"OBJECTID": 871, "FACILITYID": null, "SURFTYPE": null, "ADACOMPLY": "Yes", "CONDITION": null, "WIDTH": null, "INSTALLDATE": null, "OWNEDBY": null, "MAINTBY": null, "LASTUPDATE": null, "LASTEDITOR": null, "Shape__Length": 585.8326565746452, "GlobalID": "f5afb0a6-1dfe-4f86-a347-3c8961b611cc", "Status": null, "CreationDate": 1759417284186, "Creator": "aramirez91_GTFacilities", "EditDate": 1759417284186, "Editor": "aramirez91_GTFacilities"}}, {"type": "Feature", "id": 872, "geometry": {"type": "LineString", "coordinates": [[-84.3993708972472, 33.7772761165428], [-84.3995568277445, 33.777266854784]]}, "properties": {"OBJECTID": 872, "FACILITYID": null, "SURFTYPE": null, "ADACOMPLY": "Yes", "CONDITION": null, "WIDTH": null, "INSTALLDATE": null, "OWNEDBY": null, "MAINTBY": null, "LASTUPDATE": null, "LASTEDITOR": null, "Shape__Length": 56.59710830764721, "GlobalID": "4278305b-221b-41a9-8580-781f3b4a3bad", "Status": null, "CreationDate": 1759417448585, "Creator": "aramirez91_GTFacilities", "EditDate": 1759417448585, "Editor": "aramirez91_GTFacilities"}}, {"type": "Feature", "id": 873, "geometry": {"type": "LineString", "coordinates": [[-84.4034742374291, 33.7805070956779], [-84.4033714993153, 33.7805068645032]]}, "properties": {"OBJECTID": 873, "FACILITYID": null, "SURFTYPE": null, "ADACOMPLY": "Yes", "CONDITION": null, "WIDTH": null, "INSTALLDATE": null, "OWNEDBY": null, "MAINTBY": null, "LASTUPDATE": null, "LASTEDITOR": null, "Shape__Length": 31.21686198875609, "GlobalID": "1e5c3f7e-7bfe-4b18-9e8d-6896cbe4f5a4", "Status": null, "CreationDate": 1759417520637, "Creator": "aramirez91_GTFacilities", "EditDate": 1759417520637, "Editor": "aramirez91_GTFacilities"}}, {"type": "Feature", "id": 874, "geometry": {"type": "LineString", "coordinates": [[-84.4041610658052, 33.7773359908132], [-84.4042760809179, 33.7773143191339], [-84.4042802247172, 33.7773447545094]]}, "properties": {"OBJECTID": 874, "FACILITYID": null, "SURFTYPE": null, "ADACOMPLY": "Yes", "CONDITION": null, "WIDTH": null, "INSTALLDATE": null, "OWNEDBY": null, "MAINTBY": null, "LASTUPDATE": null, "LASTEDITOR": null, "Shape__Length": 46.97287294693612, "GlobalID": "ed4d6cba-fe12-40b8-94d4-4336a6af4343", "Status": null, "CreationDate": 1759417546186, "Creator": "aramirez91_GTFacilities", "EditDate": 1759417546186, "Editor": "aramirez91_GTFacilities"}}, {"type": "Feature", "id": 875, "geometry": {"type": "LineString", "coordinates": [[-84.4039514750554, 33.77721972301], [-84.404174457297, 33.7772392340869], [-84.4042760809179, 33.7773143191339]]}, "properties": {"OBJECTID": 875, "FACILITYID": null, "SURFTYPE": null, "ADACOMPLY": "Yes", "CONDITION": null, "WIDTH": null, "INSTALLDATE": null, "OWNEDBY": null, "MAINTBY": null, "LASTUPDATE": null, "LASTEDITOR": null, "Shape__Length": 109.356976378801, "GlobalID": "0c68c9c4-7c7e-4874-847d-c7093dce126f", "Status": null, "CreationDate": 1759417554046, "Creator": "aramirez91_GTFacilities", "EditDate": 1759417554046, "Editor": "aramirez91_GTFacilities"}}, {"type": "Feature", "id": 876, "geometry": {"type": "LineString", "coordinates": [[-84.4025227982647, 33.7773448654132], [-84.4025272225104, 33.7772052317397]]}, "properties": {"OBJECTID": 876, "FACILITYID": null, "SURFTYPE": null, "ADACOMPLY": "Yes", "CONDITION": null, "WIDTH": null, "INSTALLDATE": null, "OWNEDBY": null, "MAINTBY": null, "LASTUPDATE": null, "LASTEDITOR": null, "Shape__Length": 50.82633637486499, "GlobalID": "627d4d71-0749-4d04-9859-46354e8137eb", "Status": null, "CreationDate": 1759417574518, "Creator": "aramirez91_GTFacilities", "EditDate": 1759417574518, "Editor": "aramirez91_GTFacilities"}}, {"type": "Feature", "id": 877, "geometry": {"type": "LineString", "coordinates": [[-84.4025268389313, 33.7772173434537], [-84.4023087497891, 33.7772480772003]]}, "properties": {"OBJECTID": 877, "FACILITYID": null, "SURFTYPE": null, "ADACOMPLY": "Yes", "CONDITION": null, "WIDTH": null, "INSTALLDATE": null, "OWNEDBY": null, "MAINTBY": null, "LASTUPDATE": null, "LASTEDITOR": null, "Shape__Length": 67.20539712786628, "GlobalID": "d6525267-f05d-4f32-b1c3-dc3a9322ec8b", "Status": null, "CreationDate": 1759417579441, "Creator": "aramirez91_GTFacilities", "EditDate": 1759417579441, "Editor": "aramirez91_GTFacilities"}}, {"type": "Feature", "id": 878, "geometry": {"type": "LineString", "coordinates": [[-84.4022991864452, 33.7773268628202], [-84.4025227982647, 33.7773448654132]]}, "properties": {"OBJECTID": 878, "FACILITYID": null, "SURFTYPE": null, "ADACOMPLY": "Yes", "CONDITION": null, "WIDTH": null, "INSTALLDATE": null, "OWNEDBY": null, "MAINTBY": null, "LASTUPDATE": null, "LASTEDITOR": null, "Shape__Length": 68.26149377627746, "GlobalID": "e03c1373-d4d4-49d9-a477-b724b1ef776d", "Status": null, "CreationDate": 1759417583996, "Creator": "aramirez91_GTFacilities", "EditDate": 1759417583996, "Editor": "aramirez91_GTFacilities"}}, {"type": "Feature", "id": 879, "geometry": {"type": "LineString", "coordinates": [[-84.4015290221772, 33.7770718300638], [-84.4015663747983, 33.776998516927], [-84.4014931044664, 33.7768911118975], [-84.4014880844475, 33.7766246509899], [-84.4014994054575, 33.7765780266906], [-84.4016424831507, 33.7765729746953]]}, "properties": {"OBJECTID": 879, "FACILITYID": null, "SURFTYPE": null, "ADACOMPLY": "No", "CONDITION": null, "WIDTH": null, "INSTALLDATE": null, "OWNEDBY": null, "MAINTBY": null, "LASTUPDATE": null, "LASTEDITOR": null, "Shape__Length": 231.76324635732715, "GlobalID": "5107dfe2-b3fd-46d3-b6e4-990d7d71e1c4", "Status": null, "CreationDate": 1759417668022, "Creator": "aramirez91_GTFacilities", "EditDate": 1759417668022, "Editor": "aramirez91_GTFacilities"}}, {"type": "Feature", "id": 880, "geometry": {"type": "LineString", "coordinates": [[-84.4011454664151, 33.7766392077091], [-84.4012336454218, 33.7765749002586], [-84.4014994054575, 33.7765780266906]]}, "properties": {"OBJECTID": 880, "FACILITYID": null, "SURFTYPE": null, "ADACOMPLY": "No", "CONDITION": null, "WIDTH": null, "INSTALLDATE": null, "OWNEDBY": null, "MAINTBY": null, "LASTUPDATE": null, "LASTEDITOR": null, "Shape__Length": 116.33572933236988, "GlobalID": "ba36a5a6-a82b-406e-9d50-00cc50d03b81", "Status": null, "CreationDate": 1759417674105, "Creator": "aramirez91_GTFacilities", "EditDate": 1759417674105, "Editor": "aramirez91_GTFacilities"}}, {"type": "Feature", "id": 881, "geometry": {"type": "LineString", "coordinates": [[-84.4008124950619, 33.7766547820743], [-84.4010618671604, 33.776517486683]]}, "properties": {"OBJECTID": 881, "FACILITYID": null, "SURFTYPE": null, "ADACOMPLY": "Yes", "CONDITION": null, "WIDTH": null, "INSTALLDATE": null, "OWNEDBY": null, "MAINTBY": null, "LASTUPDATE": null, "LASTEDITOR": null, "Shape__Length": 90.76102502029373, "GlobalID": "d2d97405-3b79-47fb-b0ff-5441d1e90359", "Status": null, "CreationDate": 1759417712332, "Creator": "aramirez91_GTFacilities", "EditDate": 1759417712332, "Editor": "aramirez91_GTFacilities"}}, {"type": "Feature", "id": 882, "geometry": {"type": "LineString", "coordinates": [[-84.3955046421057, 33.7788044953662], [-84.3955966784884, 33.7787964144775]]}, "properties": {"OBJECTID": 882, "FACILITYID": null, "SURFTYPE": null, "ADACOMPLY": "Yes", "CONDITION": null, "WIDTH": null, "INSTALLDATE": null, "OWNEDBY": null, "MAINTBY": null, "LASTUPDATE": null, "LASTEDITOR": null, "Shape__Length": 28.119751700592758, "GlobalID": "22c6ed2f-2772-45ee-89ee-a2fa8d5437b1", "Status": null, "CreationDate": 1759417797366, "Creator": "aramirez91_GTFacilities", "EditDate": 1759417797366, "Editor": "aramirez91_GTFacilities"}}, {"type": "Feature", "id": 883, "geometry": {"type": "LineString", "coordinates": [[-84.3993267141722, 33.7733345374524], [-84.3993311792339, 33.7731626128503]]}, "properties": {"OBJECTID": 883, "FACILITYID": null, "SURFTYPE": null, "ADACOMPLY": "Yes", "CONDITION": null, "WIDTH": null, "INSTALLDATE": null, "OWNEDBY": null, "MAINTBY": null, "LASTUPDATE": null, "LASTEDITOR": null, "Shape__Length": 62.572927357936216, "GlobalID": "8b54ac90-e48d-40c5-82aa-2c15b66c45b3", "Status": null, "CreationDate": 1759417885982, "Creator": "aramirez91_GTFacilities", "EditDate": 1759417885982, "Editor": "aramirez91_GTFacilities"}}, {"type": "Feature", "id": 884, "geometry": {"type": "LineString", "coordinates": [[-84.3993267141722, 33.7733345374524], [-84.3993394310915, 33.7734968811634]]}, "properties": {"OBJECTID": 884, "FACILITYID": null, "SURFTYPE": null, "ADACOMPLY": "Yes", "CONDITION": null, "WIDTH": null, "INSTALLDATE": null, "OWNEDBY": null, "MAINTBY": null, "LASTUPDATE": null, "LASTEDITOR": null, "Shape__Length": 59.19827923092135, "GlobalID": "0bd59bdf-a913-4415-b791-b72cd1801e17", "Status": null, "CreationDate": 1759417892004, "Creator": "aramirez91_GTFacilities", "EditDate": 1759417892004, "Editor": "aramirez91_GTFacilities"}}]}